دل,171
جهان,128
عبید,128
دست,108
غزل,108
شاه,96
دولت,91
جان,87
گل,69
زلف,62
عشق,61
فلک,61
چشم,58
خورشید,58
ملک,54
چرخ,53
کار,52
رباعی,51
دین,50
سلطان,49
یار,47
غم,47
مدح,47
رای,44
لطف,43
دور,43
قصیدهٔ,42
چمن,40
شیخ,40
عمر,39
باده,39
ترا,39
شب,38
بخت,38
خاک,37
روزگار,37
تیغ,37
وز,36
عقل,35
دگر,35
زمین,35
آفتاب,35
عیش,34
آب,33
آرد,33
کوی,32
کز,32
گر,32
نباشد,32
فکند,31
جاه,31
خسرو,31
اقبال,31
سپهر,30
گرد,29
همچو,29
درد,29
مهر,29
خاطر,29
ابواسحاق,29
عدل,29
ماه,28
پر,28
پادشاه,28
سایهٔ,28
زمانه,27
نسیم,27
قرض,27
کردهاند,27
قضا,27
میآید,27
طلب,26
خون,26
بهر,26
آسمان,26
بگشایند,26
امید,25
پیر,25
آتش,24
زان,24
صبا,24
صبح,24
پای,23
حد,23
ترک,23
تیر,23
زبان,23
کان,23
بادا,23
گردون,23
ره,22
وصل,22
دلم,22
روان,22
نظر,22
خیال,22
باغ,22
خلق,22
بحر,22
دریا,22
عید,22
روح,21
دامن,21
میشود,21
سرو,21
شمار,21
جمال,21
زین,21
جام,20
مدار,20
مه,20
کوه,20
خواب,20
بهار,20
گشت,20
بزم,20
وقت,19
مغان,19
بادهٔ,19
دنیا,19
غلام,19
وصف,19
شوق,19
میکرد,19
دهر,19
گوش,19
جود,19
خجسته,19
بلبل,19
گهی,19
عالم,19
فتح,19
طرب,18
کام,18
کرم,18
نفس,18
مست,18
عهد,18
خدا,18
زده,18
جوان,18
کامران,18
کشور,17
حاصل,17
لعل,17
سال,17
ابد,17
پناه,17
بند,16
زند,16
شراب,16
رخ,16
پریشان,16
بوی,16
زر,16
اندر,16
میرسد,16
سعادت,16
کلک,16
کرده_بود,16
دعای,16
جناب,16
کامکار,16
بندهٔ,15
نی,15
جفا,15
بنده,15
میگذرد,15
صبر,15
شمع,15
فرو,15
تخت,15
لاله,15
هرکه,15
ایوان,15
ابواسحق,15
خوریم,14
خرم,14
چنگ,14
قرار,14
خرد,14
دمی,14
چتر,14
شیر,14
قد,14
همت,14
حضرت,14
نمیشود,14
کاینات,14
تست,14
دیار,14
گذار,14
مسکین,14
زخم,14
وین,14
نهاد,14
فرمان,14
ایام,14
ساز,14
ابر,14
بلند,14
ایضا,14
خواهد_بود,14
غصهٔ,13
ساقی,13
سحر,13
ناز,13
دیوانه,13
نرگس,13
نتوان,13
ار,13
لحظه,13
دنیی,13
توام,13
برفت,13
کین,13
عزم,13
بده,13
دید,13
نمیکند,13
خدایگان,13
پناها,13
تاج,13
برسد,13
دشمن,12
آه,12
عکس,12
مستی,12
دام,12
عاشق,12
شادی,12
انداخت,12
شوریده,12
برون,12
شهر,12
تاب,12
احوال,12
زد,12
بیچاره,12
گشته,12
حدیث,12
کمان,12
دوش,12
اهل,12
یاد,12
خطهٔ,12
قصد,12
آستانهٔ,12
نثار,12
برق,12
صدق,12
نور,12
امان,12
شکوه,12
جلال,12
آستان,12
فیض,12
بازوی,12
خواجه,12
شاهد,11
سه,11
جائی,11
شکر,11
روزی,11
گذشت,11
دهان,11
رسد,11
بسوزد,11
سایه,11
شکایت,11
سودای,11
خسته,11
پادشاهی,11
پرتو,11
یاری,11
بوسه,11
سخن,11
نقش,11
نای,11
کردهام,11
گوئی,11
تن,11
حکم,11
دیدم,11
اویس,11
خم,11
غنچه,11
گردن,11
برد,11
افلاک,11
نصرت,11
ستاره,11
زینهار,11
درگه,11
جمشید,11
جرم,11
گردان,11
جوانبخت,11
عمیدالملک,11
مغانه,10
صوفی,10
میخانه,10
گدائی,10
کمر,10
کعبهٔ,10
میکشد,10
شدهام,10
هوس,10
پا,10
غنیمت,10
بوستان,10
دراز,10
ناله,10
ارغوان,10
خانه,10
گنج,10
محروم,10
جلوه,10
نهاده,10
مقام,10
نشاید,10
حمایت,10
رود,10
شاهی,10
بامداد,10
جوانی,10
سلیمان,10
سریر,10
پیمان,10
نتوانست,10
روشن,10
گشاده,10
رشک,10
فتنه,10
طاق,10
طبع,10
ظفر,10
گیتی,10
خدای,10
خصم,10
همای,10
خوردن,10
زهد,9
لاف,9
خیز,9
نبرد,9
سیاه,9
زنده,9
عنایت,9
موسم,9
خال,9
سودا,9
دوستان,9
بیقرار,9
آنم,9
منم,9
نهان,9
مراد,9
چین,9
کشید,9
انتظار,9
دلی,9
خراب,9
قوت,9
کف,9
رکن,9
کش,9
بستان,9
طالع,9
حیران,9
شعلهٔ,9
یزدان,9
میبرم,9
نمیرسیم,9
شه,9
فراز,9
علی,9
امر,9
عالی,9
کامرانی,9
جهانگشای,9
بارگاه,9
رایت,9
افتخار,9
دیدهٔ,8
کنج,8
جوش,8
حلقه,8
برداریم,8
رخت,8
عاشقان,8
کسیکه,8
خلاص,8
نازنین,8
سرم,8
نالهٔ,8
اوج,8
زلفش,8
وفا,8
عنبر,8
قصهٔ,8
جمله,8
صافی,8
شرح,8
عجز,8
منت,8
یادگار,8
روزه,8
مال,8
شیراز,8
کاری,8
برگ,8
گوشهای,8
گرفته_بود,8
ضمیر,8
چاکر,8
نمیرسد,8
هوای,8
فرصت,8
خیالش,8
می‌و,8
میکشید,8
صحرا,8
رحمت,8
بردارد,8
ببرد,8
مشگ,8
فخر,8
بلا,8
ریاحین,8
سیر,8
طرهٔ,8
شکار,8
خبر,8
میبینم,8
شهریار,8
ارکان,8
سوسن,8
وهم,8
ثانی,8
خنجر,8
چندانکه,8
ظلم,8
دعا,8
خاور,8
بندگی,8
آشیان,8
کیوان,8
حریم,8
شاهان,8
مسیر,8
میخندد,8
خورد,8
بدو,8
حسن,7
آشنائی,7
پائی,7
مجلس,7
صفائی,7
خروش,7
قدح,7
غمزهٔ,7
جهانی,7
عشقش,7
خلد,7
برین,7
دوست,7
هردم,7
نفسی,7
مده,7
مرد,7
تدبیر,7
پند,7
فریاد,7
بدر,7
بگذشت,7
خار,7
آرزو,7
جوی,7
سمن,7
ستم,7
خوشا,7
حاجت,7
تمنی,7
ذوق,7
حساب,7
میگرفت,7
میزد,7
نیک,7
گمان,7
پنهان,7
اختیار,7
نشد,7
خلایق,7
صاحب,7
خانهٔ,7
بتان,7
رندان,7
خرمی,7
غریب,7
دماغ,7
شاد,7
نمیتواند,7
حکایت,7
مینرود,7
بگشاید,7
گدا,7
بندگان,7
هرکسی,7
درگاه,7
نگار,7
قلم,7
نتابد,7
ناگه,7
راز,7
شکل,7
بگشاد,7
ور,7
امیدوار,7
تاجبخش,7
شکوفه,7
مباش,7
سرای,7
انعام,7
سپاه,7
کسان,7
عنان,7
خطاب,7
فال,7
دارا,7
رستم,7
علو,7
دارای,7
شرمسار,7
شاها,7
نوبهار,7
حاتم,7
بیمن,7
آشکار,7
حصار,7
یسار,7
قهر,7
رزم,7
قبهٔ,7
بستهاند,7
جهانگیر,7
همو,7
قران,7
ازل,7
بمان,7
ستایش,7
عدو,7
اطراف,7
جم,7
صحن,7
وزیر,7
حرص,6
شعله,6
چار,6
دعوی,6
مایهٔ,6
گره,6
دانه,6
افسانه,6
خوشست,6
هوش,6
بسته,6
دف,6
صفا,6
عاشقی,6
همنشین,6
میزند,6
حلقهٔ,6
زنجیر,6
آشفته,6
قدم,6
همایون,6
دلبر,6
قطرهٔ,6
اشگ,6
میدهد,6
ساغر,6
رویت,6
آزاد,6
چهرهٔ,6
فتد,6
سنبل,6
رخسار,6
طمع,6
بنه,6
رندی,6
صحبت,6
رسم,6
وصال,6
کمند,6
حیات,6
رنگ,6
بوسهای,6
آتشی,6
سوز,6
دریاب,6
جگر,6
عارض,6
اعتبار,6
موج,6
نرفت,6
حسرت,6
میکده,6
لشگر,6
توبه,6
معشوق,6
غیب,6
گلشن,6
عرضه,6
گرش,6
روا,6
سیه,6
بیار,6
مژدهٔ,6
خمار,6
علم,6
حالی,6
زن,6
مقیم,6
دستان,6
دریای,6
نگر,6
هوا,6
عار,6
نمود,6
همی,6
احسان,6
سبزه,6
اسباب,6
قصر,6
سرش,6
مانده,6
آوردیم,6
زار,6
غمگسار,6
پروردگار,6
مونس,6
شاهدان,6
آسودهایم,6
بنیاد,6
شاخ,6
بلائی,6
آمدی,6
قدرت,6
طارم,6
فرخ,6
سعد,6
سنان,6
دیوان,6
انجم,6
مشتری,6
تیز,6
بخشش,6
فروغ,6
کوهسار,6
لالهٔ,6
تتار,6
عرض,6
اطلس,6
خور,6
آنزمان,6
قهرمان,6
التجا,6
معدلت,6
یمن,6
شایگان,6
چوگان,6
حادثات,6
خاکسار,6
یمین,6
شعر,6
پایدار,6
عطای,6
شریف,6
رکنالدین,6
صدیق,6
اکبرست,6
عثمان,6
حیاست,6
مخور,6
زرق,5
چغانه,5
بال,5
التفات,5
هجر,5
میگردد,5
خوشتر,5
دانش,5
نوش,5
صبوحی,5
شوخ,5
نتوانم,5
غبار,5
میانهٔ,5
بلای,5
رها,5
پریشانی,5
باریک,5
شیوهٔ,5
آنک,5
محراب,5
زانکه,5
میبرد,5
گوشهٔ,5
آنست,5
چاره,5
آرم,5
گلستان,5
سامان,5
وگر,5
طبیعت,5
رهائی,5
بتی,5
شمایل,5
زنهار,5
هرگه,5
منست,5
درمان,5
معجز,5
عاقل,5
هرجا,5
بو,5
بگذار,5
عالمی,5
عود,5
لیک,5
اندیشهٔ,5
چشمش,5
بیخودی,5
جواب,5
مهیا,5
مقصود,5
فدای,5
آفاق,5
کناری,5
صفت,5
میسر,5
یاران,5
هرکجا,5
سپیدهدم,5
توست,5
پایان,5
نمیرود,5
ولیک,5
کافر,5
مسکن,5
ریز,5
آر,5
ماند,5
مذهب,5
خستهٔ,5
پایهٔ,5
نظری,5
دلش,5
وان,5
فصل,5
خسروی,5
نغمهٔ,5
نشسته,5
جانان,5
مردان,5
هوائی,5
منصور,5
قیامت,5
کشتن,5
زنان,5
همدم,5
ستان,5
نواز,5
سرکش,5
خدایا,5
افتد,5
گنجور,5
دوران,5
حشر,5
ابرو,5
ایزد,5
غنچهٔ,5
سگ,5
رضا,5
رشتهٔ,5
ندید,5
نازک,5
گشتم,5
نشست,5
مینا,5
قدس,5
مبارک,5
اساس,5
هلال,5
شام,5
مهابت,5
سخا,5
صریر,5
شجاع,5
نیزه,5
برآرد,5
محیط,5
پنداری,5
خدایگانا,5
سکندر,5
اقتدار,5
وقار,5
شعار,5
اجرام,5
شمشیر,5
رکاب,5
همعنان,5
مقدم,5
نوروز,5
دان,5
صیت,5
نوال,5
شاهوار,5
امن,5
جاودان,5
زرنگار,5
زنگبار,5
لالهزار,5
کردگار,5
بارگه,5
حملهٔ,5
بقای,5
اختران,5
سمند,5
اقلیم,5
نظام,5
سایبان,5
ناهید,5
نوربخش,5
حور,5
درت,5
باقی,5
خواجهٔ,5
کوس,5
پیکر,5
خرمن,5
رمضان,5
بنا,5
بهشت,5
کاخ,5
شتاب,4
گدایان,4
گرفتار,4
درآید,4
رقص,4
مرغ,4
آشیانه,4
خدائی,4
رند,4
فرزانه,4
منزل,4
جنت,4
مرو,4
ریائی,4
پوش,4
تسبیح,4
بجا,4
شامل,4
جدائی,4
لبت,4
یغما,4
میگوید,4
ببین,4
آتشین,4
دوای,4
خط,4
خوشت,4
عام,4
زحمت,4
عشقت,4
سوخته,4
واعظ,4
بیهده,4
نصیحت,4
پیرانه,4
پدر,4
یکدم,4
فارغ,4
گرت,4
نوای,4
بینوائی,4
نقاب,4
اسیر,4
گشای,4
فریب,4
سرکشی,4
امل,4
عادت,4
خوبان,4
کرمش,4
طاقت,4
آئین,4
وجه,4
زهرهٔ,4
وصلت,4
دلدار,4
باطل,4
شر,4
میگفت,4
نماز,4
بنوش,4
امتحان,4
موئی,4
ابروی,4
تمنا,4
بستن,4
خلاف,4
متاع,4
شرم,4
میهمان,4
نرود,4
مائیم,4
آرزوست,4
زندگانی,4
منصب,4
عیب,4
نکرد,4
خوان,4
کمال,4
آرزوی,4
خونین,4
فتاد,4
رباب,4
فقر,4
رقاب,4
بستهٔ,4
فراق,4
سفر,4
سیل,4
نگردد,4
وطن,4
میتوان,4
کوچه,4
سویدا,4
سینه,4
تنگ,4
شیدا,4
خاطرش,4
شمال,4
قامت,4
گدای,4
نغمه,4
افغان,4
میل,4
غمزه,4
موی,4
سالها,4
ناید,4
زنگ,4
ناتوان,4
خیل,4
کشیده,4
نعل,4
کرانه,4
مشکل,4
پیاله,4
سیمین,4
بینوا,4
گوییا,4
دلت,4
برگشاد,4
شنو,4
خاصیت,4
نشاط,4
کشان,4
درم,4
حرم,4
غوغا,4
زلفت,4
آشنا,4
مدعی,4
بانک,4
خجل,4
رونق,4
قرین,4
آستانت,4
نوبت,4
شبستان,4
مسیحا,4
کیست,4
هجران,4
آیین,4
نعره,4
بشنو,4
دمساز,4
بینم,4
نافهٔ,4
بت,4
آغاز,4
افزون,4
جانها,4
وه,4
سلطنت,4
تجلی,4
کرمت,4
زرد,4
گواه,4
دوا,4
قربان,4
میدانی,4
پیشانی,4
سرمست,4
سرها,4
نهد,4
جنبش,4
بلندی,4
گشا,4
اندیشه,4
فضای,4
والا,4
فیروز,4
بقا,4
عرصهٔ,4
دولتش,4
کلاه,4
فرقدان,4
فرق,4
سیم,4
تقدیر,4
دانا,4
گردش,4
محمد,4
بخشد,4
آواز,4
نوید,4
ندیم,4
نوک,4
طاعت,4
حصر,4
جویبار,4
جیش,4
شعاع,4
گهر,4
دشمنان,4
جلایری,4
صاحبقران,4
بیان,4
تایید,4
ورد,4
بید,4
شهنشاه,4
حمله,4
عمرت,4
قبلهٔ,4
حبش,4
چنار,4
اختصار,4
حیدر,4
معرکه,4
کارزار,4
ودین,4
نیلی,4
گوهر,4
بانگ,4
حادثهٔ,4
رایتش,4
ملازم,4
رفعت,4
بام,4
مقر,4
بنفشه,4
هرآنکه,4
حادثه,4
عین,4
تابان,4
پشتی,4
جوشن,4
اختر,4
مدد,4
جنات,4
افکند,4
پیشه,4
ثنای,4
هنر,4
فضل,4
ذات,4
زره,4
نقد,4
رخش,4
برنا,4
مخدوم,4
موافق,4
مزید,4
ایمن,4
عشرت,4
ناصر,4
خسروان,4
اسلام,4
حرام,4
وضیع,4
تربیت,4
کرمان,4
واندر,4
میسوزد,4
آز,3
مقیمان,3
جفای,3
اسیران,3
شمعی,3
آستانه,3
چمانه,3
زرین,3
چهره,3
بنمود,3
دلربائی,3
غره,3
پارسائی,3
بست,3
گنجیست,3
ویرانه,3
پروانه,3
اوفتاده,3
آریم,3
رائی,3
مبر,3
کاندر,3
صید,3
صبحدم,3
کنان,3
آغوش,3
دانهٔ,3
زاکانی,3
چاه,3
سلیم,3
رفتن,3
بشد,3
نو,3
جعد,3
سودائی,3
گذر,3
شک,3
تمنای,3
چونکه,3
مینهد,3
خرابات,3
هزیمت,3
سلسلهٔ,3
شبگیر,3
کفر,3
ایمان,3
خرامان,3
دامان,3
دلا,3
قناعت,3
دیوانگان,3
خوی,3
وصد,3
چشمی,3
کرشمه,3
خجالت,3
دلهای,3
کباب,3
جادوی,3
حباب,3
آنروز,3
والی,3
غمش,3
درویش,3
بزرگی,3
مطلب,3
گشتهام,3
دیگرم,3
مجرد,3
آتشم,3
منور,3
باک,3
سودمند,3
یوزه,3
برو,3
مشک,3
زو,3
سوار,3
بیچارگان,3
کهنه,3
منع,3
سود,3
کاروان,3
جرس,3
دلفریبی,3
مویت,3
سپر,3
کردهای,3
خاطری,3
خیالت,3
غزلی,3
عقلم,3
قوم,3
راهی,3
ملال,3
زوال,3
سؤال,3
جانم,3
بیخبر,3
نداد,3
نماند,3
مالک,3
کارخانهٔ,3
غرق,3
طوفان,3
میرود,3
آدمی,3
سرگشته,3
ندهد,3
معتکف,3
مستان,3
صومعه,3
جو,3
ثریا,3
دیدهام,3
میخواست,3
سلطانی,3
جانفزا,3
عالیش,3
طلعت,3
میپزد,3
نعیم,3
زیبا,3
بروی,3
مصلحت,3
ساقیا,3
دردی,3
ذکر,3
چشمت,3
ریش,3
حکایتی,3
شیفته,3
گرم,3
آینهٔ,3
زلفین,3
جامه,3
آستین,3
ختا,3
کشتگان,3
گیسوی,3
عشاق,3
مشوش,3
روایت,3
مکش,3
اعتماد,3
غمت,3
ترس,3
فسانه,3
مقرر,3
بربایم,3
باور,3
قبا,3
کیش,3
خندان,3
فراوان,3
نگه,3
پشیمان,3
داود,3
کیقباد,3
انده,3
علیالصباح,3
زاهد,3
نادان,3
نبیند,3
نیل,3
ثابت,3
بدار,3
اندازیم,3
مداوا,3
ساعت,3
مسلمان,3
گریان,3
بیدل,3
بیگانه,3
محرم,3
درآمد,3
بزن,3
کاسه,3
غرقهٔ,3
دلربا,3
تاراج,3
ندانم,3
رشگ,3
رحم,3
گفتار,3
جانبخش,3
دوائی,3
دانی,3
ننگ,3
محنت,3
تماشا,3
لعلش,3
دوستی,3
سرا,3
بیم,3
سعدی,3
دلبران,3
پرواز,3
گوشهنشین,3
آنکس,3
نیاز,3
کاورد,3
بیخود,3
بساز,3
عاجز,3
سازگار,3
سره,3
نگاری,3
گریز,3
عزیزم,3
انس,3
فردوس,3
رضوان,3
رنج,3
شست,3
قعر,3
مینگرم,3
معنی,3
سرفرازی,3
بزرگان,3
عفو,3
تهی,3
گناه,3
خداوندگار,3
مسجد,3
شمهای,3
عیشی,3
مطرب,3
قول,3
مسلمانی,3
باری,3
خنده,3
برده,3
نیم,3
خرقه,3
جلوهکنان,3
انجمن,3
گردی,3
توئی,3
دلنوازی,3
ببیند,3
درج,3
نامش,3
میبینی,3
مرده,3
غالیه,3
قوی,3
امیر,3
فزون,3
سیار,3
زور,3
نهی,3
حصول,3
غرض,3
خامهٔ,3
حاسد,3
کامروا,3
جلالالدین,3
مظفری,3
نشین,3
عرش,3
ببسته,3
خدمت,3
صدر,3
سخای,3
لرزه,3
سحاب,3
اینجو,3
غرقه,3
برنخاست,3
کافتاب,3
رام,3
مرکز,3
معزالدین,3
پادشه,3
گرز,3
بیکران,3
بندهایست,3
مفتاح,3
ترجمان,3
تابع,3
ضمان,3
ترتیب,3
کران,3
طرح,3
قدسیان,3
عزیمت,3
شفق,3
صفای,3
دلیکه,3
بختیار,3
بازو,3
کرار,3
ذوالفقار,3
سیاست,3
نان,3
مدر,3
پادشاهان,3
تتق,3
قضای,3
مدبران,3
سقف,3
مقرنس,3
نون,3
فایض,3
اخضر,3
کون,3
جوزا,3
نصر,3
تولی,3
عنصر,3
حس,3
بندگانت,3
انفاس,3
زرفشان,3
ختن,3
پدید,3
مغرب,3
سم,3
سلاطین,3
سرمد,3
پاسبان,3
اردوان,3
کوکبهٔ,3
شکست,3
یکسر,3
نیام,3
نشیمن,3
صنع,3
عطا,3
زمام,3
کفش,3
ویران,3
اثر,3
حیوان,3
کریم,3
فشان,3
کسب,3
نهیب,3
فزع,3
بهرام,3
پیک,3
کمینه,3
حکمت,3
برکنار,3
نسبت,3
درازی,3
مرتبه,3
معانی,3
کور,3
زهره,3
مربی,3
ناتوانی,3
گستر,3
معمار,3
جهاندار,3
کلکش,3
استوار,3
حلم,3
دلیران,3
پردلان,3
رعد,3
پیکان,3
اضطراب,3
تیغت,3
جنابت,3
ناب,3
دوام,3
شادمان,3
راغ,3
ممکنست,3
نعمت,3
فراغت,3
ملت,3
چترش,3
جاهت,3
قیاس,3
جاهش,3
شهاب,3
خوار,3
سماک,3
تهنیت,3
وزارت,3
الطاف,3
تشریف,3
عمید,3
مطربان,3
جسته,3
مکان,3
طائی,3
عمارت,3
گنبد,3
تعظیم,3
تو‌گر,3
شادمانی,3
زحل,3
انام,3
معین,3
درش,3
منظر,3
برجیس,3
قلعهٔ,3
یکباره,3
کسم,3
دستگاه,3
دولتست,3
نمای,3
روزم,3
سفید,3
محکوم,3
خیمه,3
چادر,3
ختم,3
عبرت,3
دری,3
نشستن,3
دارالامان,3
نبی,3
خوانندت,3
بسیست,3
میماند,3
افزاید,3
خواهد_کرد,3
میسوزند,3
می‌نگریزد,3
مشهور,3
خواهم_کردن,3
پنجهٔ,2
مترصد,2
فرصتی,2
زبانه,2
برافروزد,2
شرابخانه,2
قطره,2
جاودانه,2
پادشائی,2
پرده,2
دریافت,2
ارادتش,2
نمائی,2
شمعیست,2
بیابان,2
آدم,2
رهنمائی,2
بوریائی,2
وعظ,2
اسلامیان,2
صوفیان,2
بگوش,2
خاموش,2
نیستی,2
خروس,2
جانا,2
ران,2
تازیانه,2
نقل,2
زآنکه,2
بکشت,2
هندوی,2
ندانستم,2
زنگی,2
گیاه,2
عیشست,2
خطی,2
پرسد,2
سیاهش,2
نمیدهد,2
یکزمان,2
دوربین,2
خوشهچین,2
کویش,2
دلربای,2
ترسم,2
کشد,2
طبیب,2
خرابی,2
میجهد,2
شیدای,2
طلبی,2
زیبای,2
سبک,2
افسرده,2
بناگوش,2
دولتی,2
کشته,2
دیوانگیی,2
فراموش,2
افکن,2
واقعه,2
صنما,2
ناچار,2
تعبیر,2
وصالت,2
نرسد,2
کوته,2
مغیلان,2
مومیائی,2
نسرین,2
حیرت,2
خجلت,2
تب,2
شکلی,2
عتاب,2
جانهای,2
چشمهای,2
مستش,2
روزیکه,2
کامیاب,2
منیر,2
نماست,2
فتان,2
غماز,2
مزن,2
چارهٔ,2
میلش,2
شوریدگان,2
آشنایی,2
گدایی,2
عزلت,2
خرسند,2
خواجگی,2
مشو,2
روشنائی,2
ملامت,2
پسند,2
فرهاد,2
میشوم,2
حکایتیست,2
گزین,2
ترهات,2
توشه,2
توشهٔ,2
نجات,2
کعبه,2
سومنات,2
گفتا,2
شور,2
رمید,2
سازم,2
گریه,2
چشمهٔ,2
خرقهٔ,2
خاطرم,2
حقیقت,2
مجاز,2
مینکند,2
بتم,2
لابه,2
عیار,2
ابرویت,2
سرشگ,2
افواه,2
وعده,2
مگوی,2
حالیا,2
مسافران,2
مجال,2
بسست,2
بوس,2
هوشیار,2
برشکن,2
بهره,2
وصمت,2
حلال,2
مپرس,2
پایمال,2
ذوالجلال,2
برست,2
درویشی,2
غریبی,2
هرکو,2
عمرم,2
نیافت,2
بسر,2
خلوتی,2
بربط,2
عمری,2
اعتباری,2
کارگاه,2
سرگردان,2
روزگاری,2
سرپنجهٔ,2
غمی,2
دیدن,2
جگرم,2
مجنون,2
قبلهام,2
بتانست,2
ابروئی,2
مرهم,2
حوالی,2
بوریا,2
کوش,2
مپندار,2
نااهلان,2
میدید,2
میسوخت,2
چشمم,2
زلال,2
محال,2
وزین,2
دوایی,2
نوایی,2
میرویم,2
حرمان,2
صلایی,2
رسی,2
شمشاد,2
برگذری,2
خرمست,2
جادو,2
غنیمتست,2
تبرا,2
جامی,2
رنجه,2
بهای,2
می‌گلگون,2
مستمند,2
سینهٔ,2
سنبل‌تر,2
دولتم,2
بنماید,2
کروبیان,2
توفیق,2
شخص,2
گریبان,2
هامون,2
غمزهاش,2
خوبی,2
ماجرا,2
غش,2
کشاکش,2
میشد,2
غلط,2
خونابه,2
غایت,2
گفتهام,2
خشم,2
داند,2
سجدهگاه,2
عشوهٔ,2
پیغام,2
مخوان,2
دستم,2
معطر,2
ندیدم,2
جولان,2
خاطرها,2
گوهربار,2
بیسامان,2
جیب,2
ساله,2
سخندان,2
هرزه,2
می‌از,2
همانست,2
قباد,2
سیاووش,2
شبانه,2
عزیزان,2
اعتقاد,2
نوا,2
قلندرانیم,2
مشتی,2
هیچمان,2
سکهٔ,2
حلقهای,2
آزار,2
کیائی,2
گشتن,2
ضامن,2
نوائی,2
گشایش,2
خارا,2
سرد,2
نیرنگ,2
عهدیست,2
پاش,2
عشقست,2
زندان,2
دستش,2
انکارش,2
اسرار,2
زنار,2
آلود,2
بیدار,2
انکار,2
کلاله,2
چکاوک,2
دلخسته,2
عروس,2
گلگون,2
خنک,2
بهاری,2
عبیدوار,2
دلشده,2
ساحل,2
مرادی,2
میداد,2
مدتی,2
بیقراری,2
ناسازگار,2
شکنم,2
بازم,2
گشته_بود,2
دلسوز,2
بازش,2
انعامش,2
ارواح,2
میدمد,2
میزنند,2
بینوایان,2
نکشد,2
خواری,2
دلسوخته,2
درونم,2
دود,2
میکشت,2
تواش,2
احیا,2
شوقش,2
بشکست,2
پیمانی,2
نومید,2
بتافت,2
معذور,2
ریا,2
سالوس,2
نورزد,2
ندانند,2
اندوه,2
همسر,2
کاین,2
افتاد,2
مسکنت,2
دلیست,2
گزیده,2
نیکوان,2
نکو,2
چنانم,2
وار,2
رنگین,2
تماشای,2
تحسین,2
بنای,2
خستگان,2
بسوختیم,2
قفا,2
بوسیست,2
کشت,2
پیچ,2
مانده_است,2
بینیازی,2
بییار,2
درماندهایم,2
آبی,2
مژهٔ,2
فصلی,2
کوهی,2
رغم,2
خلوت,2
خلعت,2
میر,2
دوزخ,2
پیری,2
مینالد,2
مستت,2
بیمار,2
نیاید,2
نشانهٔ,2
دائم,2
فکنده,2
نامهٔ,2
پایمردی,2
محض,2
اله,2
عذر,2
لذت,2
ضیا,2
غرور,2
گنه,2
نامه,2
ماندهام,2
مبتلای,2
سهو,2
زاهدان,2
منکر,2
رهبان,2
بگرفته,2
ترکش,2
شبی,2
کیسه,2
آرند,2
شیرازیم,2
رهروان,2
دربان,2
کنه,2
درخشان,2
واله,2
دهنیم,2
جفاهای,2
دزدی,2
توکل,2
کردهایم,2
رفتم,2
میروم,2
گران,2
پیشش,2
نگارا,2
ساختن,2
کورا,2
دیدهای,2
سوختن,2
صف,2
برویش,2
آویخته,2
ببینی,2
سحرگاه,2
سرخوش,2
بلبلان,2
هریک,2
بلائیست,2
کاریست,2
ساده,2
خرده,2
حوصله,2
گلرخ,2
شغل,2
عافیت,2
مبتلی,2
آبروی,2
جهل,2
پگاه,2
طراوت,2
قاضی,2
دلپذیر,2
بود‌گر,2
شهریاری,2
گیسو,2
کمندی,2
میانی,2
هجرت,2
جانفزائی,2
ابرویش,2
بوئی,2
بازی,2
بیفشانی,2
جانش,2
ریزد,2
دریابم,2
آسانی,2
برخاستی,2
شانه,2
زدی,2
غوغای,2
فتنهٔ,2
خاست,2
لبش,2
پادشا,2
گشتی,2
طراز,2
لطفش,2
حقهٔ,2
فشاند,2
مخدرات,2
سا,2
هفتم,2
ازو,2
نما,2
حسام,2
چهارم,2
قیصر,2
خالی,2
دلاویز,2
لعبتان,2
رگ,2
پیشگاه,2
مثال,2
توامان,2
مقصد,2
موجبست,2
تفکر,2
سیما,2
حاصلات,2
غافل,2
نجوم,2
قدسی,2
امین,2
خزانهٔ,2
اعضا,2
بمانی,2
صباح,2
پرستان,2
متاب,2
بنشان,2
ممالک,2
نهنگ,2
شدست,2
ملوک,2
صواب,2
طناب,2
جمالالدین,2
خوشوقت,2
گفتههای,2
پایه,2
خلقی,2
خاکی,2
چندانت,2
دبیر,2
خردهدان,2
ارزاق,2
آشوب,2
جملهٔ,2
مستجاب,2
عندلیب,2
امرش,2
ببست,2
ناطقه,2
لجهٔ,2
جاوید,2
کسوت,2
روحانیان,2
رخنه,2
شرار,2
نورسته,2
عقد,2
فسانهٔ,2
حوران,2
آبدار,2
خوشگوار,2
مالامال,2
سختی,2
تکیه,2
مستعار,2
درگذرد,2
گوشه,2
جبرئیل,2
عاطفت,2
حسود,2
طلبد,2
اشارت,2
نتواند,2
محاسب,2
بندند,2
روزهٔ,2
می‌خوشگوار,2
شمیم,2
دلفکار,2
مجاهزان,2
ثنا,2
لیل,2
نهار,2
بختی,2
اعدای,2
کینه,2
مبارزان,2
پیاپی,2
آوردهاند,2
گشتهاند,2
پیراهن,2
گستردهاند,2
مدور,2
خضرا,2
بردهاند,2
قندیل,2
بن,2
محمودشاه,2
قسم,2
عرشیان,2
نقشبندان,2
رایش,2
درگهش,2
خاص,2
گفتهاند,2
دعاهای,2
اثرها,2
پرتوی,2
پایت,2
توتیای,2
لشگری,2
بوقلمون,2
خرام,2
آواره,2
پاک,2
زراندود,2
صدهزار,2
شهنشهی,2
کبریا,2
حیا,2
ازلش,2
دمید,2
بسکه,2
پیام,2
پروانهٔ,2
گهربار,2
عدوی,2
ریسمان,2
شده_بود,2
همتت,2
میدان,2
نشاند,2
محل,2
خاکرا,2
قدرش,2
جهانرا,2
سهل,2
دشوار,2
جهنم,2
ساخت,2
بگذرد,2
متمایل,2
مو,2
بنشیند,2
نوشیروان,2
بنالد,2
فغان,2
دمیکه,2
سرگران,2
دائما,2
عالمست,2
منظور,2
گلرنگ,2
نقشبند,2
فشانی,2
کهینه,2
صاعقه,2
سگان,2
گشاد,2
مرغزار,2
گرداند,2
خزاین,2
بیتی,2
بلندش,2
برخیزد,2
خسرویکه,2
سموم,2
قهرش,2
آنی,2
موکب,2
نهم,2
بازار,2
امکان,2
مژده,2
حرز,2
منال,2
امیدها,2
مرتبهٔ,2
انباز,2
سنانش,2
تربیتی,2
سزد,2
نیاورد,2
بندهای,2
اعدا,2
نبست,2
نافههای,2
دعاگو,2
آنچنانکه,2
عدن,2
مهربان,2
گوشوار,2
نامدار,2
جد,2
تیغش,2
معجزیست,2
اضطرار,2
مسرعیست,2
نقاش,2
بوجود,2
بسان,2
هیبت,2
یلان,2
پشته,2
همهکس,2
بستانیم,2
خاصه,2
مظهر,2
افروز,2
اسبان,2
کلهٔ,2
سکون,2
رومی,2
سیمگون,2
گرداب,2
نورانی,2
شهریاران,2
خالق,2
اهتمام,2
تارک,2
خزان,2
ابری,2
رایات,2
کشوری,2
جودش,2
پذیر,2
بزمت,2
میبخشی,2
میبودند,2
بارگاهت,2
تکرار,2
صدای,2
شکوهش,2
امرت,2
حدیقهٔ,2
مطیع,2
جهانت,2
فارس,2
زبدهٔ,2
کانی,2
بنان,2
نسخهٔ,2
منسوخ,2
عرق,2
برکشید,2
شرع,2
احمد,2
برتر,2
کوکب,2
زویکی,2
تیره,2
کردار,2
پرگار,2
مرحبا,2
نوح,2
نسر,2
کشف,2
اندرین,2
مخالف,2
چاکریست,2
طایر,2
جنس,2
اعلی,2
قبلهگاه,2
سپاهش,2
یقین,2
بسوز,2
نشینان,2
جلالست,2
منزه,2
سروری,2
مستقیم,2
تصور,2
سیراب,2
آتشیست,2
هزاران,2
آینه,2
عنا,2
بزی,2
شمسهٔ,2
قاصر,2
رسان,2
طلوع,2
مشرق,2
سواد,2
افشان,2
سدره,2
کرهٔ,2
نفاذ,2
بسیط,2
وانکس,2
کلید,2
جنیبه,2
کبریای,2
آصف,2
پرچم,2
سای,2
نباشدم,2
ببینم,2
لقای,2
رهنمای,2
معرضی,2
فریدون,2
جنابش,2
نامت,2
معلی,2
خنیاگر,2
دستت,2
دشمنت,2
مرسوم,2
فرخنده,2
نهادهاند,2
فرخی,2
حلت,2
دلبری,2
عشرتست,2
چوبک,2
همش,2
حرف,2
بنگر,2
باب,2
شرحش,2
نکبت,2
بزد,2
بهم,2
ثبات,2
خرج,2
وزیری,2
گهم,2
خواجه‌ای,2
سیلاب,2
افسر,2
خسروا,2
بیتکی,2
تبه,2
تنگی,2
گم,2
معمور,2
تضمین,2
تفاوت,2
مناجات,2
ادای,2
خشک,2
زآنچه,2
ظهیر,2
کمترین,2
لایق,2
ریشهای,2
سرخریش,2
نهایم,2
عذاب,2
بردیم,2
دهن,2
ثناخوان,2
وانگه,2
ترکتازی,2
خوشه,2
ذره,2
حشو,2
مصطفی,2
می‌زنند,2
صادق,2
بباخت,2
بدست,2
حشواست,2
بشر,2
نیکو,2
قومی,2
نشستهام,2
موزه,2
ترجیع,1
دریابیم,1
بشتابیم,1
دوزیم,1
برتابیم,1
میکدهایم,1
محرابیم,1
خشمیم,1
نز,1
تابیم,1
ناموسیم,1
اسبابیم,1
یکروان,1
رنگیم,1
شیخکان,1
قلابیم,1
همیگردیم,1
عاشقانه,1
جرعهای,1
بچشید,1
دمم,1
حریفی,1
خودستائی,1
بدید,1
افزوده_بود,1
وصلش,1
گشائی,1
مدهوش,1
عارفان,1
زدند,1
باختیم,1
افسون,1
امروز‌گر,1
دانشی,1
ورزیدن,1
مفلس,1
منه,1
خانقه,1
وفائی,1
ازرق,1
لوت,1
سفره,1
زانو,1
گربهٔ,1
میران,1
میکن,1
ناگاهی,1
برکشد,1
آشام,1
خراباتیان,1
عشوه,1
فروش,1
میخانهٔ,1
بادههای,1
اسب,1
نخوریم,1
برگیریم,1
خمارخانه,1
بیگناه,1
سیب,1
زنخدان,1
خالش,1
کاسیر,1
دماغم,1
فتادم,1
نمیباشد,1
انتباه,1
برتابم,1
گور,1
بردمد,1
بمیرم,1
امیدگاه,1
آشتی,1
گرنه,1
وا,1
زنگیان,1
نمیکنند,1
پریشانست,1
نازکست,1
چها,1
زینسان,1
دیدمش,1
خردم,1
مجاورم,1
مینگرد,1
بیگانهوار,1
آشنای,1
بیجرم,1
درکشیده,1
قفای,1
جورش,1
نمیکنم,1
گفتگو,1
ماجرای,1
ضروری,1
نهادهایم,1
فارغست,1
بسوزدش,1
سنگین,1
بریزی,1
بجای,1
اصل,1
پرس‌گر,1
قبلهگه,1
نباد,1
ترسای,1
لولی,1
وشیم,1
وسجده,1
چلیپای,1
رطل,1
گرانرا,1
ننهی,1
متحیر,1
دردانه,1
میپندارد,1
کالتفاتست,1
می‌مهر,1
پیمانه,1
شنوم,1
سان,1
نمودند,1
برآورد,1
ننشینیم,1
شکند,1
قدست,1
عارفی,1
ابلهی,1
رهت,1
بشکند,1
خسان,1
نازکتر,1
گل‌تر,1
خوشبوتر,1
گلاب,1
رعناتر,1
نازندهتر,1
سروسهی,1
ملاحت,1
روئی,1
لعلی,1
جانفزاش,1
حلقههای,1
مشکین,1
تابدار,1
نیمخواب,1
زانوئی,1
بادهای,1
بهرهمندم,1
منتهاست,1
نیش,1
حاکم,1
فرمانرواست,1
پرچین,1
لعبت,1
دعاست,1
کشدت,1
رضاست,1
رهایی,1
پارسایی,1
رمیدهٔ,1
رسوایی,1
شکستهایست,1
مومیایی,1
عقبی,1
فراغتی,1
خداشناس,1
خلقش,1
قانعم,1
کاو,1
پادشایی,1
ریایی,1
قلندریست,1
حریف,1
کدخدایی,1
نمودن,1
برگشتن,1
ربائی,1
محققست,1
عطائی,1
میورزند,1
دلداده,1
گزند,1
طریقهٔ,1
مقید,1
تعلقست,1
رغبت,1
نوشدارو,1
قند,1
برفشان,1
سپند,1
داوری,1
بغیر,1
پروای,1
میزنم,1
خموشی,1
صابری,1
ممکنات,1
ناموس,1
بگذر,1
زیار,1
تنگنای,1
زکوة,1
سرمستم,1
جمالش,1
میگذشت,1
دودآسای,1
مجمر,1
دردش,1
دلنواز,1
چارهساز,1
بریخت,1
سالوسم,1
محترز,1
احتراز,1
جرست,1
بیجواز,1
چرده,1
نمک,1
لطافت,1
دندان,1
می‌پرستی,1
رقیب,1
طنز,1
بیوفائی,1
سنگینش,1
دوستیش,1
محک,1
سنبلی,1
عذارت,1
آوازه,1
نا,1
صفتی,1
ضعیفیم,1
میکشی,1
صیدی,1
نکتهٔ,1
آنچ,1
مردمان,1
میجست,1
بگفتمت,1
ایدوست,1
بستهای,1
نمیدهی,1
تقاضا,1
بوالعجبیهای,1
شرمسارم,1
طعنه,1
شدنم,1
غریبیم,1
شکیب,1
بکوش,1
دامنش,1
بیطلب,1
نورزم,1
می‌نخورم,1
بیشم,1
نخواهد_و,1
خواندنت,1
راندن,1
طریقی,1
قبلهایست,1
قبله,1
وبال,1
کعبتین,1
تزلزل,1
ممسکان,1
لقمه,1
طریقت,1
تابدادهٔ,1
فتنهای,1
فتادهاند,1
رس,1
احتمال,1
اشتیاق,1
قتیل,1
بیامد,1
نیامد,1
کامی,1
شوری,1
قرابهٔ,1
حریفان,1
نمیگذرد,1
هوست,1
وضو,1
آفتابه,1
مسلم,1
هیچش,1
عیشش,1
دلان,1
اختیاری,1
عاریست,1
عاری,1
جانانم,1
هجرانم,1
درمانم,1
میپویم,1
بادیه,1
مغیلانم,1
خوناب,1
سرشک,1
بارانم,1
بهل,1
برود,1
سامانم,1
سوخت,1
نادیدن,1
یارانم,1
نخوانیم,1
زدهٔ,1
پریروئی,1
گیسوئی,1
کوئی,1
نشانی,1
بازوئی,1
مرض,1
دارو,1
علاجی,1
مژه,1
داروئی,1
اعضای,1
ناوکی,1
جادوئی,1
ورائی,1
کدورتی,1
گریزانم,1
مگذر,1
فراغ,1
مستغنی,1
امیری,1
عوض,1
قضائی,1
دوشم,1
دودم,1
زآن,1
کاطراف,1
خانهاش,1
برم,1
هلاک,1
سهی,1
سرویست,1
حوالیش,1
هیهات,1
دردا,1
بانگدرایی,1
نمیبریم,1
جهدی,1
دعایی,1
بالاش,1
بلایی,1
مصلی,1
مقامی,1
ملکی,1
درنگری,1
شاهدیست,1
عاشقیست,1
دلداریست,1
مزاج,1
ضعیف,1
بیبنیاد,1
خواهی_کن,1
میگویند,1
ننهاد,1
صبوری,1
نمیآید,1
ماوی,1
روشنست,1
خرابیم,1
پختهای,1
خامی,1
نکونامی,1
بدنامی,1
مطربی,1
گلی,1
اندامی,1
بادامی,1
گامی,1
اگرت,1
گرو,1
سجاده,1
نشوی,1
دامی,1
دروغ,1
شیرینم,1
هلا,1
نکته,1
باریکست,1
تنم‌گر,1
لبم,1
مضایقه,1
اصحابنا,1
بدیدم,1
زبانم,1
شهد,1
هرگزم,1
میباش,1
قدیم,1
نداریدیم,1
روحانیون,1
نیندازم,1
ببخشاید,1
کبر,1
نیالاید,1
صیقل,1
بزداید,1
ورم,1
براند,1
اوراست,1
فرماید,1
نوازشی,1
نرهد,1
نیاساید,1
اشکم,1
جیحون,1
شبگون,1
ضعیفم,1
اشکریزان,1
اشکش,1
میدواند,1
آهش,1
لشکر,1
شبیخون,1
بلابین,1
دمبهدم,1
تیری,1
پیکانش,1
خمیده,1
نگیرد,1
نپرسد,1
عیبش,1
عشقیم,1
عقلی,1
صبری,1
لعلت,1
یکایک,1
هرلحظه,1
میافتاد,1
سینهام,1
مهوش,1
خونریز,1
صفحهٔ,1
منقش,1
مردیم,1
واحسرتا,1
شوخچشم,1
سرایت,1
زنم,1
کاندیشهای,1
گاهگاه,1
هیچست,1
بلبلصفت,1
اشارتی,1
خواهم_زد,1
فسرده,1
فسون,1
بیچمانه,1
بیصورتش,1
مصور,1
تقریر,1
سعادتیست,1
ببازم,1
پایش,1
اوفتم,1
مینگردد,1
وصفش,1
فسانهایست,1
نمیآورد,1
بیمطرب,1
برادر,1
عرقچین,1
مقبل,1
هندویی,1
زیباست,1
نیکی,1
کرده_باشد,1
پریرویان,1
دینی,1
نوشینش,1
میتابد,1
نمیگویم,1
بنوازم,1
نرم,1
کارهای,1
سختش,1
کآفتابش,1
غلغل,1
مردهٔ,1
گذرد,1
زمزم,1
مرغان,1
گذاشت,1
شاددار,1
ریخت,1
زیست,1
می‌مغانه,1
گریزد,1
بستاند,1
می‌بر,1
می‌به,1
نتیجه,1
عاقلانه,1
فتانش,1
سحرگهان,1
برخیزی,1
بنگ,1
ماهتاب,1
بیتک,1
گفته_است,1
جوقی,1
خویشیم,1
زروی,1
ظاهر,1
طبل,1
مجردانیم,1
کیسهٔ,1
دینار,1
بقم,1
نخواهیم_آزار,1
شرط,1
پاکبازان,1
ایدل,1
بقائی,1
متاعی,1
تراست,1
قارونی,1
عبائی,1
آخرتت,1
میدارد,1
نفس‌گر,1
اینست,1
راضی,1
بیبرگ,1
مخلوق,1
شوقت,1
دیوانهٔ,1
سنگ,1
اینکار,1
سرت,1
جانت,1
پنهانت,1
حذر,1
اینت,1
بفسرد,1
آنت,1
دستانت,1
نیفروز,1
شبستانت,1
گریبانت,1
بستی,1
هجرانت,1
سودت,1
آنگاهی,1
نامسلمانت,1
وداع,1
فراقش,1
طبیبم,1
نمیدانم,1
میرم,1
بارش,1
رازش,1
نهفتن,1
جرمش,1
بیدلدار,1
همدمی,1
اغیار,1
سرمستان,1
مستوران,1
نگفت,1
بردار,1
کوشید,1
کازمود,1
جست,1
دیوار,1
التماس,1
زردم,1
کاب,1
غافلی,1
سرمستی,1
بندد,1
صباش,1
غلاله,1
وجوه,1
میم,1
میترسم,1
میفروشم,1
قباله,1
جهد,1
سحری,1
نشیند,1
می‌کان,1
پنجاه,1
بیداد,1
زیبد,1
خردمند,1
مبتلائیست,1
خلاصش,1
سلاسل,1
بازپسین,1
خواهد_که,1
ساعد,1
بوسیدن,1
قاتل,1
دردسری,1
میانه,1
نگرفت,1
شوخت,1
فکار,1
بیقرارش,1
رساند,1
نازنینی,1
آیدم,1
سگی,1
نسازد,1
شوریدگی,1
ماهیست,1
کاشانهٔ,1
بیارید,1
بریزید,1
ببخشود,1
مگرش,1
دشمنانم,1
مشکینش,1
شنیدم,1
رحمتی,1
صلحی,1
برنجید,1
بیگناهی,1
صفایی,1
مرحبایی,1
بهرهای,1
دردمندان,1
مهمان,1
گوشی,1
بادش,1
بیدلان,1
او‌های,1
هویی,1
نعرهای‌گر,1
شوریدهای,1
صدایی,1
ضایع,1
نالیدن,1
سهلست,1
نشناس,1
خانقهم,1
بیزارم,1
صافیش,1
میخانهام,1
کند‌گر,1
متعلق,1
آتشکده,1
پیرامن,1
میگشت,1
میپرسید,1
خدمتش,1
برداشته,1
میمرد,1
دهانم,1
خونست,1
حیرتم,1
وفاداری,1
بیتکلف,1
مختصر,1
دردها,1
دردمندی,1
گناهی,1
جوق,1
تزویر,1
نبینی,1
لنگری,1
تکیهای,1
محتسب,1
نترسیم,1
شحنه,1
تسلیم,1
گشتگان,1
برآئیم‌گر,1
نشینیم‌گر,1
امیدگاهی,1
قلندر,1
عارف,1
سروقدی,1
همتای,1
رسوای,1
مداوای,1
تحمل,1
فردای,1
بریده,1
خو,1
تنعم,1
ایستاده,1
معاشر,1
شاهدباز,1
رخانش,1
گمانهای,1
قدانش,1
امیدهای,1
معز,1
بردن,1
زری,1
میپذیرد,1
ماجری,1
نگشت,1
بازمانده,1
خونبهای,1
میندهد,1
خونبها,1
شکنج,1
شبهای,1
صورتی,1
محرمی,1
مونسی,1
غمخوار,1
شامیست,1
شقاوت,1
صبحست,1
سازگاری,1
بنواز,1
بیچارهنواز,1
شکسته,1
نیافتیم,1
آزردهایم,1
پذیرم,1
سیلبار,1
سپارد,1
نوبهاری,1
دامنی,1
لالهزاری,1
مدعیان,1
بپرسدم,1
خوشی,1
گویمش,1
باشدم,1
ساکن,1
مور,1
خواهی_میدهد,1
گدایانیم,1
هرخان,1
خاقان,1
دستور,1
میاندیشم,1
مینهم,1
کهن,1
بستد,1
دردم,1
گشاید,1
خونابهٔ,1
سرشکم,1
ریزند,1
آسمانهٔ,1
اوفتادم,1
خستهتریم,1
مادر,1
بیخبریم,1
پرسود,1
خیالست,1
درگذریم,1
درازش,1
میبازیم,1
نگویند,1
نظریم,1
جگریم,1
رنجیست,1
نمیدانیمش,1
مینبریم,1
وعدهٔ,1
وصلست,1
مختصریم,1
کارش,1
بخوریم,1
تباه,1
یوسف,1
شومی,1
طومار,1
واحسرتاه,1
بیزاد,1
صاحبدلان,1
پرستی,1
میخوارگان,1
محو,1
کدورتها,1
آسیب,1
درونهای,1
بدآموز,1
شیطان,1
رهست,1
ندامت,1
مقریم,1
سیاهیم,1
ببخشای,1
روسیاهیم,1
نباشیم,1
فرومانده,1
بیگانگان,1
ایل,1
تبار,1
مباد,1
بسوزم,1
بدی,1
بتر,1
نشوم,1
ببخشید,1
شوریدهٔ,1
نالان,1
رغبتم,1
ولیکن,1
مصلحتی,1
جهلی,1
معتقد,1
وصالش,1
ببریدهام,1
بشنیدهام,1
نپنداری,1
کای,1
فروکش,1
برانگیزیم,1
بپردازیم,1
می‌وان,1
گویدنی,1
سریم,1
رازیم,1
شوریم,1
بنوازند,1
سازیم,1
جمری,1
بغدادیم,1
بکروی,1
براندازند,1
براندازد,1
بنک,1
براندازیم,1
محشر,1
دزدیده,1
بازیم,1
بزمی,1
افروزیم,1
آغازیم,1
میرسند,1
خارهای,1
آنانکه,1
سپردند,1
ماندهاند,1
بویی,1
میشنود,1
مجمرهگردان,1
میزنیم,1
پیرو,1
سلمان,1
نمیشویم,1
بماندهایم,1
پردازیم,1
کشتهٔ,1
شنگولیم,1
جمریان,1
طنازیم,1
صرافیم,1
بزازیم,1
آوازیم,1
دمسازیم,1
نگریزیم,1
بلاها,1
نیندازیم,1
انبازیم,1
قانعیم,1
خماری,1
جویند,1
خطرم,1
کزین,1
درآیم,1
دلتنگ,1
بدرم,1
برشکنم,1
برگذرم,1
درگذرم,1
میگیرم,1
میسپرم,1
ناصح,1
پدرم,1
سفری,1
میخواهم,1
قدرم,1
سبکروحان,1
جانی,1
برهم,1
مشتاقان,1
مریز,1
ویرانی,1
ضعیفان,1
گنجد,1
مسکینان,1
عبیدالله,1
ببوسی,1
قانعست,1
ورت,1
زاری,1
کارت,1
بارت,1
اودیدهای,1
هوشیاری,1
جانسپاری,1
نمیبینم,1
یادل,1
پرداختن,1
بندهام,1
غلطیدن,1
انداختن,1
زیستن,1
نارد,1
تاختن,1
حسرتم,1
باشدکه,1
گرددم,1
بینمش,1
بشناختن,1
بنواختن,1
منگر,1
خرقهپوشان,1
سختدلان,1
سستکوشان,1
سبحهشان,1
درازگوشان,1
بگرد,1
بپوشان,1
برخیز,1
سادهنشین,1
بادهنوشان,1
مفروش,1
هردو,1
میفروشان,1
خروشان,1
برخوان,1
تیزهوشان,1
برگشا,1
وزان,1
دردناکان,1
حکیمی,1
آزادهایم,1
سرائی,1
میتوانی,1
سزائی,1
زنجیریان,1
غصه,1
سوزیست,1
وسمه,1
وانهاده,1
آنزنخدان,1
سادهدل,1
می‌نمیرهاند,1
سعاده,1
غلغله,1
دختر,1
حامله,1
عطرفروش,1
قافله,1
شده_است,1
نافهگشا,1
غالیهسا,1
عنبرین,1
کله,1
بلبله,1
فاصله,1
میندهی,1
آبله,1
مشغله,1
خرابیست,1
مجادله,1
هدف,1
ناوک,1
بیخردی,1
بیخبری,1
خطا,1
فریبی,1
مبارکست,1
نیکبخت,1
حلاوت,1
لااله,1
الالله,1
خادم,1
عبده,1
فداه,1
پرشکنت,1
قدت,1
کوتاه,1
میروی,1
میروند,1
هرشب,1
قضیهٔ,1
سرخ,1
بالائی,1
نخندد,1
بستانی,1
صحرائی,1
آشوبی,1
غوغائی,1
نپخت,1
پروائی,1
خیالی,1
تمنائی,1
مردن,1
نمیزند,1
روزکی,1
شبکی,1
میدویم,1
افتاده,1
میلی,1
خاکساری,1
حسنی,1
فرمانروائی,1
ابروکمانی,1
نامهربانی,1
شنگی,1
دغائی,1
فروشی,1
گندم,1
نبخشد,1
نوری,1
بهائی,1
گفتگوئی,1
ماجرائی,1
طبیبی,1
سیرش,1
لئالی,1
پرس,1
سل,1
السهران,1
عن,1
طول,1
اللیالی,1
قامتت,1
ترحم,1
ذلتی,1
ذالمعالی,1
میکردم,1
دوری,1
ننالی,1
شنگ,1
خوشخرامی,1
غلامی,1
اسیری,1
سنانی,1
کمانی,1
لحظهای,1
فتوحی,1
ساعتی,1
آنگه,1
کدخدائی,1
میفزاید,1
الحق,1
سحرگه,1
مانا,1
قمار,1
ریزد‌گر,1
پنهانی‌گر,1
پنهانی,1
بیاراستی,1
نیکوی,1
بنشستی,1
سرخوشی,1
میداشتی,1
میخواستی,1
تنش,1
کاستی,1
ورش,1
خواهم_که,1
برآیم,1
خرد‌گر,1
صبرم,1
وصلش‌گر,1
رهنما,1
آفریده,1
رسوم,1
آزمائی,1
غباری,1
توتیائی,1
خواهی_آخر,1
خراط,1
کافور,1
سارا,1
مشعبد,1
حقه,1
بیدق,1
سحرنما,1
زینت,1
زیب,1
نافه,1
فکرت,1
منازل,1
فشرده,1
بها,1
فلکی,1
طبقی,1
والیی,1
معمری,1
رفیع,1
هیکل,1
غطا,1
وزو,1
نشو,1
ششم,1
حاکمی,1
قضاة,1
سعید,1
مسعود,1
لقا,1
پنجم,1
دلاوری,1
خضاب,1
قاطع,1
هادم,1
هالک,1
پادشهیست,1
فغفور,1
هرمز,1
لشکرش,1
برپا,1
صنمی,1
غنج,1
دلال,1
زخمهٔ,1
آفرین,1
صهبا,1
خدیو,1
محاسبی,1
غنی,1
ذکا,1
کفایت,1
دوراندیش,1
لطیف,1
نکتهسرا,1
یکم,1
کاهکشان,1
کاهربا,1
نوشته,1
منشور,1
طغرا,1
بنهاده,1
مسبحان,1
سجودگاه,1
افول,1
ربنا,1
شتابان,1
درافتاده,1
روشنان,1
قاصدان,1
رهپیما,1
چراست,1
خام,1
بیندود,1
بیژن,1
مضیق,1
هاتف,1
غیبی,1
ندا,1
که‌ای,1
ندانی,1
مبدا,1
فطرت,1
اشیا,1
دادگر,1
منوچهر,1
چهر,1
مشرف,1
کاشف,1
رموز,1
سما,1
طلعتش,1
مدحتش,1
پناها‌گر,1
نافذت,1
خواهد_به,1
اشاره,1
عقده,1
سوادی,1
استسقا,1
تاثیر,1
حواس,1
ملعون,1
سپنج,1
هنرپرور,1
پیشهٔ,1
برانی,1
کذا,1
اصفهان,1
شباب,1
صفاهان,1
فتحالباب,1
گساران,1
می‌در,1
نمونهٔ,1
ازین,1
شکردهنان,1
میای,1
عالمتاب,1
عقاب,1
بداندیش,1
حاجب,1
بارست,1
بواب,1
صدور,1
جائیست,1
معارج,1
نیایدش,1
پایاب,1
محیطست,1
لعمههای,1
سراب,1
چنانک,1
مهتاب,1
زفر,1
اندوخته,1
آموخته,1
صلاح,1
غر,1
قاب,1
چکان,1
عدوست,1
میچکد,1
قطر,1
مستدام,1
احباب,1
نزلت,1
وجدت,1
مآب,1
امتداد,1
فهم,1
یاریار,1
نبیست,1
قامتش,1
سروناز,1
برطرف,1
گذری,1
رهیم,1
رهگذار,1
مجروح,1
مشگبار,1
ستیزهکار,1
کنف,1
جلوهگاه,1
جوار,1
وانکش,1
پردهدار,1
بجست,1
شرمش,1
دریاست,1
سرسبک,1
رکنی,1
شعری,1
گستریست,1
هفتگانه,1
بخار,1
بحار,1
ببرم,1
بیخ,1
اقرار,1
چرخیست,1
بازیست,1
ورای,1
عمرهاست,1
صفات,1
آنشهی,1
که‌گر,1
بگوئی,1
کافاق,1
کردهٔ,1
قاعدهٔ,1
منهدم,1
سهم,1
ملازمیست,1
خاندان,1
گوهرفشان,1
سپاهی,1
متابع,1
اکنونکه,1
فرش,1
مردافکنی,1
خواستهایم,1
آسوده,1
حفظ,1
وامروز,1
خوشترین,1
زمانها,1
دشمنکشان,1
آوازهٔ,1
نکهت,1
غلغه,1
ظلمت,1
فریادخوان,1
رقصی,1
بکرد,1
باغبان,1
عذار,1
آنعکس,1
آزاده,1
خامشیش,1
سرفراز,1
تمول,1
قدمش,1
ابرش,1
نانش,1
آنشاه,1
حواله,1
ذرات,1
خاکدان,1
مدحت,1
خاکپای,1
نکبتش,1
ورطهٔ,1
مذلت,1
هوان,1
ننالد,1
مشعلهٔ,1
سیارگان,1
تازد,1
آهنگ,1
ممالکستان,1
نیلگون,1
حراقهٔ,1
تف,1
گرمی,1
زلطف,1
سروقد,1
گلعذار,1
عماری,1
نرگس‌تر,1
نظم,1
برآورده,1
چگویم,1
ننوشد,1
خوشدلی,1
بیند,1
صراحی,1
قانع,1
نقطهای,1
احداث,1
حزین,1
شنود,1
می‌چارهٔ,1
رمیده,1
آوارگی,1
بیثبات,1
بشوید,1
ابو,1
اسحاق,1
لند,1
یگانه,1
خورشیدکان,1
بدخواه,1
روبهیست,1
پایهای,1
جسارت,1
عصر,1
شقهٔ,1
سراچهٔ,1
بربندند,1
پردهٔ,1
ولایت,1
سپه,1
شکوفهها,1
غنچهها,1
بیدها,1
تیغها,1
غلاف,1
یکساله,1
جرعههای,1
نشتر,1
کشند,1
مدبدان,1
باسش,1
زهم,1
توالی,1
نگاهی,1
قطار,1
غلامان,1
قاهره,1
قندهار,1
دربندند,1
قلعه,1
رویین,1
زبند,1
توغران,1
روند,1
جریدهٔ,1
روزنامه,1
عاقلان,1
کاف,1
اوضاع,1
موجودات,1
سفلی,1
علوی,1
هیولا,1
زربفت,1
پوشیدهاند,1
اکسون,1
حیز,1
تزیین,1
دادهاند,1
سطح,1
فساد,1
حوا,1
دولابی,1
تابنده,1
ترساکردهاند,1
کافلاک,1
واندرو,1
جهانداری,1
خسرویست,1
الله,1
خواندهاند,1
تفسیر,1
انا,1
فتحنا,1
درگاهش,1
پیشکاران,1
مبرا,1
جهات,1
طوعا,1
نشنیدهاند,1
ابلق,1
توسن,1
اختگان,1
طمغا,1
عامش,1
سحرگاهان,1
دعاها,1
سحرگاهی,1
لقب,1
آسمانها,1
آرا,1
بینا,1
مییابند,1
احیای,1
روایتها,1
تعالی,1
زمهر,1
تیرگی,1
لباس,1
برآمد,1
پرنیان,1
کوهها,1
غراب,1
سماوی,1
کهکشان,1
دشمنانش,1
بصر,1
بستند,1
طوق,1
جهانیانرا,1
خرف,1
عنف,1
رمزیکه,1
میگفتند,1
کشیدند,1
آجال,1
مهندسان,1
حامی,1
میساختند,1
حضیص,1
هندوان,1
بیگاه,1
احسانت,1
پاینده,1
بخندید,1
خندهٔ,1
محزون,1
میافتد,1
هزاردستان,1
داستان,1
بابت,1
ذرهاست,1
فراقت,1
بیتو,1
نمیتوان,1
انور,1
سرجوان,1
آنروی,1
سلامت,1
افشانت,1
سائلان,1
میطلبید,1
سرکشئی,1
گردونش,1
دوان,1
زمردی,1
مردمی,1
برکشیده,1
چراغ,1
مهرهٔ,1
نامیه,1
جسم,1
بخشید,1
مشیتش,1
تقدیرش,1
شعبه,1
کائنات,1
انقراض,1
ایران,1
لقبش,1
قدرقدرتی,1
فرمانش,1
رخشان,1
دایرهٔ,1
جهانبان,1
چوکار,1
حوالت,1
عنبرافشان,1
هرآن,1
قضیه,1
آنحدیث,1
مار,1
کوفته,1
موری,1
پرویز,1
دیو,1
عصیان,1
کفران,1
نیاورده,1
رنجان,1
آنزمانکه,1
چویا,1
گیان,1
بنیان,1
ترکم,1
ساحر,1
جاسوسوار,1
سایهبان,1
عارضش,1
برآید,1
بپرس,1
رنجوریم,1
دردمند,1
پزد,1
سودش,1
زیان,1
مدعیش,1
دمش,1
علمش,1
بیدانشی,1
گوتوال,1
سپهرت,1
شهرت,1
اکبر,1
گستوان,1
سجدهٔ,1
مجمع,1
دستیاری,1
خنیاگران,1
سمندت,1
رزق,1
سالهٔ,1
قافیه‌گر,1
عطیه,1
بازت,1
ببار,1
مقدر,1
قدی,1
زتاثیر,1
زمهریر,1
لخلخه,1
بفرستاد,1
قبای,1
سبزهها,1
جنتیست,1
اعلای,1
نژاد,1
مهابتیست,1
آبدارش,1
صلابت,1
فولاد,1
اوفتد,1
تک,1
همزاد,1
دوخت,1
خدنگ,1
بدهاد,1
میبارد,1
نفخهٔ,1
معاشران,1
شیفتگان,1
میرد,1
پیرهن,1
پاره,1
گربه,1
پنجه,1
زندهدلیست,1
بندهوار,1
شهیکه,1
نیزهٔ,1
آبت,1
پذیرهاش,1
همنشینی,1
ننگش,1
اسفندیار,1
کردنش,1
برخور,1
دولتت,1
بدانچه,1
بشارت,1
سلامی,1
پیامی,1
عنایتی,1
یادش,1
مهجور,1
نکردم,1
کسانم,1
آیم,1
تهوری,1
کشتی,1
بلرزد,1
بیندازد,1
افشانش,1
آهوی,1
بیدفع,1
نهالی,1
ونیزه,1
تیربار,1
کامروز,1
تحفه,1
بازدمش,1
کیمیای,1
مروحه,1
نزهتگه,1
جنان,1
ناشگفته,1
آزادی,1
سرافرازی,1
راستان,1
آموخت,1
ودست,1
شهی,1
ترفیع,1
رفیعتر,1
خاکبوسی,1
همایونفال,1
کشیئی,1
دشمنئی,1
بیعدد,1
کراست,1
مر,1
بیعنایت,1
زنائبهٔ,1
قافیه,1
سرافراز,1
نوجوان,1
پهلو,1
نورستهٔ,1
رعنا,1
میسازد,1
عروسیست,1
نمیشاید,1
حدیثیست,1
نسبتی,1
دلدادهٔ,1
مهیاست,1
شمر,1
بختست,1
جلوهکنان‌گر,1
پروا,1
لطفست,1
گفتمش,1
سرطنز,1
خونی,1
تعلق,1
اوگشته,1
واو,1
همتاش,1
بودست,1
همتا,1
بگدازد,1
پولاد,1
صخرهٔ,1
صما,1
صاحبا,1
سرمهٔ,1
دریاش,1
ابریست,1
یارا,1
چاکری,1
زجودت,1
مهنا,1
اشفاق,1
مینواز,1
دعاگویان,1
اخلاص,1
گذران,1
جهانست,1
میخواهد,1
چاکران,1
سائل,1
زایر,1
براق,1
بورت,1
لشگرگاه,1
انگیزد,1
پهلوانی,1
پهلوان,1
کبریات,1
یکی‌گر,1
برقرار,1
سپهت,1
امیدی,1
خواهی_کرد,1
بندگیت,1
اجتهاد,1
دلیری,1
ملکت,1
میبرند,1
مساعد,1
گوشهگیر,1
تنی,1
گوزنان,1
پلنگ,1
گوران,1
شاهیکه,1
مبارکش,1
صائبش,1
نافذش,1
کر,1
وفادار,1
اجداد,1
مساعدیست,1
دامنیست,1
وفای,1
سبرک,1
شوریدهایست,1
رزمگاه,1
سرهای,1
سرکشان,1
تنهای,1
طنین,1
شیران,1
ژاله,1
خونها,1
قلب,1
سازد,1
قائلست,1
تقصیر,1
یشمار,1
عالیجناب,1
درگذر,1
راسکون,1
یسر,1
تخلص,1
می‌چون,1
فزائی,1
حیاتی,1
دستگیر,1
غمزده,1
هاضمه,1
فاکره,1
باصره,1
سامعه,1
بروید,1
تتاری,1
عنبرتر,1
ماشطهٔ,1
حنا,1
مخمور,1
رعشه,1
ظالم,1
می‌نخورد,1
ممسک,1
دنیاپرست,1
پرهیزکار,1
میدهی,1
نعیمی,1
کامبخش,1
عالمیان,1
آدمیان,1
هنرش,1
کسری,1
زجم,1
پرغبار,1
افکنان,1
درآرد,1
پرغرور,1
دشت,1
پرشرار,1
جنگ,1
زلزله,1
سجده,1
بکشد,1
توران,1
قارن,1
مضطرب,1
زمانرا,1
معدلتش,1
مملکتش,1
سلطنتش,1
قیری,1
میدرید,1
یکدگر,1
رعنای,1
غواصان,1
غوصه,1
میانداخت,1
غرفهٔ,1
تماثیل,1
بگشوده,1
افشانده,1
زمزمه,1
ساکنان,1
سلوک,1
روشندلی,1
سلب,1
پاکیزگی,1
روحانی,1
میزدند,1
کاینک,1
مهد,1
شهسواران,1
گیران,1
گنجینهٔ,1
اوراق,1
رایاتش,1
بندگانش,1
چاکرانش,1
ملکبخش,1
دوستانش,1
ودشمنانش,1
شهنشاهی,1
شرف,1
درفشان,1
گلک,1
بادی,1
منفعل,1
رشحه,1
نهانت,1
رضایت,1
دمار,1
خلل,1
ابوسحاق,1
افریدون,1
خشمش,1
مسرعی,1
پادشاها,1
کیخسرو,1
چاکرانت,1
مقارن,1
ملکگیر,1
تاجدار,1
شیرافکنان,1
ستوه,1
تل,1
برباید,1
جنگی,1
حدت,1
هامونرا,1
برانگیزد,1
عیشت,1
بختت,1
سرما,1
ساغریکه,1
استغفار,1
خردش,1
توانگری,1
مدبری,1
سریعش,1
مؤثر,1
رمحش,1
منافع,1
ایثار,1
مغربی,1
جوادیکه,1
بیمقدار,1
معالی,1
لیس,1
غیره,1
زنگارگون,1
شادکام,1
خرمتر,1
مملکت,1
سیمرغ,1
شاهبال,1
نسایم,1
ایزدی,1
غمپرست,1
آفرینش,1
آفریدگار,1
عطیت,1
محصول,1
نتیجهٔ,1
بحری,1
کوشش,1
بتازد,1
اسمیست,1
قطرهای,1
طریقه,1
داعیت,1
دوزخست,1
خرگاه,1
بهشتست,1
مصاحب,1
یاسمن,1
می‌گسار,1
توق,1
شیره,1
چرغتو,1
کج,1
ببند,1
بکوب,1
کاسهای,1
نازان,1
ترکتاز,1
شادان,1
عربده,1
بشکن,1
هندو,1
کمین,1
فکن,1
سالوسی,1
بتابد,1
مستنیر,1
قدسیت,1
ایوانی,1
میساخت,1
نفخات,1
گلزار,1
پار,1
پیرار,1
موسی,1
طلیعهٔ,1
عیسی,1
ناسخ,1
صحیفهٔ,1
طبلهٔ,1
عطار,1
شبنم,1
متفون,1
گلنار,1
نیلوفر,1
بیدمشگ,1
عطف,1
هشیار,1
بشکفت,1
خوشدار,1
مل,1
میسرا,1
سنائی,1
تذرو,1
طوطی,1
دراج,1
سار,1
پردههای,1
موسیقی,1
لحنهای,1
موسیقار,1
مختار,1
استظهار,1
آفتابیست,1
آسمانیست,1
منجقش,1
مبدعات,1
ایوانش,1
حادثهزای,1
رمح,1
بیرقش,1
اژدها,1
اژدهای,1
خفته,1
ذال,1
دال,1
اولی,1
الابصار,1
رسمیست,1
وسعت,1
نقشیست,1
مهندس,1
فلکست,1
نکردی,1
حبذا,1
بنات,1
یبد,1
سرات,1
نجار,1
شمشههای,1
سقفهای,1
اعلات,1
زلازل,1
دوار,1
دیوارهای,1
تختههاش,1
مسمار,1
طائر,1
پرستووار,1
اظهار,1
ایکه,1
آثار,1
اقالیم,1
عمار,1
بدیدهٔ,1
آثاره,1
تدل,1
فانظرو,1
افانظرو,1
الیالاثار,1
تختگاه,1
گسار,1
ممتاز,1
سرعت,1
همراه,1
همراز,1
تیرانداز,1
زنگار,1
ریزهٔ,1
نشیب,1
وسیله,1
غریبم,1
ودل,1
آمین,1
حاجات,1
مراجعت,1
حرکت,1
بدبخت,1
مخلص,1
بناز,1
چندانش,1
عمرهای,1
میگشاید,1
اجلال,1
بالعشی,1
والابکار,1
بالغدو,1
والاصال,1
رشحهٔ,1
نبندد,1
منبع,1
افضال,1
زنور,1
مقتبس,1
محاق,1
سنجند,1
خازنان,1
ترازویش,1
مثقال,1
استحقاق,1
استقلال,1
منتظم,1
دفع,1
بخور,1
زلاله,1
تذرویست,1
نسترن,1
منقار,1
عقابیست,1
آمیخته,1
غزال,1
چکاو,1
نعمان,1
چنگال,1
میدود,1
استقبال,1
حرارت,1
غالب,1
قیفال,1
مصر,1
یوسفیست,1
برقع,1
برافکند,1
شمالم,1
شرعین,1
فام,1
زدود,1
ظلام,1
صادقان,1
پخته,1
بدل,1
نقره,1
ستام,1
تنهائی,1
خیمهایست,1
سیماندام,1
گذشتم,1
قلعهای,1
برهمن,1
دیداری,1
مینمود,1
زهرا,1
افکنده,1
اقلام,1
غمام,1
دمیده,1
کدامست,1
تمشیت,1
قوام,1
ملجا,1
خواص,1
سست,1
ضرغام,1
مهبط,1
الهام,1
روزافزون,1
کرشمهٔ,1
مسائل,1
اوهام,1
خواهم_گفت,1
سمع,1
ملاذ,1
دوازده,1
سالست,1
سعدم,1
کبار,1
کرام,1
کامها,1
کارها,1
نیفتاد,1
رسوا,1
خسی,1
سلام,1
رسیدهام,1
نمیتوانم,1
احرام,1
ملالت,1
فرجام,1
فرستدم,1
چکاندم,1
زمسام,1
نفسم,1
قعود,1
قیام,1
اجازت,1
قرن,1
دوستکام,1
دولتمند,1
نیکونام,1
بینهایت,1
والاکرام,1
تمکین,1
دلگشا,1
آشیانهٔ,1
طوافگاه,1
ابراهیم,1
کنگرههای,1
حکیم,1
زنائبات,1
مقدس,1
پاکش,1
خداش,1
مرسل,1
کلیم,1
شرق,1
عبیر,1
آمیز,1
مجمره,1
طلایهٔ,1
بلاد,1
ترکستان,1
جانب,1
گشادم,1
مملکتی,1
عنبربار,1
سبزههای,1
غنچههای,1
غبطه,1
میخورد,1
کوثر,1
روضهٔ,1
یاسمین,1
ریحان,1
ایوانهای,1
اعتدال,1
فصلهای,1
ایمنست,1
رواقش,1
نشانهای,1
شبدیز,1
کنگرههایش,1
نمونهای,1
هرمان,1
خورند,1
کریمان,1
شریفش,1
غریق,1
زیمن,1
همایونست,1
طیران,1
تعجیل,1
درازست,1
طوارق,1
حدثان,1
نوشروان,1
بیتم,1
قصیده,1
آورم,1
گوشمال,1
قایم,1
گشادهام,1
ولای,1
خواهم_بر,1
عزیز,1
داشتهاند,1
ابتدای,1
اوان,1
آبادان,1
ابنای,1
بدهد,1
همتش,1
عروج,1
جنابی,1
حشمت,1
شمسهای,1
بودت,1
شادروان,1
میثاق,1
شعاعهٔ,1
سها,1
حجیم,1
زبانهٔ,1
شراره,1
عدوت,1
ویرانست,1
حسودت,1
بوم,1
تسخیر,1
زحمتم,1
ملول,1
رسیدم,1
مرحمتی,1
سفله,1
رهان,1
ملازمست,1
بگوشند,1
تخته,1
بسته_بود,1
دریکه,1
سحرگهی,1
خجستهٔ,1
مینهدش,1
نورگستر,1
رزین,1
مشگلگشای,1
خواهد_فلک,1
جحهان,1
مسیرش,1
نشود,1
بیرضای,1
مینهند,1
خجالتست,1
آنکسم,1
توقف,1
معاش,1
کارم,1
توئیکه,1
بنی,1
آدمست,1
ابدی,1
غاشیه,1
شهان,1
فراخت,1
آخرت,1
چیره,1
همند,1
گوئیا,1
برینست,1
حضرتش,1
گردنکشانرا,1
آستانش,1
جباه,1
شمس,1
شمسههایش,1
بنگرد,1
تفرجگاه,1
نعیمت,1
بگشا,1
بیاشتباه,1
گیتیدار,1
والای,1
فرازان,1
تاتاری,1
بوسد,1
گردد‌گر,1
آنحضرت,1
نیابد,1
بحث,1
نخواهد_کس,1
شکوهت,1
سلطانیکه,1
لرزانست,1
ترسان,1
سرزده,1
چترت,1
مرغابی,1
سلیمانی,1
خطبهها,1
آراسته,1
سکهها,1
طالعت,1
جهانگیری,1
اسکندر,1
پاسبانانت,1
صفدری,1
خدمتکاری,1
قبولت,1
بخشت,1
آوازهای,1
طعنهها,1
باران,1
ریخته,1
درنهاد,1
آذر,1
فراشان,1
دولتنجا,1
افراخته,1
سپاهت,1
پیکار,1
زخمها,1
رامحش,1
دوخته,1
مغفر,1
بوسها,1
منش,1
تعریف,1
روحپرور,1
دلگشای,1
روضه,1
جانفزای,1
غیرت,1
برگهٔ,1
شهانراست,1
ملکانراست,1
میطلبد,1
بهشتسرا,1
فزای,1
بم,1
بزمگاه,1
گشتهای,1
کنگرههایت,1
بیگهر,1
تجلت,1
سمات,1
الامانی,1
تباشیر,1
المسرة,1
والامان,1
النحج,1
لاح,1
وهب,1
سحرا,1
الانس,1
موصوب,1
الجنان,1
واضحی,1
الروض,1
مخضرا,1
فبادر,1
الاقداح,1
القیان,1
خوری,1
فاش,1
نهانی,1
ارغنونی,1
ارغوانی,1
ادر,1
کاسا,1
لاتسکن,1
عجل,1
ودع,1
هذا,1
التکاسل,1
والتوانی,1
معتقة,1
لدی,1
الحکماء,1
نغم,1
المثالث,1
والمثانی,1
نخور,1
میگویم,1
مجوی,1
استواری,1
مخواه,1
مهربانی,1
مینوشین,1
خدش,1
یضاهی,1
خده,1
وردا,1
طریا,1
تبسم,1
ثغره,1
کالا,1
قحوانی,1
حالش,1
هوشیاران,1
فروزی,1
شهره,1
زبانی,1
افزای,1
کیقبادی,1
خسروانی,1
حشمتی,1
رقعتی,1
اقبالش,1
سربلندی,1
دورانش,1
پاسبانی,1
لایزالی,1
آسمانی,1
کشورستانی,1
کوتوال,1
دیدهبانی,1
پاشی,1
خزانی,1
روانی,1
نجونا,1
تطرق,1
نامن,1
بلیات,1
الزمانی,1
فیروزه,1
گون,1
قهرمانی,1
صاحبقرانی,1
فرحبخش,1
روحفزای,1
بگشای,1
کاهلی,1
منمای,1
دستگیری,1
پیمای,1
گلگونه,1
رستن,1
زای,1
راهست,1
مگرد,1
بازآی,1
میپیمای,1
عمیدالمللک,1
عالمگیر,1
قطب,1
حل,1
بگشائی,1
کتاب,1
سطر,1
هفتمین,1
حروف,1
فاتحه,1
دلیل,1
وآنچه,1
میدهم,1
نامده,1
باشد‌گر,1
اجتناب,1
ثا,1
جیم,1
خا,1
زا,1
شین,1
ظاء,1
فا,1
والله,1
اعلم,1
بالصواب,1
کاوازهٔ,1
افراسیاب,1
سنجر,1
برفراشت,1
جایگاه,1
جوشی,1
خزانه,1
پسرش,1
گریهای,1
برزد,1
نالهای,1
دودمان,1
زاغ,1
قصری,1
بچه,1
جغد,1
مقبلی,1
واسوده,1
خاطریکه,1
ارادت,1
باشدت,1
کیمیا,1
انحنا,1
بیحیا,1
دعاگوئی,1
شماش,1
نمیگنجد,1
توقع,1
اهلا,1
فرا,1
ورا,1
سلسله,1
افلاس,1
مبتلا,1
چارپا,1
ملازمت,1
آلت,1
انزوا,1
برنجم,1
نحوست,1
کارک,1
قهقرا,1
اندازد,1
مقتدی,1
باصفا,1
روحالامین,1
ضمیرت,1
نافذ,1
احتساب,1
درگهت,1
وانکو,1
عمرش,1
منصبی,1
اکتساب,1
شکافت,1
جوهریست,1
کزوی,1
زخمش,1
برقش,1
هرک,1
عطایش,1
سعدیکه,1
برج,1
حمل,1
انقلاب,1
ظهور,1
اسبه,1
خوشاب,1
همنامیش,1
عطایت,1
عمیدی,1
نظرت,1
فرمای,1
بیضا,1
اشعار,1
داردم,1
نانی,1
خصمت‌گر,1
مرگ,1
مفاجا,1
جهانگرد,1
یاس,1
کریمی,1
ویم,1
وزیرم,1
کدر,1
درطلب,1
ببندد,1
کنایه,1
زانک,1
تهمت,1
خوانی,1
صدوده,1
میگفتم,1
نهادهام,1
حکمتی,1
میبیند,1
غفلت,1
تعریض,1
فراشت,1
آفرید,1
تزکیهٔ,1
تاکی,1
فانیست,1
بیفشان,1
دولتان,1
بفیروزی,1
نفخ,1
صور,1
قصب,1
تاجش,1
مامور,1
مدامش,1
مظفر,1
مطلع,1
قصاید,1
بیائی,1
بامدادان,1
می‌زن,1
نهادی,1
سپاس,1
پلاس,1
گردنم,1
فرض,1
خرجم,1
قرضم,1
نتابم,1
سجل,1
ننالم,1
گوای,1
محله,1
رجای,1
گریزان,1
خواهم_پس,1
عرضم,1
علاء,1
سزای,1
آخرالامر,1
نگشاد,1
درستی,1
نیافتم,1
وارهاند,1
معشوقه,1
میانت,1
بینان,1
هشیاری,1
افزودن,1
نهادن,1
درمی,1
گشادن,1
اولاد,1
ملامه,1
بنشین,1
بالخیر,1
والسلامه,1
بیکرم,1
آزمودی,1
جرب,1
المجرب,1
الندامه,1
سالی,1
خردهای,1
وثاقم,1
ترهای,1
میشدی,1
ندیمی,1
خانهام,1
نماندی‌گر,1
پولی,1
اقچه,1
کیانی,1
جهانبخش,1
ابواسحان,1
خوردار,1
بلندیش,1
همتائی,1
استری,1
مطایبه,1
بگردانی,1
قطعهای,1
فاریابی,1
زرپاشی,1
نقاشی,1
تختنشین,1
علیالاطلاق,1
زحلش,1
کمترینه,1
دربانی,1
داعی,1
ثناخوانی,1
پیادهای,1
ساقیش,1
مطربش,1
شاگرد,1
منشیان,1
چنبر,1
یکرانش,1
میدانش,1
خطبه,1
سکه,1
اعلاش,1
ورزیده,1
بخشیده,1
بازویش,1
دولتخواه,1
سودایی,1
اختلال,1
وفق,1
مولانا,1
بیتهای,1
منبر,1
نهفت,1
ریشسفید,1
مردکی,1
بشنود,1
مظلوم,1
ماهش,1
مثنوی,1
رنگی,1
بدچرخ,1
حریمش,1
آمال,1
لبان,1
زلالی,1
ستد,1
کوربختی,1
حسد,1
میداند,1
افتاده_بود,1
سی,1
بسوخت,1
مرهمش,1
شرابست,1
وانکه,1
دیده_بود,1
شوال,1
قوال,1
می‌نوش,1
وتر,1
تراویح,1
پایکوبان,1
آئیم,1
رخان,1
شیخکان‌گر,1
هذیانی,1
جرعه,1
ترش,1
ناکس,1
بینیم,1
پراکندهٔ,1
زال,1
کاووس,1
لله,1
الحمد,1
شبها,1
ترسیدن,1
عذابیست,1
شربت,1
حلوا,1
زشت,1
رسمی,1
عامه,1
پالوده,1
خرما,1
نشنیدی,1
نیاسود,1
حمرا,1
یکماهه,1
فوت,1
نشایستی,1
ترسا,1
سیف,1
بخشیدند,1
مرضی,1
قاعده,1
جستند,1
روانبخش,1
میباید,1
سراپردهٔ,1
انداخته,1
قویست,1
ناظر,1
منشی,1
بدکیش,1
عدد,1
نظارگان,1
می‌خوارگان,1
می‌التجا,1
ادا,1
می‌فروش,1
برآریم,1
خانقاه,1
شیخان,1
صوت,1
خستگی,1
فرماندهی,1
قائم,1
مسخر,1
آسودهاند,1
آفریدهاند,1
برکشیدهاند,1
بساط,1
گستریدهاند,1
برگزیدهاند,1
ندیده,1
شنیدهاند,1
آرمیدهاند,1
آرامگاه,1
فهرست,1
روزنامهٔ,1
مملک,1
دقیق,1
فرضست,1
معجر,1
نوعروسان,1
زیور,1
نقشهای,1
یاقوت,1
چمنها,1
ضحاکی,1
بازارهایش,1
دستها,1
طایران,1
شهپر,1
بافته,1
خورده,1
صنوبر,1
سقا,1
رختها,1
نمازی,1
عروسان,1
دستیازی,1
یارم,1
عیبی,1
انواع,1
کارسازی,1
وارث,1
آسمانت,1
مقدور,1
قدرتت,1
قادر,1
زنهاری,1
خواهان,1
خاری,1
خلافت,1
خدنگی,1
کمینگاه,1
حاسدت,1
سرسام,1
سپاری,1
اوقات,1
قرنی,1
پناهی,1
کلکت,1
عالیت,1
دارالسلام,1
پرورد,1
جوهر,1
صمیم,1
صدف,1
قهرت,1
ماهی,1
پوشد,1
برگستوان,1
چارم,1
خواندهام,1
لازمست,1
انوری,1
جلالت,1
افروزند,1
آنکش,1
مایه,1
حضرتت,1
بسته_است,1
نازل,1
نصیب,1
خوانندش,1
دعاگوی,1
نهیت,1
خان,1
توحید,1
منقبت,1
زآفتاب,1
شاهدی,1
کعبه‌ایم,1
خاکسارم,1
عاصی,1
اومید,1
آشنائیی,1
رسدش,1
روشنائیی,1
دنی,1
فتدلی,1
احترام,1
احتشام,1
چهرهء,1
سایهء,1
خرابه‌ای,1
منادی,1
لولاک,1
محب,1
مطابق,1
قبول,1
بنما,1
انصاف,1
مدحتی,1
تقوی,1
تجرید,1
پیمبر,1
غار,1
برباد,1
کفار,1
کانداخت,1
مکه,1
خوابه‌ی,1
خرمنی,1
رسول,1
رستخیز,1
اولیا,1
اصفیا,1
بگزیده,1
مشعل,1
فروز,1
چابک,1
معرکه‌ی,1
لافتی,1
عم,1
زاده‌ی,1
وآن,1
مبارز,1
خیبر,1
مرتضی,1
حاشا,1
حسین,1
حب,1
بایدت,1
جلا,1
توتیا,1
فنا,1
گنجی,1
نمی‌رسد,1
نامه‌گر,1
عاجزند,1
می‌طلبی,1
فرقی,1
وافتاد,1
نمینهد,1
دامنم,1
نمیدارد,1
جهانیان,1
سرمایهٔ,1
تنگدستان,1
دهنت,1
بیمی,1
زمزمهٔ,1
عراقی,1
فذالک,1
بارز,1
اولیتر,1
میزن,1
چنگیی,1
معشوقهٔ,1
چست,1
بلور,1
عقیق,1
لؤلؤتر,1
میرست,1
میکوش,1
فرشته,1
خوانند,1
بگسسته,1
سربسته,1
چیزیش,1
غالیهبو,1
چهارده,1
بگلی,1
بالین,1
گریهٔ,1
کرامت,1
نسیهٔ,1
برمید,1
مژهام,1
چکید,1
شعلهای,1
رویم,1
نصیبی,1
فکری,1
غلطاق,1
داغ,1
می‌خورد,1
میری,1
روبهکی,1
شیری,1
خمخانهٔ,1
نخورم,1
فتوح,1
شبانگاه,1
صبوح,1
سخنگو,1
دلجو,1
جوید,1
روید,1
خواهد_داد,1
پرداختهاند,1
لگد,1
کوب,1
انداختهاند,1
ساختهاند,1
صحراگیرد,1
طربناک,1
کرسی,1
ادب,1
شدت,1
تابه,1
کوزهٔ,1
چرب,1
می‌دارم,1
باغی,1
ویشان,1
نائی,1
بطلب,1
گانه,1
فلکم,1
فزود,1
طایفه,1
بیوصل,1
قصهایست,1
یلدا,1
بیهوده,1
نابوده,1
میده,1
وداد,1
میخور,1
آلوده,1
رفتی,1
عظیم,1
مپوش,1
ادرار,1
دلبرانست,1
گمانست,1
جوانست,1
نوازد,1
بکرم,1
پیروزم,1
میسوزم,1
وانگشت,1
فضول,1
سیلی,1
دون,1
زدن,1
دمبدم,1
کوچهٔ,1
خوشهای,1
رباط,1
منشین,1
توشهای,1
بدارند,1
بهانه,1
نگفتی,1
بشسته,1
فسقی,1
مشغول,1
شنیده,1
فاسق,1
بگزین,1
جمالت,1
خالت,1
طرفه,1
شکم,1
برنائی,1
پیرک,1
فریادرسی,1
برماست,1
حیرانی,1
سودازدگی,1
مزاجی,1
دل,1.0
جهان,0.7485380116959064
<PIL.Image.Image image mode=RGB size=1600x800 at 0x7FF72FA529E0>
