عالم,234
سخن,179
الله,167
تعالی,158
فرمود,141
ازین,125
نباشد,123
آدمی,118
ترا,117
فی,108
همچنانک,108
نظر,103
کار,96
عقل,95
ازو,95
آب,94
دست,92
آنست,90
چنانک,82
علی,79
پادشاه,79
آنک,77
معنی,76
دل,76
خلق,75
عظیم,74
ظاهر,74
میشود,73
فصل,73
میآید,70
خدا,69
جمله,69
میباید,69
میگویند,65
میگوید,64
آنچ,64
علم,63
دنیا,60
حاصل,56
بوی,54
نماز,54
نماند,53
آفتاب,52
درو,52
فهم,52
خیال,52
احوال,51
بآن,51
شیخ,51
مصطفی,49
خانه,47
نفس,47
معلوم,46
مشغول,46
شب,45
قوت,45
اهل,45
مقصود,45
سلم,44
عشق,44
ایمان,44
بلک,43
صلی,43
جواب,43
نشود,42
کان,42
خبر,42
چشم,41
یاد,41
هذا,41
ازان,40
باین,40
نور,40
حقست,40
حقیقت,38
حکم,38
خدمت,38
لطف,38
نیک,38
دین,37
جان,36
نان,36
میبینی,36
حاجت,35
تن,35
اصل,35
برو,35
اندرون,35
هرچ,34
طلب,34
گوش,33
الدین,33
محبت,33
سؤال,33
قال,32
بواسطهٔ,32
میکرد,32
حالت,32
ساعت,32
زبان,32
زمین,32
بدست,32
السلام,31
خوف,31
نمیبینی,31
مثال,31
انبیا,31
عاشق,31
فرع,30
نمیآید,30
عمر,30
فرو,30
پر,30
طالب,30
شیر,30
آنکس,29
پنهان,29
عین,29
مقام,29
جنس,29
ذوق,29
اولیا,29
امیر,28
اینست,28
دور,28
بکلی,28
وقت,28
فراموش,28
عن,28
زن,28
قرآن,28
خاک,28
پای,27
کاری,27
مولانا,27
اذا,27
عنایت,27
ماند,27
چیزها,27
بانگ,27
دید,27
درخت,27
ترک,27
اندیشه,27
هو,27
روح,26
مال,26
غرض,26
صدهزار,26
آینه,26
آسمان,26
آتش,26
دوست,26
شخصی,26
شکر,26
نسبت,26
باطن,25
باری,25
کرده_است,25
نبودی,25
رنج,25
دیدن,25
خدای,25
گل,25
معشوق,25
سبب,24
میفرماید,24
میبیند,24
نی,24
ضعیف,24
دوستی,24
نیاید,24
باقی,24
بتو,24
ابراهیم,24
میگویی,23
مینماید,23
روزی,23
حرف,23
مرد,23
خواب,23
ملک,23
عیسی,23
میرود,22
رود,22
نتواند,22
طاعت,22
ذلک,22
فایده,22
آدم,22
غایت,22
انا,22
فعل,22
خوشی,22
میگردد,22
محمد,22
موجب,22
اندک,22
لذت,22
خوردن,22
کارها,21
امید,21
بحق,21
شخص,21
پادشاهی,21
رسد,21
داند,21
غیره,21
زنده,21
میدهد,21
پاک,21
درد,21
گرداند,21
میشوند,21
بقدر,21
مادر,21
بندگی,21
بل,20
جمع,20
نیکی,20
میگفت,20
دریا,20
مع,20
ذات,20
نمیداند,20
گندم,20
بنده,20
محتاج,20
وحی,20
والله,19
دلیل,19
لایق,19
شده_است,19
هرک,19
بینی,19
پدید,19
نگردد,19
رفتن,19
غم,19
دراز,19
عارف,19
شهر,19
میگیرد,18
صلوات,18
آرد,18
معین,18
آواز,18
کفر,18
بهر,18
صفت,18
گوهر,18
عرض,18
اسب,18
باو,18
بیند,18
محبوب,18
بروی,18
جنگ,18
حالتی,18
صحت,18
مردی,18
صاحب,18
غفلت,18
رها,17
بوده_است,17
برد,17
قیامت,17
بنگر,17
جمال,17
بصورت,17
سلام,17
دانستیم,17
کعبه,17
قدرت,17
لحظه,17
تعلق,17
شرح,17
لازم,17
یقین,17
شهوت,17
گواهی,17
محسوس,17
ضایع,17
اثر,17
مشک,17
اسباب,17
خالق,17
شر,16
مدد,16
گشت,16
بعکس,16
میسر,16
آخرت,16
ودر,16
ببیند,16
یکیست,16
میکردند,16
بدی,16
حکایت,16
بندهٔ,16
قصد,16
مطلوب,16
لیلی,16
سه,16
قول,16
دفع,16
افزون,16
بیک,16
غرق,16
کنیزک,16
لطیف,16
جهان,16
نیابی,16
اظهار,16
انه,15
دیوار,15
محل,15
مراد,15
سایهٔ,15
سایه,15
جزوی,15
پا,15
امن,15
پدر,15
کردهاند,15
مرید,15
نفی,15
شمشیر,15
گوشت,15
حکمت,15
مجنون,15
گرد,15
نگنجد,15
نقش,15
میبینند,15
افتاد,15
بعالم,15
ذکر,15
ببینی,15
اندیشهٔ,15
کژ,15
نتوان,15
دشمنی,15
وهم,15
دیدی,14
دعوی,14
حاشا,14
اسلام,14
مسلمان,14
پیغامبر,14
باغ,14
میوه,14
یار,14
میزند,14
قبول,14
چندانک,14
بداند,14
تجلی,14
میل,14
نکرد,14
مرغ,14
نشد,14
ادراک,14
محال,14
حجاب,14
نبیند,14
پارهٔ,14
مطیع,14
حیوان,14
قلم,14
نطق,14
الشر,14
گوناگون,13
اسیر,13
سیاه,13
که‌ای,13
رسول,13
بمن,13
مصلحت,13
خداوندگار,13
میبرد,13
تمییز,13
آلت,13
قالب,13
نیستی,13
هرکه,13
بندگان,13
مدح,13
آغاز,13
سال,13
ازیشان,13
زنی,13
اورا,13
علمها,13
جامه,13
دریشان,13
معانی,13
تصرف,13
رادر,13
سی,13
محالست,13
ولیکن,13
نمیشود,13
عاقل,13
مظهر,13
آنگه,13
یقول,13
له,13
کیف,13
کاسه,13
عام,13
رب,12
نشاید,12
امرا,12
صلاح,12
عنه,12
دشمن,12
میبینم,12
قومی,12
کردهٔ,12
پاره,12
سیر,12
بخدمت,12
بجای,12
گرم,12
آمدند,12
صوت,12
سلطان,12
خاص,12
دهان,12
جملهٔ,12
منست,12
وجه,12
برین,12
دوی,12
دوستان,12
نگویند,12
جهد,12
زمستان,12
رحمت,12
شییء,12
بهار,12
نعمت,12
میخواهد,12
بدانی,12
بچه,12
تصور,12
گناه,12
ظن,12
میخواند,12
غیبت,12
موسی,12
عالمی,12
حقند,12
اندیشها,12
سیف,12
میخورد,12
مؤمن,12
ضد,12
هذه,12
ثم,12
مانع,12
پرتو,11
زر,11
خاطر,11
کافران,11
زیان,11
دوزخ,11
قهر,11
پروانه,11
دام,11
بطریق,11
جزو,11
پنجاه,11
شصت,11
مرده,11
عتاب,11
تست,11
قایمست,11
برون,11
کوه,11
دگر,11
بیچون,11
میرسد,11
قدس,11
پرده,11
شاه,11
تأثیر,11
فرزند,11
مردمان,11
پوست,11
زاهد,11
غلام,11
ازآن,11
خداوندا,11
منفعت,11
دیگرست,11
خانهٔ,11
مسجد,11
بریشان,11
لله,11
مهمان,11
فرق,11
بیدار,11
غافل,11
کوشش,11
مجاهده,11
خر,11
یکون,11
خلایق,11
قوم,11
سگ,11
الناس,11
قدم,11
موم,11
معقول,11
حیات,11
مهار,11
چهل,11
عکس,10
مناسب,10
رضی,10
بینند,10
اعتماد,10
نکردی,10
نمود,10
زشت,10
نبی,10
قرار,10
وما,10
تعظیم,10
آوردهاند,10
الانسان,10
ورای,10
علوم,10
نهایت,10
ارواح,10
حیوانی,10
غالب,10
اشتر,10
کمال,10
انگشتری,10
بسیارست,10
خلعت,10
شعر,10
آوردند,10
خورد,10
حسد,10
کافر,10
بهیچ,10
الذی,10
بزرگی,10
هرجا,10
ره,10
گم,10
کشف,10
واقف,10
اعتقاد,10
فرعون,10
زندان,10
کلام,10
دروی,10
فعلی,10
بنا,10
دیدند,10
عبارت,10
بذل,10
خون,10
بیخ,10
ملازم,10
تحمل,10
منع,10
طفل,10
صحابه,10
معنیش,9
تفسیر,9
بند,9
بهشت,9
حضرت,9
برسد,9
یاری,9
ولایت,9
معصیت,9
خوبست,9
بهانه,9
میدارد,9
تمیز,9
صحبت,9
بیگانه,9
نفسه,9
ولکن,9
گرمی,9
مستغرق,9
زرین,9
کارد,9
اصلی,9
روان,9
استاد,9
حرام,9
وصف,9
بلند,9
همت,9
عاشقان,9
باوی,9
تواضع,9
چیزست,9
احسان,9
صید,9
سخنها,9
تهی,9
شنود,9
ونه,9
نو,9
میاید,9
آمدی,9
صفات,9
حقیر,9
کنت,9
خرد,9
نمیبیند,9
خام,9
اجتهاد,9
ننماید,9
بهم,9
آدمیان,9
اشتها,9
دانستی,9
عظمت,9
حظی,9
آه,9
اناالحق,9
بصد,9
خواهد_که,9
ثابت,9
قوی,9
کرا,9
طبیب,9
دران,9
بنسبت,9
امر,9
فضل,9
خوشیها,9
حیوانیت,9
روا,9
عدو,9
برهنه,9
خواهد_بودن,9
شراب,9
شوق,9
مرگ,9
فارغ,9
شرط,9
قاضی,9
پوستین,9
لما,9
تحصیل,8
جهل,8
کام,8
طبع,8
همچو,8
برود,8
بخلاف,8
نشده_است,8
ایمن,8
رجا,8
بتفصیل,8
نمرود,8
فنا,8
مصور,8
الاشیاء,8
کرامات,8
چادر,8
حقایق,8
چراغ,8
بایشان,8
میگرداند,8
خشم,8
چیزهای,8
خوبی,8
الدنیا,8
اسطرلاب,8
فقد,8
کارهای,8
رغبت,8
بخلق,8
یاران,8
استغراق,8
درآید,8
محض,8
اصحاب,8
وآن,8
آسمانها,8
ماه,8
بازی,8
میفرمود,8
نقل,8
مقر,8
ندهد,8
میشنود,8
نشسته_بود,8
دیوان,8
صادر,8
میداند,8
چوب,8
المؤمن,8
مرآة,8
اخلاق,8
کور,8
برخیزد,8
گردی,8
نهد,8
ابلیس,8
فرود,8
میکشد,8
زیادت,8
کرم,8
حد,8
نهاد,8
آمیخته,8
بحقیقت,8
نرسد,8
پروای,8
صبر,8
اوصاف,8
دانستن,8
منکر,8
مست,8
حادث,8
میآیند,8
لحظهٔ,8
مخصوص,8
احتیاج,8
سرش,8
بدلیل,8
خیمه,8
زهد,8
عالمست,8
یحیی,8
غریب,8
لهذا,8
ضعف,8
گور,8
مشرق,8
بیداری,8
جامهٔ,8
خلاص,8
اجزای,8
همچنانست,8
جزای,8
وصل,8
ومن,8
مالانهایه,8
ملول,8
رنجها,8
سجود,8
نهاده,8
ظلمت,8
عمارت,8
سرد,8
خواند,8
فرشتگان,8
بیت,8
محیط,8
ایش,8
انما,8
اجسام,8
شاخ,8
لفظ,8
افعال,8
باطل,8
جوابست,8
پهلوی,8
حسن,8
لم,8
سؤالست,8
وضو,8
ارادة,8
النبی,7
خلقان,7
کرده_باشد,7
مستغنیست,7
لعل,7
عرب,7
نحن,7
آیت,7
اسیران,7
علت,7
بشما,7
میطلبی,7
لشکر,7
مسلمانی,7
صرف,7
فلک,7
رای,7
بما,7
نگفت,7
جذب,7
سود,7
میروی,7
میگوییم,7
میخواهم,7
هوش,7
بخود,7
میکردم,7
جوید,7
بخورد,7
سو,7
برند,7
قیمت,7
داده_است,7
حمام,7
سره,7
مریدان,7
بکعبه,7
نیکست,7
بوجود,7
تاب,7
رسیدی,7
نبات,7
میخ,7
بان,7
ظلم,7
کرده_باشی,7
فقه,7
غذای,7
سوار,7
روزه,7
ببینم,7
نداند,7
جوهر,7
فیها,7
میدانند,7
مریم,7
بخت,7
سخنست,7
تازی,7
بمقصود,7
هوا,7
سنگ,7
میگفتند,7
لون,7
چپ,7
تاریک,7
تابستان,7
دزدی,7
خوار,7
شاهد,7
گواه,7
ذره,7
میخواست,7
فراغت,7
بوقت,7
کرده_بود,7
اثبات,7
ظالم,7
بگذرد,7
غلامان,7
بمعنی,7
امیری,7
صالح,7
ممتاز,7
بعلم,7
منازل,7
بجایی,7
آدمیست,7
حضور,7
بحث,7
راهها,7
مستی,7
انی,7
نهی,7
سررشته,7
چنانست,7
مشتی,7
دروغ,7
ازینجا,7
کذا,7
قالوا,7
اسرار,7
شهری,7
کیست,7
دانی,7
درویش,7
سخنی,7
شفقت,7
نمیکند,7
بام,7
الحق,7
رسیدند,7
نمیدانند,7
کثیف,7
تصورات,7
مقدور,7
مطالعه,7
مییابند,7
طعام,7
کودک,7
بمجرد,7
رکوع,7
مطلع,7
مزه,7
یرید,7
الشکر,7
منصب,6
اصلاح,6
ماهی,6
عطا,6
بخشش,6
بخشد,6
قل,6
دربند,6
منتظر,6
مقهور,6
گلستان,6
مسلمانان,6
تدبیر,6
سپید,6
دولت,6
آوردی,6
بقای,6
فدا,6
خراب,6
عزوجل,6
بغایت,6
شکم,6
بیان,6
پشیمان,6
مرغی,6
نشست,6
لابد,6
معمور,6
گردش,6
کف,6
کرامت,6
غیرت,6
می‌گوید,6
برادر,6
سئوال,6
راهی,6
قبله,6
بیچاره,6
گردانید,6
حاجات,6
رد,6
کردهام,6
فرستاد,6
السموات,6
الارض,6
معطل,6
؟! ,6
زد,6
نجوم,6
توست,6
ستاره,6
اسبان,6
شناخت,6
جماعتی,6
دانش,6
فوت,6
میدهند,6
مرغان,6
توقع,6
راضی,6
مشرف,6
اعتبار,6
مغز,6
معنیست,6
دروست,6
متوقع,6
افتاده_است,6
بسخن,6
تحسین,6
پرسید,6
نمیدانم,6
مادام,6
عیب,6
نیم,6
برنجد,6
جوی,6
مسخره,6
نمیکرد,6
نمانده_است,6
آیی,6
حظ,6
ببینند,6
میآورند,6
ششم,6
روند,6
بکاری,6
لو,6
کودکی,6
غضب,6
پایان,6
فراق,6
شادی,6
هفتم,6
آبست,6
پرورده,6
پیشین,6
هشتم,6
آرزو,6
بفرماید,6
میبینیم,6
شمع,6
هلاک,6
نهم,6
بزیارت,6
مبغوض,6
همدگر,6
همانست,6
حرکت,6
صورتی,6
میزاید,6
قدیم,6
بایست,6
افتد,6
منقطع,6
شنیدن,6
حواس,6
نمک,6
وان,6
مشاهده,6
قطع,6
یعمل,6
یره,6
بیمار,6
مزاج,6
خرج,6
باور,6
میدانیم,6
رجوع,6
میبرند,6
گنج,6
بعقل,6
میگویم,6
خواهد_کردن,6
ایشانست,6
اندیشهای,6
فلا,6
روشنی,6
زاری,6
منصور,6
گفتهاند,6
اعتراض,6
مطلق,6
اولیای,6
پیر,6
بشنود,6
ولا,6
هنرها,6
روست,6
حجت,6
بقول,6
تقریر,6
مار,6
علیهم,6
سفر,6
مقابلهٔ,6
عذاب,6
شمس,6
نمیتوانی,6
طمع,6
تشویش,6
لک,6
دلیلی,6
نظام,6
زیادتی,6
لایرضی,6
انت,6
احد,6
ماء,6
جسم,6
قلبه,6
محب,6
فروختن,6
لغیره,6
نهند,6
میوهٔ,6
اندازهٔ,6
عزم,6
میگوئی,6
جبه,6
حلوا,6
کما,6
السلطان,6
یحب,6
شحنه,6
شده_بود,6
لاشک,6
لان,6
ماهو,6
لانه,6
الامر,6
النهی,6
قیل,6
رضای,6
گردان,6
موجودات,6
والا,6
لوازمه,6
مضمرست,6
مبدل,5
بوده_باشد,5
صواب,5
نباشند,5
درختان,5
خیرا,5
عباس,5
اومید,5
بریده,5
کشتن,5
شاد,5
دشمنان,5
بچشم,5
بینید,5
گاو,5
گشته,5
اضعاف,5
گردانم,5
میطلبد,5
شدهٔ,5
انگشت,5
بگوش,5
میدهی,5
قادر,5
پشیمانی,5
آمده_است,5
خیالات,5
پنهانست,5
خواهم_، ,5
میآورد,5
چونست,5
قایم,5
بنماید,5
نشستن,5
مخالف,5
قانع,5
بردن,5
جنبیدن,5
زین,5
عرف,5
بدم,5
امان,5
خطیر,5
بسبب,5
برآید,5
عذر,5
مشوش,5
مقرب,5
صورتها,5
عاجز,5
مسکین,5
ویند,5
مسخر,5
سرای,5
بدو,5
نمودن,5
میآرد,5
شکسته,5
آمدیم,5
جست,5
فانی,5
سید,5
بشناسد,5
هنر,5
امتحان,5
عقول,5
موی,5
صافی,5
درختی,5
همهٔ,5
باقیست,5
عوض,5
انکار,5
جو,5
پنجم,5
فیکون,5
نمیدانست,5
کلمهٔ,5
برگیرد,5
دلش,5
نمیگنجد,5
نمیخواهم,5
خواهی_که,5
بلندی,5
روشنایی,5
میگیرند,5
بجان,5
بودندی,5
یخ,5
کوزه,5
مشغولی,5
گنجد,5
میشنوند,5
درعالم,5
دعا,5
حشم,5
تیره,5
رنگ,5
صاف,5
بحر,5
وهمچنین,5
سرما,5
بلا,5
بجهد,5
بسوزد,5
تلخی,5
وعده,5
پوشیده,5
چرخ,5
گوینده,5
خواهد_شدن,5
منزهست,5
خاموش,5
رفتند,5
بزرگان,5
بشکند,5
اعزاز,5
عدد,5
نمیکنند,5
آهو,5
غیب,5
موجود,5
جرم,5
دیدار,5
قدح,5
سخنهای,5
جمعیت,5
میتابد,5
ثبات,5
عهد,5
یسبح,5
بحمده,5
فرقی,5
رکعت,5
فمن,5
مثقال,5
ذرة,5
فاسد,5
حجب,5
تعلیم,5
نبینند,5
مبین,5
عزیز,5
گوهری,5
مظلوم,5
مغرب,5
بمغرب,5
عطای,5
حقیقی,5
محکوم,5
نیکو,5
انک,5
سوخته,5
درویشان,5
ناطق,5
اعدا,5
شعاع,5
غروب,5
صدقه,5
بمراد,5
النفس,5
طاس,5
مینهد,5
تفرج,5
جمیع,5
میروند,5
عشقی,5
شقی,5
نار,5
نذر,5
کفارت,5
مقید,5
زکریا,5
ساله,5
اهلها,5
ببین,5
ذرهٔ,5
دعوت,5
روستایی,5
ممیزی,5
گشتند,5
بیم,5
محققان,5
حالی,5
آفرید,5
کلست,5
الصید,5
خواهد_دادن,5
فرشته,5
مؤمنان,5
مجاهدها,5
لطفی,5
سازند,5
ابن,5
دیدم,5
گذشت,5
کشیدن,5
مجاهدهٔ,5
آستین,5
مبالغه,5
میپنداری,5
مردک,5
تقصیر,5
شکایت,5
یکم,5
منه,5
شیئا,5
مکروه,5
الشیخ,5
المال,5
شاءالله,5
جل,5
ادب,5
احکام,5
قوام,5
بچندین,5
درآمد,5
نمیماند,5
نشانی,5
درزی,5
طلبی,5
استفراغ,5
عامست,5
لقمهٔ,5
ارض,5
قلت,5
وجدنا,5
فقر,5
فایدهٔ,5
دلها,5
فصاحت,5
بلاغت,5
نقد,5
ناخوش,5
پدرش,5
تخصیص,5
الحال,5
غلط,5
پردهای,5
الرؤیة,5
لایکون,5
باخبر,5
ابوبکر,5
عسل,5
ثنای,5
لباس,5
ظل,5
بالخیر,4
گرفتهاند,4
زیارت,4
ترس,4
وفق,4
زندگانی,4
آگاه,4
ایها,4
خندهام,4
میبری,4
لشکرها,4
برخود,4
قادری,4
نمیدید,4
اللیل,4
مالها,4
دفن,4
وصیت,4
چندینی,4
برآورد,4
شک,4
شرک,4
بشنوم,4
خوفست,4
مبر,4
عالی,4
صورتهای,4
فریاد,4
میکن,4
نمیباید,4
اولی,4
جوش,4
نرود,4
میشوی,4
یوم,4
بگفت,4
مصاف,4
میزد,4
دیوانه,4
لطیفست,4
تیمار,4
چراغی,4
کژی,4
خطر,4
رفتی,4
بدریا,4
رسیدن,4
کرده_باشند,4
دریای,4
الحیوة,4
قلب,4
افلاک,4
دانا,4
خالی,4
لا,4
بطاعت,4
مستحق,4
التفات,4
نمازست,4
یافتند,4
بقبله,4
بنور,4
زمینها,4
زند,4
ازتو,4
حکایتی,4
نهادی,4
نگشتی,4
منها,4
السماء,4
چوبین,4
الجنة,4
طب,4
نحس,4
تأمل,4
عروج,4
نفع,4
عند,4
صف,4
آنجاست,4
الهوی,4
برهان,4
پسر,4
زرد,4
غربیل,4
دقیق,4
حل,4
خلاف,4
دزد,4
چهارم,4
تشریف,4
دانه,4
شده_باشد,4
فدای,4
انسان,4
خشک,4
باصل,4
محروم,4
تعجب,4
میدانست,4
بزبان,4
گرفته_بود,4
ازوی,4
مقصودست,4
بحال,4
حوض,4
شاخها,4
واصل,4
دلی,4
آیینه,4
نمیرود,4
رنجش,4
امکان,4
مردن,4
رسیده_است,4
ندا,4
طلبند,4
میخواهند,4
زندگی,4
مکر,4
ساختن,4
بظاهر,4
وسواس,4
سردی,4
وعلی,4
یوما,4
بدید,4
عرش,4
چیزهاست,4
بگذارد,4
میجوید,4
ظاهرست,4
کاغذ,4
میزدند,4
بطلب,4
بیحد,4
خدایی,4
بگردد,4
دینی,4
مستمع,4
بنان,4
همی,4
آموزد,4
یادش,4
پناه,4
لقد,4
قرین,4
بدیست,4
نقاب,4
طعامها,4
نقابها,4
زهر,4
برگ,4
طاقت,4
آراسته,4
الم,4
بهاءالدین,4
نگوییم,4
خلوت,4
ازینها,4
واقع,4
انتظار,4
آوازهٔ,4
خداوند,4
بده,4
حشر,4
آشنایی,4
بدانند,4
فرما,4
کشید,4
میشوم,4
میداد,4
صحرا,4
بریان,4
اشارت,4
بیهوش,4
جماعت,4
گوشه,4
سیه,4
نایب,4
محو,4
حس,4
میجنبد,4
میپندارند,4
عیش,4
شهرها,4
بنایی,4
خلقت,4
مهیج,4
دیده_است,4
انطالیه,4
نگوید,4
نتوانند,4
گمان,4
نشسته_است,4
میگذرد,4
بیرونی,4
نمیگذارد,4
نبشتن,4
دخل,4
یگانه,4
رسوا,4
گشتی,4
خوبان,4
الاسلام,4
میخیزد,4
اضافت,4
مخالفت,4
فرمان,4
بردار,4
دشنام,4
بروم,4
جزا,4
قلعه,4
برکت,4
الجمله,4
مفید,4
نوری,4
نصیب,4
گریزانست,4
جماد,4
اسبی,4
نامی,4
آفتابست,4
کسان,4
هوالله,4
وباز,4
الیه,4
میدانی,4
نشوند,4
خنک,4
محله,4
قوتی,4
نیاز,4
بن,4
برف,4
قیاس,4
مخور,4
سعید,4
عوام,4
هان,4
بزرگتر,4
بیحرف,4
اولیااند,4
بخششها,4
دریده,4
اغیار,4
بسته,4
محبوبست,4
نکرده_است,4
میزنند,4
بعمل,4
معتبر,4
بنما,4
منزل,4
مکان,4
شور,4
تتبین,4
نیمش,4
ادنی,4
استغفار,4
قوتها,4
نتوانی,4
میدارند,4
نظرشان,4
کنزا,4
مخفیا,4
فاحببت,4
اعرف,4
مه,4
کودکان,4
گردکان,4
غفلتست,4
نشسته,4
بسیارند,4
خواهند_که,4
اندر,4
احسنت,4
تاج,4
نخوانند,4
آرایش,4
عاشقم,4
تسلیم,4
متألم,4
فتنه,4
سیلی,4
مدتی,4
روحانی,4
ملالت,4
خوشتر,4
برقی,4
مستغنی,4
تونی,4
بامداد,4
ملایکه,4
الحمدلله,4
کفک,4
تسبیحی,4
میگریزد,4
هیزم,4
دیک,4
گریختن,4
خو,4
نبینی,4
نمد,4
الیس,4
فاذا,4
واحد,4
الظلمة,4
لیس,4
اختلاف,4
کفرست,4
بشر,4
مختار,4
درم,4
باغبان,4
جلاله,4
لطیفتر,4
اشکال,4
حاکم,4
استعداد,4
بیزار,4
نحو,4
فرزندی,4
اعضا,4
خلیفه,4
چیزند,4
میطلبند,4
ثنا,4
رشوت,4
دروغست,4
کمان,4
ضبط,4
رؤیت,4
وانا,4
آمدم,4
خار,4
طفلی,4
صلوه,4
یکبار,4
رفته_باشد,4
معلم,4
جمادست,4
کشی,4
بشمشیر,4
زدن,4
اختراع,4
طعامی,4
اوراد,4
سالکان,4
بحکم,4
عادت,4
ویران,4
المسیحی,4
وجدت,4
ابیک,4
تربیت,4
تلک,4
الحیوان,4
الشیء,4
پردها,4
زوال,4
نشیند,4
محمود,4
خشمگین,4
دزدان,4
خواهد_و,4
خط,4
تمنا,4
لایمکن,4
الفراش,4
العنایة,4
البیت,4
مهندس,4
جزویست,4
مناظره,4
روید,4
محسوسات,4
دود,4
طفلان,4
خوری,4
وضوی,4
شاهدان,4
خوارزم,4
بمثال,4
نبادا,4
خاکستر,4
بواسطه,4
تنگست,4
اثرها,4
سنت,4
لکل,4
بتحصیل,4
السلم,4
الیهودی,4
اللبن,4
قی,4
بردند,4
رجحان,4
نجویی,4
شیرینی,4
دویست,4
گرما,4
نیامد,4
گوسفندان,4
صاع,4
بافراط,4
غنا,4
بنشیند,4
تواتر,4
بجنبد,4
دویدن,4
ابدانست,4
ادیانست,4
خیالست,4
الرحمن,3
نعم,3
باب,3
الفقیر,3
نیت,3
حرمت,3
زایر,3
مزور,3
سبیل,3
یاقوت,3
خاکی,3
کانهای,3
نقره,3
سبز,3
پیشهٔ,3
بدهد,3
مما,3
عجز,3
میگریستند,3
بشریت,3
بزور,3
رضوان,3
عیان,3
شوکت,3
توبه,3
الحی,3
الکافرون,3
مذهب,3
رفته_است,3
مانده_است,3
ایثار,3
میخواهی,3
نشدی,3
سریست,3
نهان,3
بریدن,3
برهاند,3
انداخت,3
تضرع,3
درحالت,3
دون,3
منور,3
نما,3
ترسان,3
میباش,3
بباغ,3
دکان,3
اصلش,3
ممیز,3
پرورش,3
برزند,3
عصای,3
زنهار,3
اولیاست,3
للناس,3
منجم,3
ربه,3
آینهٔ,3
ولقد,3
کرمنا,3
بنی,3
نخواهد_که,3
ثواب,3
خویشان,3
لی,3
فیه,3
میماند,3
بنماز,3
موافقت,3
بگذشت,3
مستهلک,3
ساخته_است,3
نیامدی,3
چاره,3
میدان,3
شیران,3
نهنگان,3
لرزان,3
دامن,3
برآرد,3
نامها,3
چرمدان,3
بحضرت,3
باک,3
امانت,3
حیران,3
کوهها,3
میپذیرد,3
نمیکنم,3
خزاین,3
نمیدارم,3
خنده,3
تعالى,3
لهم,3
نکشد,3
سعد,3
طالع,3
تفاصیل,3
خاصیت,3
ربی,3
غذا,3
میآمد,3
محقق,3
فلانی,3
دانم,3
نشانهای,3
نزدیکتر,3
جایز,3
حلال,3
دیگرگون,3
نتوانم,3
لطفست,3
نگذشت,3
مرتبهٔ,3
مشغولید,3
الصلوة,3
درویشی,3
بنزد,3
انعامند,3
مقبول,3
جمادی,3
مالا,3
صنعت,3
آورند,3
انعام,3
هوس,3
زه,3
پیوندد,3
بهره,3
دیو,3
خورش,3
محتاجست,3
شاعر,3
غلامی,3
استر,3
شکار,3
معلومست,3
نگفتی,3
مشایخ,3
گوشهٔ,3
قالی,3
جنبشی,3
عقلا,3
میرنجی,3
کین,3
برهم,3
الکافر,3
تنگ,3
بمیر,3
بمیرد,3
ممکنست,3
جلال,3
بهرهمند,3
تونیست,3
ارزد,3
غرضشان,3
افتند,3
اندازد,3
ودل,3
پران,3
وقالوا,3
یوسف,3
ژاژ,3
قلوبهم,3
سیراب,3
میخورند,3
خمر,3
رگ,3
اتابک,3
دختر,3
واین,3
دنیاست,3
موش,3
بزیر,3
مشغولست,3
کسب,3
معتقد,3
نظیرش,3
عندنا,3
خزائنه,3
حدست,3
دارو,3
سوره,3
رمزی,3
سیم,3
دشت,3
تشنگی,3
طرفی,3
میفرستد,3
اتفاق,3
توحید,3
طبل,3
بپادشاه,3
تأخیر,3
منافقان,3
نگیرد,3
چشمم,3
وزیر,3
ارکان,3
مریدی,3
غمگین,3
کوته,3
لیک,3
عارضی,3
تیرگیها,3
ویم,3
آمیزش,3
دورتر,3
طبیعت,3
بدانک,3
آرند,3
بیع,3
آرزوها,3
انواع,3
باغها,3
شرابها,3
آرزوی,3
آسیب,3
بیکبار,3
آفریده,3
میگیریم,3
تلخ,3
مدرک,3
سوختگی,3
رسانیدن,3
صعب,3
دشوار,3
ناله,3
میافتد,3
قبیح,3
میدیدی,3
مستعارست,3
گذشتن,3
دیدیم,3
متأثر,3
رنجور,3
بیچونست,3
بمصطفی,3
میگیر,3
بیخود,3
رادیده,3
قرن,3
کرسی,3
نمیگوید,3
حرفی,3
سنگین,3
میریزد,3
نیابند,3
شناسم,3
برتو,3
کدامست,3
ابریق,3
ندید,3
برسید,3
طالبان,3
باران,3
معشوقی,3
گردانیده,3
عینی,3
سمع,3
عضوی,3
عضو,3
ناقص,3
حسی,3
بانگی,3
بباد,3
جنبش,3
پلنگ,3
خدمتها,3
لولاک,3
الافلاک,3
دوزد,3
وفا,3
کنیزکی,3
زشتی,3
نرسند,3
شکست,3
نرسید,3
حاجتست,3
تفضیل,3
انبیاء,3
بعضهم,3
مقامات,3
میروم,3
محجوب,3
لطفهای,3
موافق,3
بطبیب,3
بعدازان,3
ظلمات,3
بخواند,3
حرفتها,3
نویسد,3
بامر,3
متصل,3
نمیکنی,3
دقایق,3
گشته_بود,3
زحمت,3
واجب,3
معیل,3
تحقیق,3
خورده,3
بسوخت,3
وآنچ,3
هردو,3
کانوا,3
سالار,3
بیابان,3
اویند,3
سپاهی,3
گذرد,3
ضلالت,3
سینه,3
بروید,3
بنمایید,3
گربه,3
گلزار,3
کوچک,3
بگفتن,3
خارخاری,3
شهوات,3
جمادات,3
دی,3
هوای,3
تموز,3
کلمات,3
اعدای,3
علوی,3
صور,3
فعال,3
مر,3
بچیزی,3
رساند,3
لطفها,3
خانها,3
علامت,3
طویل,3
خالص,3
دندان,3
ودرد,3
می‌گویند,3
اخلاص,3
فان,3
انموذج,3
طبلها,3
نهادهاند,3
چشمها,3
فرستادند,3
بینهایت,3
طبله,3
بدر,3
می‌کند,3
آمدهاند,3
لطیفند,3
نمیآیند,3
صلح,3
دریاست,3
ودردی,3
نیابد,3
حرامست,3
رحمة,3
خوارزمشاه,3
بکشند,3
آدمیی,3
بسته_بود,3
همنشین,3
قبض,3
نصیحت,3
بردارد,3
نیکیست,3
معاذالله,3
اندیشید,3
طین,3
یمین,3
جاء,3
خری,3
محبوس,3
پردهٔ,3
پندارند,3
برآمد,3
رست,3
حقتعالی,3
خلقی,3
بالغ,3
کندو,3
برداشته,3
مگویید,3
الحکمة,3
النار,3
علینا,3
الماء,3
صدق,3
نهید,3
سرهای,3
کاسها,3
مرصع,3
گرسنه,3
نباشی,3
آورده_است,3
زخم,3
حامل,3
بشنوی,3
کسیست,3
میشنوی,3
محرم,3
بتن,3
دلدارم,3
تحصیلها,3
نفیس,3
کتب,3
وعظ,3
نمیبینند,3
منافق,3
آفتی,3
کاهل,3
داروی,3
گلها,3
شنوی,3
بت,3
وبضدها,3
مقابله,3
غلب,3
عقله,3
فهو,3
اعلی,3
متابعت,3
شیاطین,3
کشند,3
گروه,3
تسبیح,3
آلتها,3
ثمین,3
مرکب,3
ولو,3
مقری,3
بیخبر,3
نمیشناسد,3
گرفته_است,3
البحر,3
القرآن,3
بست,3
نیرزد,3
میرفت,3
آسایش,3
بغداد,3
چنیناند,3
ازما,3
دوری,3
نغز,3
آبی,3
چاه,3
عاقلی,3
برمن,3
خواهد_رفتن,3
مردان,3
دانشمندان,3
طوق,3
الذین,3
صلاتهم,3
آدمیتی,3
میرساند,3
تهذیب,3
زنان,3
میگردی,3
درآن,3
آمده_بودند,3
بران,3
الحقیقه,3
خواجه,3
مستوران,3
الدماء,3
تیز,3
اقرار,3
ذوقی,3
بادبان,3
هرچیز,3
نبرد,3
پول,3
شریف,3
خطاب,3
فارغست,3
میگریزند,3
کژست,3
مولانای,3
ایست,3
طناب,3
لذتها,3
میسازد,3
نمیدارد,3
نشنود,3
بزنی,3
عبادت,3
الاصل,3
چاوش,3
حفظ,3
الغیب,3
قط,3
شیء,3
الشفقة,3
عنده,3
الاولیاء,3
الانبیاء,3
علیک,3
لکم,3
فعلم,3
جانب,3
میشدند,3
یگانگی,3
متصرف,3
متفق,3
راههای,3
نهادن,3
شستن,3
غلیظ,3
بعبارت,3
الحرام,3
شاء,3
درآییم,3
خاصان,3
وصال,3
تعبیرش,3
شبهه,3
فتنهٔ,3
عدل,3
بنیتی,3
آسمانست,3
بطن,3
معظم,3
مجلد,3
میآرند,3
میسازند,3
تقدیرا,3
متواضع,3
شاخی,3
میوهای,3
سبق,3
روشن,3
نگرند,3
باول,3
اعضای,3
بال,3
مجسم,3
تشنه,3
چشمش,3
نیند,3
سکر,3
عذرخواستن,3
امی,3
معرف,3
نمیگوئی,3
عملی,3
مهر,3
رجولیت,3
مطلوبست,3
پنهانی,3
تنبیه,3
نمیهلد,3
ندیده_است,3
گریه,3
تادر,3
چنگال,3
شکرست,3
بمقام,3
منم,3
طایفهٔ,3
کشد,3
مهمانان,3
انسانی,3
مخفی,3
سهل,3
اودر,3
فقیر,3
محتلم,3
ظالمان,3
اعلم,3
اولیتر,3
وهر,3
حیث,3
کوتاه,3
الملوک,3
شرب,3
عندی,3
یهرب,3
راح,3
روحه,3
صحیح,3
تقول,3
حدة,3
احسن,3
بالله,3
ید,3
لعینه,3
الثیاب,3
بکلاه,3
نجنبد,3
امام,3
ینظر,3
نرفت,3
قتل,3
مییابد,3
سمعت,3
مرض,3
فکیف,3
بیفزاید,3
جلالت,3
خندهٔ,3
وحشی,3
المیدان,3
غنی,3
الباطن,3
للخیر,3
قفل,3
اجزا,3
حدوث,3
دیدهاند,3
نشانها,3
غراب,3
صلوة,3
ناچار,3
فقرا,3
ریحان,3
نمیخواهی,3
بحدی,3
مشهور,3
نقدست,3
چوبها,3
محلها,3
گنده,3
نمازش,3
مستولی,3
بگذاشت,3
نعرهٔ,3
نامه,3
شنیدهٔ,3
گرسنگی,3
لاف,3
علمت,3
نکردند,3
عندالله,3
عادل,3
خفته,3
کاروان,3
اسفل,3
سفلی,3
نحوی,3
وهو,3
اولئک,3
الحجر,3
لکن,3
غصه,3
حسرت,3
رضا,3
پستان,3
ذرات,3
فقیه,3
بخشید,3
گدایی,3
شروع,3
باثر,3
هریسه,3
میزنی,3
خبری,3
محفل,3
مسئلهٔ,3
لایصح,3
لاتأکل,3
وارادة,3
لوازم,3
التی,3
الشرور,3
فکان,3
امرنا,3
واجبست,3
الاعراب,3
سوختن,3
میدود,3
درخواب,3
غواصی,3
فضیلت,3
عجبست,3
ملزم,3
غافلست,3
نمیبینم,3
واسطهٔ,3
لطافت,3
واسطه,3
بخیر,3
مثالی,3
یمیت,3
مسبح,3
واعظ,3
کامن,3
عدمها,3
متجزی,3
دماغ,3
صورته,3
مستعار,3
ساخت,3
عنایتست,3
فلق,3
زادی,3
لرزه,3
تنهٔ,3
نقصان,3
خدمتست,3
جبهٔ,3
مطلوبی,3
مطالعهٔ,3
اعظم,3
بسم,2
العلماء,2
زار,2
الامراء,2
الامیر,2
عالمان,2
پنداشتهاند,2
سیاست,2
آخرا,2
زاجر,2
هیبت,2
العموم,2
سنگها,2
مس,2
میوههای,2
عطاست,2
تعلمنا,2
خاطرم,2
می‌آید,2
لمن,2
قلوبکم,2
غفور,2
نزول,2
تیغ,2
بخندید,2
غل,2
ظفر,2
شادمان,2
طرب,2
بغل,2
ابدی,2
فغان,2
پهلوانی,2
نکردهاید,2
وخود,2
مبرید,2
قادرم,2
برهانم,2
یولج,2
النهار,2
یخرج,2
المیت,2
لایبأس,2
القوم,2
مالی,2
بتاراج,2
تلف,2
بردهاند,2
کهنه,2
نکردهاند,2
موضع,2
بمادر,2
بسلامت,2
بفلان,2
بشنید,2
بصدق,2
اقبال,2
ملوک,2
شداد,2
شنیدم,2
زنار,2
کثرت,2
ندیدی,2
ندانستی,2
نقص,2
صدقها,2
افتادی,2
اسبابی,2
کوشی,2
ودرین,2
اومیدوار,2
ارنی,2
کماهی,2
مینمایی,2
تصوری,2
میبریم,2
برید,2
نمی‌فرماید,2
کهربا,2
جنسیت,2
خفیست,2
بدکان,2
جایگاه,2
حلو,2
خرما,2
اعداد,2
جعلنا,2
نمیتواند,2
شناختن,2
پروردی,2
بودهٔ,2
غیرذلک,2
آوردهٔ,2
چراغست,2
کژیها,2
برخاست,2
پادشاهان,2
درآیند,2
اژدها,2
خطرست,2
معشوقست,2
حیفست,2
عاقلان,2
علمهای,2
کفی,2
موجها,2
الخیل,2
عاریت,2
وز,2
قدرست,2
کردهایم,2
بقال,2
آشنا,2
لمحه,2
بلمحه,2
بندگانند,2
بحکمت,2
میپوشانند,2
جانم,2
بخدمتست,2
نمی‌توانم,2
مسلمانیست,2
بمال,2
آرید,2
درجات,2
گیاه,2
کره,2
قیام,2
احترام,2
بدوستان,2
عقاب,2
اولیست,2
آخری,2
حکایتست,2
العالم,2
العظیم,2
خواجگی,2
کرده_بودند,2
خواندم,2
منت,2
حقی,2
پلنگان,2
عظیمست,2
برجای,2
قرب,2
رسم,2
گزید,2
طلبد,2
عرضه,2
مدهوش,2
ظهر,2
ثبت,2
مضاعف,2
بحصول,2
قصهای,2
نگزاردی,2
نکرده_باشد,2
والارض,2
وحملها,2
ظلوما,2
جهولا,2
نتوانست,2
نیافریدهاند,2
هندی,2
دیگ,2
ذرهای,2
کدوی,2
کردهای,2
کدو,2
برمیآید,2
دیناری,2
اشتری,2
جهانی,2
نمیدانی,2
گران,2
روزگار,2
بهای,2
فروشی,2
میآوری,2
ارزانی,2
فرعهای,2
هبوط,2
میپروری,2
آخور,2
ماندهای,2
شاهان,2
امیران,2
دیار,2
میراند,2
میگشت,2
فرصت,2
مییافت,2
افغان,2
العزیز,2
مرتبت,2
شناخته_است,2
خودی,2
عارضیست,2
اندازی,2
آموخته_است,2
دلم,2
میبایست,2
چاکران,2
عزیزست,2
قاصر,2
نیستید,2
هماره,2
برنمیآید,2
چناک,2
دربایست,2
برنیاید,2
رکعتین,2
ملکت,2
آخرند,2
عالیتر,2
طبق,2
فما,2
ننمود,2
استادی,2
فرهنگ,2
شوندو,2
وصله,2
دهدو,2
نخواهد_کردن,2
بکارد,2
برنج,2
نادرند,2
دوا,2
مسیح,2
زاییده,2
پست,2
شاعری,2
بتازی,2
تخت,2
ترتیب,2
بپای,2
میشد,2
سرجنبانیدن,2
مجلس,2
برما,2
گردن,2
الهام,2
دلخوش,2
فروعست,2
مباینت,2
خاشاک,2
زره,2
متفاوت,2
بادست,2
دردی,2
میدید,2
حرص,2
کبر,2
میرمی,2
فرخجی,2
مجروح,2
آش,2
بانگشت,2
دنبلی,2
برمد,2
میبنید,2
هراسان,2
نمیشد,2
مسخرهٔ,2
پذیرفتند,2
نمیداشت,2
قلتبانی,2
خارج,2
خفاش,2
خواهم_که,2
تونیز,2
قربت,2
درمن,2
نهادهٔ,2
عمری,2
روزهٔ,2
بعمر,2
تفاوت,2
جاه,2
مکه,2
بلاد,2
معود,2
بفروشد,2
ازگوهر,2
پرست,2
لعنهم,2
بکفرهم,2
غلاف,2
می‌فرماید,2
گشته_است,2
ختم,2
نشنیدهاند,2
بساخت,2
مانده_بود,2
سخنش,2
قفس,2
موشی,2
باغی,2
سخنشان,2
نمییابد,2
الغطاء,2
ازددت,2
میگردند,2
بیپایانست,2
ننزله,2
معدن,2
بیحدست,2
کلمه,2
ابلهان,2
واقفست,2
نشستهاند,2
سرخ,2
شنیدند,2
نبودند,2
عطار,2
اعتقادست,2
قطرهٔ,2
زیانش,2
زرها,2
ریختند,2
خزینه,2
بیپایان,2
گوهرهاست,2
مشتاق,2
میکردیم,2
نابایست,2
بکمال,2
نمازی,2
ونماز,2
فاضلتر,2
ساقط,2
رخصت,2
عذری,2
تبدل,2
متبدل,2
فرقهای,2
بدگر,2
نگرد,2
روشناییش,2
نظرها,2
کردندی,2
زدی,2
خوردی,2
خوان,2
وگفت,2
نبودمی,2
پاکی,2
الظلمات,2
سرشت,2
رنگهای,2
برهد,2
بیقین,2
بیتی,2
وقف,2
گواهند,2
عملها,2
وهمه,2
وجواب,2
بیکباره,2
مشکل,2
پوستینی,2
تنوری,2
غار,2
مانده,2
رختها,2
بهرمند,2
میرویم,2
ترش,2
پخته,2
فلما,2
حمل,2
بیقرار,2
نشکیبد,2
بزند,2
ازحق,2
عقلی,2
مکالمت,2
بامن,2
بدانم,2
نیکان,2
ندهم,2
تأدیب,2
آواره,2
چونش,2
عجبش,2
حکیمی,2
میدانم,2
فربه,2
شکفته,2
باریدن,2
دینه,2
ساختهاند,2
بشناسند,2
سیاهی,2
میترسم,2
دلیر,2
مادرش,2
منش,2
زده_است,2
رحمةالله,2
بیارید,2
بینقش,2
دانستم,2
فلانست,2
چله,2
جامع,2
بیفتد,2
بزد,2
ننمایند,2
مقصودهای,2
دیرست,2
بخانه,2
صحرایی,2
کنج,2
بچگان,2
لابن,2
ماوی,2
ولیس,2
پناهست,2
جایست,2
رانندهٔ,2
خاطرش,2
خودست,2
اینچ,2
القلوب,2
تتشاهد,2
کفتیست,2
می‌دهد,2
حظیست,2
افزونتر,2
جسمانی,2
بآواز,2
خیالک,2
واسمک,2
فمی,2
وذکرک,2
قلبی,2
اکتب,2
نطلبند,2
طلبیدن,2
یافته_است,2
جمعند,2
میپرد,2
پرش,2
اجزاش,2
انگبین,2
یکسان,2
حسبة,2
شیری,2
آهوی,2
ونماند,2
شیرو,2
بنمایند,2
بجمال,2
ازوست,2
پایدار,2
میباشد,2
الیقین,2
غایب,2
قدحی,2
بکف,2
دستش,2
بقصد,2
تبع,2
پادشاهست,2
آفریدم,2
میبافد,2
سوزن,2
درنگری,2
پشه,2
خیانت,2
معاینه,2
لغت,2
عرفا,2
اعراض,2
بارداد,2
آفات,2
حاجیی,2
بریه,2
روانست,2
برانبیا,2
گذشتهاند,2
بعض,2
بینشانست,2
باهل,2
ندانند,2
کاروانی,2
مسافت,2
ولیی,2
اولیاء,2
بیزارم,2
صوم,2
بکدام,2
فتوی,2
سبک,2
سرکه,2
برقرار,2
تدبیرهای,2
پردهاست,2
سان,2
درزیی,2
مهمانی,2
خرجها,2
سخنیم,2
متصلیم,2
مویز,2
درهای,2
معارف,2
موعظه,2
جایها,2
جلوه,2
برگیر,2
سرم,2
بیندازد,2
مشتاقیم,2
آییم,2
حسنات,2
بغیر,2
مظلومست,2
زننده,2
میریخت,2
غارت,2
توفیق,2
یعملون,2
رعایای,2
باصلاح,2
بفرمان,2
امیرست,2
صرفند,2
تناند,2
تکل,2
شلال,2
لیلة,2
استارهٔ,2
اولش,2
جزاست,2
لعلی,2
نافع,2
پشهٔ,2
العارف,2
دینار,2
برگمارد,2
سبزه,2
دانستند,2
بگوی,2
او‌تری,2
سیل,2
بباید,2
الآدمی,2
وحکمت,2
ودیدار,2
دیست,2
منجمدند,2
منجمدست,2
بگدازند,2
سد,2
اونیز,2
طفلست,2
پیرست,2
الجهاد,2
جهاد,2
بیواسطهٔ,2
بیآلت,2
جوهری,2
ناپسند,2
مشکست,2
طلبید,2
بربوی,2
اسم,2
گشتن,2
نورست,2
جدایی,2
وبعضی,2
راهست,2
تقصره,2
مضی,2
مخلص,2
ریایی,2
بشب,2
مستور,2
قبضه,2
خوانند,2
تهمت,2
بسر,2
رنجوری,2
عدوی,2
تاریکی,2
فرخ,2
بکسی,2
بحکایت,2
شیوه,2
بعلینی,2
تجارت,2
هرکرا,2
وقوف,2
حیوانات,2
نسیم,2
گلزارها,2
ریاحین,2
متغیر,2
آبند,2
ماهیان,2
ماران,2
درنظر,2
تقاضایی,2
منصبی,2
نیامده,2
مقصودها,2
پایهای,2
نردبان,2
مغلان,2
مغل,2
بازچون,2
الجماعة,2
وحدت,2
مساجد,2
عور,2
محتشم,2
گشتهاند,2
بودو,2
میآمدند,2
بروند,2
مقرند,2
معاصی,2
یخها,2
گشاد,2
بسط,2
ازلی,2
تقدیر,2
شرا,2
خلقتنی,2
وخلقته,2
یانی,2
بنیت,2
بآسمان,2
طیبات,2
زراعت,2
سفرها,2
عمارتها,2
بهارست,2
تنعم,2
بشکافت,2
ازنار,2
حبل,2
حجابها,2
بهرکس,2
لاتعطوا,2
فتظلموها,2
فتظلموهم,2
شاهدی,2
عطاها,2
ریزید,2
الکرام,2
آبهای,2
افیضوا,2
رزقکم,2
بپوشانید,2
پلید,2
محبوبی,2
خوبتر,2
جام,2
مینوشم,2
قدحست,2
شوقی,2
بنظر,2
کون,2
نقشهای,2
نقشها,2
نمی‌ماند,2
رادو,2
العلم,2
سباح,2
درگفت,2
زدهاند,2
چها,2
عاد,2
دورا,2
مرتبه,2
لایمسه,2
المطهرون,2
سماع,2
بتر,2
اشتهای,2
کالا,2
بردم,2
درس,2
تصنیف,2
تذکیر,2
ورزیدن,2
عملست,2
نماییم,2
مشتری,2
عامل,2
خواهند_دیدن,2
می‌گویی,2
گفتست,2
ازگفت,2
نگویی,2
امیدوار,2
خوفی,2
میپرسی,2
گرمتر,2
مرکبست,2
ونمیبینی,2
قالبها,2
دیده_باشی,2
شنیدی,2
نامهٔ,2
میپرستیدند,2
یطیر,2
محضند,2
بستر,2
تکلیف,2
پاکست,2
طبعش,2
میکشاند,2
شهوته,2
بجهل,2
زاد,2
ماندهاند,2
رنجی,2
ایشانند,2
میخواهیم,2
مفسران,2
وفات,2
بگذری,2
نشانش,2
خواهی_آمدن,2
میپندارد,2
بقوت,2
بفعل,2
میشدی,2
فوج,2
نمیدیدی,2
ربک,2
خواهد_آمدن,2
نمیگردند,2
جواهر,2
تعریف,2
تادوست,2
ابوجهل,2
یریدون,2
سگی,2
امارت,2
رادرست,2
گفته_است,2
جغ,2
ابلهی,2
ترکش,2
سورهٔ,2
آبادان,2
یابنا,2
بآنک,2
کشم,2
کهن,2
میسوخت,2
غیرها,2
مبتلا,2
غلتان,2
طعامهای,2
برشمرد,2
پخت,2
قصهٔ,2
شوهر,2
مشنو,2
دولتی,2
تشویشها,2
سوداها,2
شیرینتر,2
نشینی,2
آبادانی,2
سطل,2
قافله,2
هیبتی,2
آرم,2
نرهی,2
سوراخ,2
نشنوند,2
قبایی,2
قبا,2
سست,2
شنوند,2
میداشت,2
خاتون,2
دوش,2
نجاست,2
مهذب,2
دان,2
پلیدیهای,2
حمیت,2
حالها,2
بزنند,2
انفاق,2
محمدی,2
نمانی,2
میخوری,2
حاصلی,2
بگنجها,2
رسی,2
میداشتی,2
ازمردم,2
بکس,2
سگان,2
نمیخورند,2
ببینیم,2
سالی,2
ورا,2
دغدغهٔ,2
نشستهٔ,2
تبریزی,2
خواهر,2
کوری,2
بینایی,2
بینا,2
دیگرند,2
ارادت,2
نسبح,2
بحمدک,2
ونقدس,2
کشتی,2
غیرست,2
کوشیدن,2
ملولست,2
نشاندن,2
دال,2
بغض,2
بدنیا,2
می‌گذرد,2
هل,2
هوسهای,2
عنین,2
نمیگیرد,2
عقبی,2
منعم,2
برآن,2
رسواست,2
فارغم,2
تون,2
ازمن,2
تونیان,2
میطلبید,2
قاطع,2
دیواری,2
بمانند,2
خرابی,2
بندند,2
وزیری,2
آفریدند,2
میبخشد,2
گریزد,2
مرادر,2
تواضعی,2
افتادن,2
نگر,2
یحفظ,2
ربما,2
الخلق,2
الحدید,2
هذاالرجل,2
بیتک,2
حاضرا,2
رجل,2
ربنا,2
الفاسدة,2
الجب,2
سائر,2
لانک,2
قهره,2
کلما,2
جهنم,2
قهری,2
یصیر,2
لاجل,2
تأخذ,2
الاسباب,2
الساعة,2
نظرک,2
الذوق,2
هؤلاء,2
فیهم,2
الیک,2
تتعلم,2
تحصل,2
عندک,2
بصیر,2
یقولون,2
انتم,2
قد,2
صبیا,2
العسل,2
السکر,2
توقات,2
سیرست,2
گزیده,2
بویست,2
شنید,2
درونها,2
کافری,2
مقصودشان,2
خالقی,2
افسرده,2
رنگی,2
آلتی,2
قلمی,2
هوایی,2
شرع,2
بکفر,2
باسلام,2
عالمهاست,2
تصرفات,2
آفرینندهٔ,2
بدن,2
رسوله,2
برسیم,2
بدیدار,2
نادرست,2
بشکست,2
مناره,2
میفرمایند,2
خوابیست,2
خوابی,2
آویختند,2
رئیس,2
کحلم,2
النائم,2
گون,2
مکشوف,2
نتیجه,2
لذاته,2
سرماست,2
شریفتر,2
المنتهی,2
الشیی,2
مقابلگی,2
لعنت,2
زجر,2
میدانستم,2
مؤاخذه,2
مثالش,2
مصاحبت,2
مدرسه,2
میگوئیم,2
کلم,2
رفع,2
بدیگران,2
نزدیکترست,2
وبالا,2
ماراست,2
العرش,2
حوت,2
هشت,2
فصیح,2
میرانند,2
بالایی,2
پولست,2
زرست,2
وچهارم,2
نمیتوانست,2
دستی,2
درخانه,2
صافیتر,2
روشنتر,2
خاصترند,2
نخواهد_رستن,2
غرقند,2
علف,2
بهنجار,2
بسایهٔ,2
بگدازی,2
نشده_بود,2
پرید,2
نماندی,2
بترست,2
بول,2
تأویل,2
سنیان,2
میراب,2
پیاز,2
گلستانی,2
اندکست,2
لسان,2
دوزم,2
برم,2
بخل,2
بحاجت,2
خلقانند,2
بصیرت,2
نبری,2
وجد,2
رویم,2
نصب,2
وسعیهای,2
تربیتها,2
دانستهام,2
نمیستاند,2
تماشای,2
عروسیست,2
بندد,2
مخنث,2
مصیبت,2
طلاق,2
رفتار,2
سیماهم,2
وجوههم,2
میگردانند,2
خوانده_باشد,2
خوانده_است,2
آوردهام,2
جوابش,2
استماع,2
نمیدهد,2
داعیهٔ,2
کفشی,2
نمیجنبید,2
فعلش,2
نیکوست,2
درتو,2
بلاها,2
احبک,2
بخویشتن,2
نرساند,2
استفراغست,2
معدهٔ,2
ندهند,2
بخوری,2
ومع,2
راحتی,2
مییابی,2
بانطالیه,2
بستان,2
معلمی,2
خرس,2
حقیم,2
کوچکی,2
نگذارد,2
برساند,2
الوصال,2
الکمال,2
میکشند,2
اطراف,2
استاده,2
مؤمنی,2
کیس,2
فطن,2
نشناسد,2
نمیکنیم,2
علقه,2
مضغه,2
بیشه,2
مشقت,2
وشیر,2
بعشق,2
قدمها,2
قدمی,2
زهره,2
میبالد,2
میداری,2
نوی,2
مهندسی,2
غیرمهندس,2
آنچنانست,2
تحریض,2
دروغی,2
آنچنانک,2
حوصلهٔ,2
جوابی,2
شاگردی,2
درویزه,2
چرک,2
سپیدی,2
گردیده,2
باجتهاد,2
قسمت,2
موکل,2
لنحن,2
قصه,2
اصلان,2
مطهر,2
یدخلون,2
نشنوی,2
توقف,2
خدمتی,2
انوار,2
اینرا,2
انگوری,2
غوره,2
حدیث,2
الجراح,2
طایفة,2
ذاک,2
الشیطان,2
بقعة,2
ثخاتة,2
سمآء,2
خمسمائة,2
هکذا,2
عقلک,2
الصور,2
عما,2
الظالمون,2
یروح,2
الخالق,2
ذهبا,2
القلب,2
یصلح,2
ضیعة,2
مات,2
لایقول,2
خسته,2
للسلطان,2
ابیه,2
امه,2
الجبال,2
الرب,2
افضل,2
اظهر,2
یده,2
الزیادة,2
تطلبه,2
فکذلک,2
سلیمان,2
بازار,2
سررشتهٔ,2
فاعل,2
تردد,2
لاینفک,2
داعیه,2
مکروهات,2
زیراکه,2
بدگویندهٔ,2
مذموم,2
کارست,2
الضحوک,2
القتول,2
بایزید,2
ارید,2
خواهد_یا,2
مراتب,2
اور,2
خواهی_جذبهٔ,2
ازنور,2
پوشیده_باشد,2
عثمان,2
منبر,2
فرماید,2
خمش,2
خطبه,2
نداد,2
ستارهٔ,2
بمنزل,2
کتابی,2
کتاب,2
نمیدهند,2
مقیم,2
سطر,2
نبشتی,2
دولتها,2
شرمش,2
عطاء,2
ظنهای,2
نیکوی,2
ظنی,2
ترست,2
ابی,2
ظنون,2
میافزایند,2
یقیناند,2
تحصیلی,2
صالحا,2
نبودهاند,2
تجنبنا,2
ولاتقربنا,2
وانتم,2
کشندهٔ,2
سنسمه,2
الخرطوم,2
الثمانین,2
ملعب,2
تازگی,2
پیری,2
خزان,2
خزانی,2
دیدمش,2
جلد,2
الثعلب,2
غرفة,2
رأیت,2
صورة,2
دقائق,2
بتلک,2
الشبکات,2
یدرکه,2
یری,2
طرق,2
یعبر,2
علمه,2
الرقائق,2
وقعت,2
بک,2
فم,2
لایبقی,2
العصا,2
اسطوانة,2
کانت,2
سبعین,2
معاء,2
لیت,2
یفسد,2
بیده,2
خلف,2
ظهری,2
هولاء,2
القتال,2
کذلک,2
السماع,2
ثقیلا,2
رقصوا,2
خفیفا,2
حافظان,2
نمیبرند,2
خصم,2
روپوش,2
آمدکه,2
متصور,2
نقاش,2
بنرخ,2
مقدم,2
رستهاند,2
درینجا,2
اطلاع,2
نبوده_باشد,2
باصحاب,2
نمیگویند,2
مادرزاد,2
بتعلیم,2
بازکاوی,2
کشت,2
میآموزد,2
دانهٔ,2
نروید,2
بحضور,2
دائمون,2
حسام,2
ارزنجانی,2
بجد,2
اراد,2
میگرید,2
بجمله,2
برسی,2
ملکها,2
آنراه,2
شهرت,2
میطلبیدی,2
ساختند,2
اقالیم,2
ساحران,2
سحر,2
تمییزست,2
جامها,2
ریخته,2
دریابد,2
ببازی,2
آسن,2
نعره,2
روستائی,2
گزاف,2
ابایزید,2
شیخی,2
الظاهر,2
ایستادن,2
خادم,2
سؤالهای,2
آموخته,2
خشت,2
مهره,2
پوسیده,2
الجواب,2
رقعه,2
نبشت,2
بفرمایند,2
کاسهایم,2
ادبی,2
گریز,2
اللهم,2
زدنا,2
گردانیدن,2
مشترک,2
بخاطر,2
بپائیز,2
پائیز,2
جوانی,2
فرس,2
کژدم,2
نیش,2
دواعی,2
نفرمودی,2
برندهٔ,2
هلاکت,2
مده,2
تحصیلند,2
بیجان,2
نشو,2
میآرامد,2
جوز,2
مشتهای,2
آویخته,2
جراح,2
بدرید,2
مشروعست,2
سخنان,2
بخوان,2
بیحدند,2
البخاری,2
مصرکل,2
المرآة,2
وجهه,2
البرقع,2
شیئی,2
الوجود,2
الطالب,2
المغفل,2
الانزال,2
خیاله,2
یعانق,2
سفری,2
اختیار,2
بشهر,2
بیفایده,2
لابه,2
پادشاهانه,2
پوشید,2
تابع,2
خواهرش,2
طه,2
ببرم,2
بمحمد,2
بمسجد,2
صنا,2
قریش,2
نصرت,2
بابوجهل,2
میگفتی,2
تیری,2
مهری,2
جانش,2
نقصانی,2
گردانیدی,2
آلود,2
رزق,2
گماشته,2
آفتها,2
حیل,2
خورند,2
نامعقول,2
آهنگر,2
میخسبد,2
واقعست,2
درگور,2
سرمست,2
محنت,2
مخوف,2
خروس,2
میآسایند,2
کشتزار,2
شیرست,2
جوان,2
باشدکه,2
خطا,2
ابدأ,2
بنفسک,2
بمالد,2
دادنست,2
ببندگی,2
معطی,2
الاطلاق,2
میجنباند,2
ذاتش,2
حمامی,2
شگرف,2
زیرکی,2
سمرقند,2
میبردند,2
کنیزکان,2
سالها,2
چوبی,2
نمیبینیم,2
خفتن,2
عفو,2
مباش,2
درویشیست,2
سیرت,2
فروغی,2
مردود,2
مثبت,2
رونقی,2
تعزیت,2
نمکست,2
ولایرضی,2
لایقال,2
لایسمی,2
للشر,2
بالشر,2
التدریس,2
المتعلم,2
ظهور,2
بمرض,2
الابوجود,2
الدواعی,2
یرد,2
مریدا,2
ولایمکن,2
الکفر,2
قبیحا,2
اراده,2
الجزوی,2
الکلی,2
وقید,2
النعم,2
یشکر,2
درک,2
الشکایة,2
اهله,2
بالشکر,2
مطرب,2
ناشکری,2
تولد,2
الاستاذ,2
الفواکه,2
رجلی,2
الشرک,2
امامت,2
میکردو,2
اشد,2
کفرا,2
ونفاقا,2
ایام,2
نیازی,2
بدرستی,2
خوی,2
بنشینم,2
ونور,2
ظاهرتر,2
گر,2
خواسته_باشد,2
الکلام,2
نگشت,2
خواهد_ماندن,2
بانواع,2
باشدو,2
مخلوقات,2
محتاجی,2
یالیت,2
عبادالله,2
الصالحین,2
گلنارست,2
طعم,2
تودر,2
ضمیر,2
یافته_باشد,2
فراز,2
محبوبتر,2
ذلیل,2
عجبت,2
بنمرود,2
رحم,2
بحری,2
وبا,2
بیگانگی,2
بنهایت,2
مصورات,2
وسیلت,2
پندارد,2
چار,2
ترکیب,2
نیفتد,2
پرسیدند,2
استخوان,2
موجودست,2
حاضرست,2
گرمند,2
کثافت,2
زاید,2
آفریند,2
ایجاد,2
غایة,2
الباب,2
اودرآن,2
میگفتیم,2
اثرهای,2
المشرق,2
آلتست,2
فایدهها,2
تل,2
سرکین,2
عزالدین,2
حمد,2
عاید,2
خارستان,2
مارستان,2
خلیفة,2
یسفک,2
لوح,2
استدلال,2
فسق,2
اختیاری,2
دروقت,2
مثابتاند,2
سرا,2
یخلق,2
محمدا,2
بطرفی,2
مثابت,2
بندگیها,2
صورتکها,2
عملهای,2
طلوع,2
خاطرت,2
مفرط,2
دایرست,2
منحوس,2
موانع,2
منافی,2
وحده,2
لاشریک,2
خالقشان,2
سنائی,2
درنور,2
نگنجم,2
صعبست,2
تکوین,2
غنای,2
حبه,2
اکمل,2
منفعتها,2
رئیسان,2
مرادی,2
مراقب,2
سودش,2
عارفی,2
رفتم,2
گلخنی,2
تادلم,2
بگشاید,2
گلخن,2
اوش,2
چست,2
غیرافلاک,2
فاسدست,2
وژه,2
حلم,2
میرنجم,2
رمیت,2
یاری‌گر,2
اضداد,2
روزست,2
مافضل,2
بکثرة,2
وصوم,2
وصدقة,2
وقر,2
بمافی,2
بیارند,2
ترازو,2
بیفزای,2
سرمایه,2
میرو,2
خدمتهای,2
خدمتکار,2
جمعه,2
معذورم,2
کفرند,2
ذاکر,2
کودن,2
مهمیز,2
مهماز,2
بتواتر,2
میپرورد,2
لرزندگان,2
میم,2
مادران,2
پدران,2
میپرند,2
زنبوران,2
بحسب,2
رزم,2
موضعی,2
کالبد,2
ازدام,2
تخویف,2
کقوله,2
نمیخواهیم,2
بیخبریست,2
مجد,2
بصید,2
حلاوتی,2
سیران,2
حلاوت,2
جوین,2
گندمین,2
علمی,2
دیدست,2
فرقهاست,2
بیفشاند,2
سراج,2
واد,2
سئل,2
الله‌ای,2
بعدم,2
یاالله,2
شری,2
شومی,2
گدازش,2
بچیست,2
العقلاء,2
الجهات,2
الرحیم,1
تمم,1
بئس,1
شرور,1
سداد,1
صلت,1
پذیرفت,1
مؤدب,1
ناکام,1
درصدد,1
متصف,1
نشده_باشد,1
ورزش,1
سایس,1
منزجر,1
استمداد,1
میستاند,1
نوربخش,1
کوههای,1
آهن,1
خاکها,1
نپذیرد,1
نعطی,1
نأخذ,1
مقال,1
ایدیکم,1
الاسری,1
یعلم,1
یؤتکم,1
أخذمنکم,1
یغفرلکم,1
رحیم,1
شکسته_بود,1
کشش,1
وغارت,1
عم,1
مذلت,1
میزاریدند,1
میبودند,1
وآنچه,1
نفسانیان,1
ضمیرایشان,1
دریافت,1
میخندم,1
ازتون,1
دوددان,1
زنجیر,1
کشکشان,1
میبرم,1
نفیر,1
مهلکه,1
گلشن,1
مأمن,1
می‌گویم,1
دریابید,1
ببینید,1
وبرمردی,1
نمودید,1
میگفتید,1
بشکنیم,1
گردانیم,1
قادرتر,1
قاهری,1
نمیدانستید,1
بازاکنون,1
ماندهاید,1
نومیدید,1
نمیبینید,1
وقدرت,1
دانید,1
ازگاو,1
اسیرید,1
بازگردید,1
درخوف,1
آمرزیده,1
بدولت,1
مقرون,1
بازآمدم,1
آسانست,1
برهانست,1
حسیری,1
بازنگشتی,1
بکی,1
سدهٔ,1
نسدی,1
بازآیم,1
بسپاری,1
بازنیایم,1
میپنداشتم,1
متقدمان,1
هامان,1
فرمودید,1
معلومم,1
الهیست,1
ربانیست,1
بگسست,1
گوشیست,1
بامیر,1
رافدی,1
تاتار,1
شامیان,1
مصریان,1
بخدای,1
غرضم,1
مکارست,1
مغرور,1
مراخوب,1
نمودی,1
نغزست,1
نیفتیم,1
گمراه,1
نباشیم,1
روشنست,1
اوبهتر,1
رایی,1
بارادت,1
شکسته_شویم,1
بیچارگی,1
بوفق,1
چونی,1
چگونهٔ,1
رابا,1
معجزه,1
جزوست,1
تزویر,1
پنداشتم,1
چادرند,1
برخیزند,1
نمایند,1
تبلی,1
السرائر,1
کشنده,1
متعدد,1
می‌نماید,1
آرزوست,1
تتماج,1
بورک,1
قلیه,1
گرسنگیست,1
ینهان,1
عدتهم,1
فتنة,1
طلسم,1
ژیوه,1
سیماب,1
میجنبند,1
هیچند,1
هزاران,1
قلیل,1
عدوا,1
کثیر,1
شدوا,1
داده_بود,1
بنمایم,1
بدانید,1
گریخته,1
عاری,1
غرضها,1
یارشناسیست,1
تمییزان,1
گذرانید,1
ممیزهٔ,1
اینی,1
گذاشتهٔ,1
دریچه‌های,1
دریچها,1
دریچهای,1
نیاوری,1
ایمنیست,1
نمیروی,1
موسیست,1
سحرهاست,1
جفای,1
کاست,1
رفتنی,1
نفسهای,1
گرفتهد,1
بروفق,1
گویدو,1
رایهای,1
اصلست,1
سومی,1
بصلح,1
درمیآیی,1
اعان,1
ظالما,1
سلطه,1
مسلط,1
بآبی,1
بسبویی,1
گوهرها,1
مقوم,1
فخر,1
کفیست,1
پرخاشاکست,1
مناسبت,1
جوشش,1
حب,1
الشهوات,1
النساء,1
البنین,1
القناطیر,1
المقنطرة,1
الذهب,1
الفضة,1
المسومة,1
الانعام,1
والحرث,1
متاع,1
زراندودست,1
کفکست,1
قلبست,1
زراندودش,1
منجمی,1
تره,1
فروش,1
دوران,1
برجها,1
تأثیرات,1
انقلاب,1
سودمندست,1
مسین,1
افلاکست,1
وهرگز,1
معرفت,1
می‌پوشانند,1
متنبی,1
لبسن,1
الوشی,1
متجملات,1
یصن,1
الجمالا,1
ازمشغولیها,1
مغول,1
کردهاید,1
بچنین,1
فرط,1
فتوری,1
عنایتی,1
گرمست,1
تونست,1
هیمه,1
عذره,1
نگویم,1
نسم,1
پرسیدن,1
التفاتی,1
التفاتست,1
نوازش,1
نگردند,1
ونوازش,1
حذر,1
عقوبت,1
ازنماز,1
نزدیک‌تر,1
آخریست,1
تکبیر,1
شهادت,1
وبینهایت,1
لایسعنی,1
مرسل,1
ولاملک,1
استغراقیست,1
بیهوشیست,1
آنجانمیگنجد,1
جبرییل,1
نیزکه,1
نمی‌گنجد,1
العلما,1
قطب,1
بهاءالحق,1
برخاستند,1
استادند,1
درنماز,1
سربوی,1
بنمودند,1
باامام,1
پشتشان,1
رویشان,1
اویی,1
اوفنا,1
موتوا,1
تموتوا,1
بدیوار,1
بیچارهام,1
قدرتیست,1
نیمه,1
بقدرت,1
داروهمواره,1
وپای,1
بدرویشی,1
بدرگاه,1
آنبنده,1
قصها,1
دادندی,1
برنتافتی,1
کیسه,1
جیب,1
بیافتی,1
برآوردی,1
طلبیدندی,1
پیوستی,1
داشتندی,1
توانستندی,1
نادرا,1
منقضی,1
کردنی,1
نکرده_باشی,1
همچنانکه,1
گزاردی,1
رفته_بودی,1
نمیگزارد,1
عرضنا,1
الامانة,1
والجبال,1
فابین,1
یحملنها,1
واشفقن,1
پذرفتن,1
عدن,1
دانها,1
جبال,1
معدنهای,1
ظلومی,1
جهولى,1
پولاد,1
قیمتی,1
آورده_باشی,1
ساطور,1
گندیده,1
میآرم,1
آوردهای,1
شغلم,1
میپزی,1
مجوهر,1
میآویزم,1
آهنین,1
پولیست,1
المؤمنین,1
انفسهم,1
اموالهم,1
مفروش,1
ارزان,1
بهایی,1
اوقات,1
انفاس,1
اموال,1
خریدم,1
جاودانیست,1
کوزهای,1
کدویی,1
آویخت,1
عالى,1
منطق,1
نرباید,1
جامهات,1
سلامت,1
گرانی,1
عجایبها,1
احوالها,1
عالمهای,1
بوالعجب,1
ضر,1
میشاید,1
خور,1
ابیت,1
یطعمنی,1
یسقینی,1
شدهای,1
خوریست,1
تنعمیست,1
بهیمی,1
بقا,1
دلت,1
گرفتهای,1
لحظهای,1
بچهای,1
میرسید,1
بازگشته,1
بلای,1
ناقتی,1
خلفی,1
وقدامی,1
وایاها,1
لمختلفان,1
نشناخته_است,1
سپرده_بود,1
رمل,1
آموخته_بودند,1
کودنی,1
بلادت,1
مجوف,1
علمای,1
میشکافند,1
دانستهاند,1
احاطت,1
مهم,1
ناجایز,1
ناپاک,1
تجویف,1
زردی,1
تدویر,1
ذاتی,1
مرغم,1
بلبلم,1
طوطیم,1
صیاد,1
صفیر,1
کالای,1
قماشی,1
زمره,1
ملازمان,1
بودمی,1
همتی,1
عالیست,1
بکارهای,1
علو,1
میبینید,1
وبدان,1
میدانید,1
میخواستیم,1
اعتباری,1
مشارکست,1
برنمیاید,1
بپوست,1
ومقصود,1
رکعتش,1
دشوارتر,1
گرفتهام,1
بلقمهٔ,1
خرقهٔ,1
اینما,1
تولوا,1
فثم,1
وجهیست,1
مجرا,1
رایج,1
لاینقطعست,1
نمیطلبند,1
همچوانعامند,1
واگرچه,1
میرآخرند,1
خواهد_ازین,1
آخرش,1
بطویله,1
بوجودش,1
طویلهٔ,1
بجمادیش,1
ازطویلهٔ,1
بنباتی,1
نباتی,1
بحیوانی,1
بانسانی,1
بملکی,1
نهایة,1
طویلهای,1
طبقا,1
لایؤمنون,1
طبقات,1
رامعتقد,1
فرهنگهای,1
نموده_است,1
بنوازد,1
نوازد,1
کیسها,1
بردوزند,1
اقتصار,1
خواهد_گفتن,1
خواهد_دانستن,1
اخصاند,1
عارفند,1
دانایی,1
خواهد_رستن,1
براو,1
متوسط,1
رهبر,1
نخیزد,1
بازرگانی,1
آیة,1
فاجاءها,1
المخاض,1
جذع,1
النخلة,1
بدرخت,1
بزاید,1
نهانی,1
مانیم,1
بفاقه,1
وطبع,1
ببرگ,1
بهیضه,1
جمشید,1
ناشتا,1
برزمیست,1
مشغله,1
بانک,1
پارسی,1
غرا,1
وزرا,1
میجنبانید,1
ادبیها,1
گفته_باشیم,1
سرجنبانید,1
سرمیجنبانیدم,1
میجنبانیدم,1
گوناگونند,1
وافعال,1
واقوال,1
بادی,1
بوزد,1
اضطرابی,1
گلیم‌ها,1
خس,1
برگها,1
رقص,1
زروی,1
مقصریم,1
اه,1
چیستم,1
ویبقی,1
الحب,1
بقی,1
العتاب,1
رادرد,1
خبردارد,1
عتابی,1
بزنندعتاب,1
پشیمانیی,1
رادرو,1
پیلی,1
سرچشمهٔ,1
میرمید,1
میپنداشت,1
می‌رمد,1
میرمد,1
بیرحمی,1
نمیرنجی,1
از‌گر,1
دنبل,1
میلیسد,1
ریشی,1
نفارد,1
نگوارد,1
گرهاست,1
دنبلهاست,1
نمیرنجد,1
وبر,1
نفرت,1
توازو,1
معذور,1
می‌دار,1
اگراز,1
گشاده,1
بخندانی,1
سربر,1
شکلی,1
بخنداند,1
سربرنمیداشت,1
می‌رنجی,1
آخراو,1
تادوی,1
بیمرد,1
ذهن,1
وهوالحی,1
لایموت,1
بمردی,1
برخاستی,1
باوجود,1
پرداشتند,1
بچهار,1
نمیپرد,1
بروبندی,1
بهمه,1
خفاشی,1
عنقای,1
قاف,1
بندهای,1
می‌خواست,1
الحاح,1
استدعا,1
ممان,1
ازعالم,1
بباخت,1
آفرین,1
اینت,1
فنای,1
ثقیلی,1
یازیرچراغند,1
بالاییی,1
ابدیست,1
بدام,1
نمیگرفت,1
میگرفت,1
یعطی,1
یأخذ,1
میفریبند,1
بخشند,1
مرغکان,1
بمکر,1
اعجمی,1
آموز,1
ساعد,1
ومعلم,1
ومؤدب,1
مکرست,1
ومنی,1
جویان,1
ومیگویند,1
شنیدهایم,1
برتوی,1
قلوبنا,1
غلف,1
کافرون,1
دلهای,1
سخنهاست,1
پریم,1
پرباشند,1
وسواسند,1
خیالند,1
شکند,1
لعنتند,1
هذیانات,1
پذیرفتندی,1
مهرکرده,1
وبرچشم,1
گرگ,1
هذیان,1
شمرد,1
لونی,1
ازتشکل,1
سمعهم,1
ابصارهم,1
غشاوة,1
نیافتهاند,1
آنهاکه,1
تفاخر,1
تبارک,1
گویدشکر,1
طینة,1
اربعین,1
راتمام,1
اللعنة,1
امد,1
رگهاء,1
گردید,1
تماشا,1
پرخون,1
اخلاط,1
اوه,1
ساق,1
دیده_بودم,1
خواهد_پیدا,1
والسلام,1
علیکم,1
اعتقادش,1
غالبست,1
پیداستروزی,1
رومی,1
تابتاتار,1
قتال,1
خواهید_کردن,1
شوددر,1
مرادیست,1
هواییست,1
بیکجا,1
مرغست,1
وحوش,1
یادکانی,1
بشرکت,1
غمشان,1
درمان,1
درآنجا,1
ساعتی,1
مکث,1
جستنیست,1
نجستم,1
بازبجویم,1
چنانند,1
برگیرند,1
جانبی,1
آنراکه,1
گردانیدهاند,1
بارانست,1
پاییز,1
ازانجا,1
داروها,1
عطاران,1
کاغذست,1
کاغذکی,1
تشنیع,1
بگدازم,1
ونمانم,1
سطری,1
دفترها,1
واقعه,1
دگران,1
جوالت,1
بنگرند,1
پیمایند,1
کیل,1
قطارهای,1
جوالها,1
آورده_باشد,1
فرمایند,1
کیالان,1
دریاها,1
وآدمی,1
همهچیز,1
کانها,1
پایانست,1
برنتابد,1
فرهاد,1
چن,1
گنجهای,1
حوصله,1
میفرستیم,1
معتقدست,1
نانست,1
رامعتقدست,1
نامیات,1
ازتشنگی,1
علمیست,1
وحلم,1
معنیهاست,1
بوید,1
دورماندی,1
زایل,1
اتفاقی,1
بمانی,1
زنا,1
وپاکی,1
بمازنی,1
خیرات,1
اوزندان,1
املاک,1
سور,1
داروکشتن,1
دارکی,1
تقریره,1
ازنمازست,1
فریضه,1
بعذری,1
تفضیلی,1
آردست,1
خمیر,1
ریزد,1
گله,1
نرهیدهٔ,1
روشناییت,1
توبودی,1
لاغر,1
وضعیف,1
عصفوری,1
ازدیدن,1
اومتشکی,1
حقارت,1
درشت,1
ولافهای,1
زفت,1
ازخاک,1
برگرفتیم,1
بوردیم,1
وابای,1
باینجا,1
تامرا,1
چنینها,1
درروی,1
برجست,1
اکابر,1
میگویدبنعمت,1
ریزهٔ,1
ابای,1
وبزرگ,1
حقیری,1
رسواییام,1
شدمی,1
صورتم,1
قامتم,1
قیمتم,1
برداشت,1
لیتنی,1
ترابا,1
کسیم,1
برداشتی,1
اضحو,1
مزوری,1
سالوسی,1
ازترددها,1
وحواس,1
والذین,1
کفروا,1
اولیاؤهم,1
الطاغوت,1
یخرجونهم,1
النور,1
سرشتهاند,1
مغیبات,1
سفال,1
درگوهر,1
علاجی,1
تعلیمی,1
درودرآید,1
تیرگی,1
بیندبداند,1
بودهام,1
رنگها,1
عوارض,1
رزقنا,1
مذکران,1
ازحالت,1
نونهند,1
هرآب,1
ازویم,1
درآمیخت,1
نشناخت,1
برنگها,1
نیامیزد,1
تعارف,1
ایتلف,1
وماتناکر,1
اختلف,1
جاءکم,1
انفسکم,1
تناکر,1
واو,1
رمیدن,1
ازنفس,1
بگل,1
علتی,1
حدیثی,1
آیتی,1
باستشهاد,1
گواهست,1
گواهیهای,1
بهرمقامی,1
وهمین,1
دکانی,1
برنکاحی,1
قضیه,1
دیگرنفعنا,1
وایاکم,1
اللون,1
الدم,1
والریح,1
ریح,1
المسک,1
بدیدمی,1
مهرها,1
محبتها,1
شفقتها,1
بپدر,1
ایوانها,1
نقابهاست,1
بگذرند,1
روپوشها,1
مطلوبشان,1
مشکلها,1
سوالها,1
اشکالها,1
بشنوند,1
هرمشکل,1
الانفراد,1
سؤالها,1
خزیده,1
برده,1
بتجلی,1
سؤالهاء,1
احیا,1
ونبات,1
موات,1
سببها,1
کنندوبدانند,1
نشویم,1
ونیک,1
میشویم,1
ودرختان,1
مثمر,1
میوهاء,1
حرارت,1
معادن,1
بوسایط,1
بسوزند,1
نمانند,1
بحجاب,1
پرگل,1
بیحجاب,1
زبر,1
للجبل,1
جعله,1
دکا,1
سایلی,1
اینجامثال,1
آنجانه,1
جمل,1
راکی,1
مضطرب,1
نسوزد,1
بشکیبد,1
رنجه,1
حالتهاست,1
عزلت,1
حیرت,1
دلجویی,1
بموعظه,1
پردازیم,1
پرداختن,1
برویم,1
بجهت,1
نمیآیم,1
پردازد,1
میایم,1
زمرهٔ,1
دیری,1
منتظرشان,1
بگذارم,1
چشانید,1
بادیگران,1
برآوردمی,1
اجابت,1
بنالی,1
نالهٔ,1
گدا,1
بغلام,1
بیتأخیر,1
نپختهاند,1
بیزد,1
دیده_باشند,1
گرفته_باشد,1
بازشناسند,1
بودهایم,1
بپیوندند,1
جانانه,1
یوسفیست,1
یوسفی,1
بگرگی,1
گرگش,1
گمش,1
بذات,1
نشناخته_باشی,1
نرفته_باشی,1
خواهی_شناختن,1
برمیدهند,1
گفته‌اند,1
میشناسم,1
بدهم,1
مکاری,1
مثالست,1
میشناسیم,1
داده_باشد,1
عجبم,1
آنند,1
وشادی,1
لامکانست,1
لامکان,1
میبود,1
آخرچه,1
قوتم,1
میگردم,1
میپرسم,1
بازگردی,1
معالجه,1
تندرست,1
رسانم,1
بیچونند,1
میتوان,1
ابرها,1
تبدیلهای,1
ابرجماد,1
می‌پذیرد,1
راکسی,1
میبین,1
مددی,1
میگیری,1
ازچنین,1
جاهل,1
ونادان,1
انبیای,1
خلاو,1
ملا,1
ینطق,1
یوحی,1
صوتی,1
زبانی,1
خواهد_روان,1
راههادر,1
کاروانسراها,1
بشناسی,1
آر,1
طرار,1
گفته_باشد,1
قاصدتا,1
هولی,1
مترس,1
حمله,1
نگردی,1
نجهد,1
بناخواست,1
سررزی,1
سالست,1
بایستها,1
منزهم,1
ساده,1
گشتهام,1
عزیزی,1
مقصودی,1
بچله,1
سقایی,1
صفوف,1
میگردید,1
شهقهٔ,1
آنشاه,1
انداخته_بود,1
مردانند,1
برسانند,1
موهبت,1
نازنین,1
میایند,1
میآییم,1
وکی,1
فروگرفت,1
غاری,1
نمیآسایند,1
آوی,1
مقامست,1
نمیراند,1
میارزد,1
افزونست,1
گذشته_است,1
مازود,1
ننمودیم,1
غرضش,1
ثوابش,1
التقدیرین,1
رحمانی,1
حسهای,1
ازچشم,1
شم,1
نطلبد,1
عضوها,1
جدادلیل,1
نگرفته_است,1
دیگرش,1
متفرقند,1
مگس,1
بزرگیست,1
تواضعست,1
عبدخدایم,1
راهستی,1
محضم,1
وهیچم,1
بیشترست,1
درمیانست,1
جنبشهای,1
میگریخت,1
پنجهٔ,1
واز,1
بیخودشد,1
درپیش,1
میترسند,1
خایف,1
گرداندو,1
وخواب,1
بیدای,1
بستانها,1
انهار,1
وحور,1
قصور,1
خلعتها,1
براقها,1
منزلها,1
عجایبهای,1
ازخداست,1
راحتها,1
مشاهدها,1
بخوف,1
مشاهد,1
فلسفی,1
ازدلیل,1
بشود,1
بقایی,1
معدوم,1
بنای,1
شناختند,1
خوردند,1
اختلاطها,1
مغلوب,1
مقرب‌تر,1
بیفتاد,1
وبشکست,1
قدحها,1
بینداختند,1
بودچنین,1
پادشاهند,1
تفرقه,1
صورتست,1
بدوزند,1
ریسما,1
میدرد,1
متفرقاند,1
فاسق,1
عاصی,1
ازدیو,1
بیازماید,1
باسباب,1
راموسوسی,1
مهیجی,1
موسوس,1
کندبادی,1
غیرثابت,1
باشه,1
ملکی,1
بیارا,1
تقلید,1
ازروی,1
عبارتست,1
ثباتی,1
علمست,1
ثمرهٔ,1
نشاند,1
بارنداده,1
ببر,1
برسند,1
داردتا,1
بفرق,1
امنست,1
امنند,1
مقامهاست,1
ورفعنا,1
مصورست,1
قونیه,1
قیصریة,1
قیماز,1
اپروخ,1
اسکندریه,1
کشتیبان,1
خشکی,1
تاری,1
بعزم,1
چگونگی,1
منتظرست,1
ابرپس,1
تاریکست,1
قدرپیش,1
مزرعة,1
الآخرة,1
خندیدی,1
گریستی,1
بعیسی,1
مکرهای,1
میخندی,1
ازعنایتها,1
میگریی,1
ماجرا,1
پرسیدازین,1
عالیترست,1
احسنهم,1
ظنا,1
عبدی,1
آنجاام,1
خیالیست,1
صورتیست,1
خیالم,1
خیالها,1
میآزما,1
ازگریه,1
نافعترست,1
راستتر,1
ترقیت,1
استفت,1
قلبک,1
افتاک,1
المفتون,1
مفتیان,1
می‌پرسد,1
طبیبی,1
پرسد,1
خوابت,1
اندرونست,1
می‌ستاند,1
همچنن,1
مزاجی,1
باطنه,1
وهرچ,1
برخلاف,1
طبیبانند,1
مزاجش,1
مستقیم,1
دینش,1
مکتوب,1
مشغولیهای,1
گوناگونست,1
آرزوهای,1
ظلماتست,1
وحجب,1
دروگریو,1
زرگری,1
یعدولایحصی,1
وکلوخ,1
زاغی,1
تقاضای,1
قویست,1
میلرزد,1
می‌نویسد,1
درختها,1
نپندارند,1
دخلست,1
اتصال,1
درخموشی,1
بهمیم,1
آمیختهایم,1
میزنیم,1
رامشت,1
رقایق,1
ازنظم,1
نثر,1
امیراین,1
طرفست,1
خان,1
برآمدی,1
نغزان,1
نمایم,1
بخشم,1
سرفروافکنده,1
مینگریست,1
ونظر,1
کشیده_است,1
بردارم,1
دیده_بود,1
یازدهم,1
بمصالح,1
میداریم,1
دهشت,1
زحمتها,1
چونید,1
شمایید,1
بخیرات,1
عیالست,1
بنگری,1
بتحقیق,1
لس,1
سرشکسته,1
ظالمست,1
گوهرست,1
میکشت,1
مغربیی,1
مقیمست,1
مشرقیی,1
مغربیست,1
مغربی,1
أغریبا,1
المشرقی,1
بدأ,1
غریبا,1
شکسته_شد,1
زنجیرید,1
غفران,1
سوال,1
ببنده,1
جزاء,1
وگرد,1
برمیآوردند,1
میگذشتند,1
بماندند,1
بردارند,1
تدارک,1
امیریست,1
بفساد,1
فسادها,1
هشیاری,1
میگویدو,1
زدم,1
سالاری,1
رعایا,1
وجودهای,1
خلقند,1
سرجمله,1
پریشانی,1
نشاندند,1
رامطیع,1
بدوزد,1
بیاموزد,1
پدیدآورد,1
القدر,1
الف,1
جذبة,1
جذبات,1
عبادة,1
الثقلین,1
مفیدست,1
مهد,1
عبدالله,1
آتانی,1
الکتاب,1
افمن,1
صدره,1
پنبه,1
وافزون,1
وهلت,1
وخلق,1
ضعیفا,1
پرورید,1
دوستیست,1
ونی,1
خواهد_این,1
نفعهای,1
نخواهد_صدهزار,1
خواهد_همان,1
نخواهد_صد,1
جنود,1
سپاه,1
قلعها,1
بدستوری,1
مگیرید,1
گمارد,1
هلاکش,1
استوی,1
الدانق,1
والدینار,1
والاسد,1
والهرة,1
دانقی,1
کاردانگی,1
بگمارد,1
اوشود,1
وسلام,1
دستوری,1
بشنوید,1
مصدقی,1
ننشیند,1
قابلیت,1
کجاها,1
تنست,1
خردکاری,1
اوهمین,1
گرفتهٔ,1
بطلبیم,1
انسانست,1
کاهش,1
خلاصهٔ,1
انسانیتش,1
دنیاگریزان,1
فمنکم,1
ومنکم,1
مؤمن,1
جنگند-,1
پوشیدهٔ,1
اگرنه,1
دییی,1
بسیط,1
بتأثیر,1
سرمایی,1
گداختن,1
گرمای,1
منجمدات,1
گداز,1
اعدایی,1
برونی,1
کافرند,1
کاراندیشه,1
مکدر,1
اسیرند,1
شکوه,1
عالم‌ها,1
شخصیاند,1
اسیراندیشهٔ,1
قدسی,1
تابعند,1
آلتاند,1
معطلند,1
جمادند,1
نابالغ,1
صدساله,1
رجعنا,1
الاصغر,1
الاکبر,1
بخصمان,1
میزدیم,1
بلشکرهای,1
می‌زنیم,1
اکبر,1
فکرتها,1
درکارند,1
بآلت,1
بروگری,1
بروبخند,1
ماندن,1
نافهٔ,1
ببوی,1
بمیرند,1
ملامز,1
جارفت,1
پسنیک,1
جزنامی,1
نمکسار,1
نمانده_باشد,1
نمکیش,1
نمکی,1
ببایدش,1
باختست,1
باخت,1
نظیراین,1
العمیا,1
بوک,1
خروسی,1
آبادانیی,1
کواین,1
کوآن,1
دوازدهم,1
بمنامک,1
والنهار,1
تکدره,1
بآثامک,1
درازست,1
رازگفتن,1
بیتشویش,1
بیزحمت,1
خلوتی,1
سلوتی,1
کشیده,1
ریا,1
مصون,1
محروس,1
ریائی,1
میگویندش,1
آنکسی,1
درماندگی,1
ناایمنی,1
صحتشان,1
اندیشی,1
میخواندیم,1
هزارقل,1
بیملالت,1
محتاجیم,1
ظلمانی,1
نورانیست,1
نمی‌آید,1
کاهلی,1
وملالت,1
سوز,1
کوخدای,1
عدوست,1
لاتتخذوا,1
وعدوکم,1
زندانست,1
آزمودی,1
دردسر,1
مکنید,1
ونهی,1
المأوی,1
سیزدهم,1
بزدی,1
میزدندی,1
شفاعت,1
نرفتی,1
عالمند,1
دواهای,1
انباری,1
پلپل,1
مصطکی,1
انبارها,1
بینهایتاند,1
طبلهٔ,1
یادکان,1
عطاریست,1
حقها,1
طوافان,1
طوافیی,1
کسبی,1
دیدهاست,1
ونظرها,1
نموذجی,1
ولیک,1
می‌فرستیم,1
قرنا,1
انبارست,1
سردتر,1
پنداری,1
ضراب,1
بدارالضرب,1
راجعون,1
آنجااند,1
نمیشوند,1
اشجار,1
سبزها,1
مینگری,1
تفرجها,1
زارها,1
دروموجهاست,1
موجهای,1
اوصفا,1
نهانست,1
اندرونی,1
نمییابی,1
نهانند,1
ابری,1
بموجی,1
موج,1
جوششی,1
دریاساکنست,1
تودریاییست,1
بدرمیآیند,1
مینمایند,1
برمیآرند,1
لطیفی,1
چهاردهم,1
نیاساید,1
صنعتی,1
غرذلک,1
نمیگیرند,1
دلارام,1
نردبانیست,1
اقامت,1
وباش,1
بهرگذشتن,1
میستانند,1
میبخشند,1
بستاند,1
درآمده,1
کوزهٔ,1
خمی,1
خمست,1
خم,1
ببرد,1
بیاذن,1
غاصب,1
ریخته_شد,1
حلالست,1
لارهبانیة,1
مجمع,1
اثرهاست,1
تنهایی,1
نهاده‌اند,1
تفریق,1
ستر,1
عیبها,1
نهادند,1
اقلیم‌ها,1
مرکوب,1
سلاحهاشان,1
سلاحهای,1
زور,1
بینوا,1
خرید,1
فروختی,1
کرباس,1
میخریدند,1
تنجامهٔ,1
تجار,1
خراج,1
میستد,1
بازرگانان,1
نمی‌گذاشت,1
تاتاران,1
بتضرع,1
مهلت,1
وده,1
خضوع,1
خشوع,1
ندایی,1
مرحق,1
تتاران,1
یرغوی,1
می‌خواهند,1
مشارک,1
مقریم,1
میآیی,1
پاشنهات,1
مقرحشرند,1
ونشان,1
برفهاست,1
انابت,1
برفهاء,1
برفها,1
میگدازاند,1
برفی,1
یخی,1
دیدهام,1
تافت,1
یخست,1
جزاهای,1
شادیی,1
ارمغانیهای,1
ونمودار,1
ازانبار,1
شبی,1
بستن,1
قبضها,1
ناخوشیها,1
آزاری,1
معصیتی,1
بیدینی,1
گناهها,1
مینگر,1
بگردانید,1
تعطیل,1
نیافریدیم,1
طرفیش,1
خضر,1
رادعوت,1
میرانی,1
نخواهم_حق,1
نگذارم,1
ساعة,1
بامنی,1
ورزی,1
حکمهای,1
ازل,1
حکیم,1
نیکیها,1
بدیها,1
فصالی,1
بدیی,1
ملعون,1
ابد,1
ورانده,1
درگاه,1
شافعی,1
ابوحنیفه,1
بردووجهست,1
اصوم,1
ومقید,1
رنجید,1
رمضان,1
نخورم,1
نباشم,1
صرفه,1
خواهی_بردن,1
التحیات,1
پرستشها,1
بندگی‌ها,1
مراعاتها,1
بدانمان,1
تحیات,1
بصحرا,1
غارها,1
باسبابست,1
بینش,1
مسبب,1
وندانند,1
کارنیست,1
حجابست,1
گزارده_شد,1
ازکوه,1
اشتربیرون,1
ثعبان,1
خارا,1
دوازده,1
چشمه,1
باشارات,1
وهمچنانکه,1
کارساز,1
دگرست,1
روپوشی,1
خواهم_دادن,1
پیرم,1
بحالتی,1
وقد,1
بلغنی,1
الکبر,1
وامرأتی,1
عاقر,1
بنمودم,1
نمی‌دانی,1
بهانهاند,1
بیمادر,1
عنایتها,1
ازآنک,1
مراتبهم,1
کافرستان,1
بولایت,1
میفروشند,1
پانزده,1
آورده_باشند,1
سالهای,1
ازآنش,1
اثری,1
اندکیش,1
یادآید,1
بیشترش,1
الست,1
بربکم,1
بیصوت,1
بطفلی,1
احوالش,1
فریق,1
محجوبانند,1
رفتهاند,1
سرمیکندو,1
مؤمنانند,1
میشودو,1
میپیوندند,1
عروسان,1
باغیار,1
نگویید,1
میشنوید,1
لغیر,1
تمنعوها,1
معشوقهٔ,1
مرابکس,1
منمای,1
توم,1
سزد,1
بازارها,1
گردانی,1
معشوقه,1
کوکرم,1
مروت,1
نوازی,1
وللارض,1
کأس,1
میسوزیم,1
میگدازیم,1
میوهها,1
یاازان,1
زلال,1
ونادی,1
حرمهما,1
الکافرین,1
بهشتیان,1
تخم,1
نکشتید,1
نورزیدیت,1
برگیرید,1
حلقتان,1
بسوزاند,1
بگلو,1
ار,1
درکیسه,1
بصحابه,1
خمروا,1
آنیتکم,1
کوزها,1
دیگها,1
سبوها,1
خمها,1
جانورانی,1
زهرناک,1
کوزهاء,1
بنادانی,1
خورید,1
موشانند,1
اجمالا,1
ومهر,1
پانزدهم,1
ولاینعکس,1
محبوبیست,1
کلش,1
جدانباشد,1
خوبترانند,1
بیاریم,1
جامیست,1
شرابم,1
بجوهر,1
نخورده_است,1
سیری,1
خورده_است,1
میبیندو,1
شرابست,1
ومکان,1
جامهاست,1
دانشها,1
جامست,1
قالبهاست,1
مینوشد,1
الباقیات,1
الصالحات,1
سایل,1
مقدمه,1
جازم,1
درینج,1
مخطیم,1
السؤال,1
نصف,1
هرکسی,1
مصیب,1
چوگان,1
موحد,1
تصرفی,1
درآبند,1
محمولست,1
باختیار,1
قولی,1
اودرمیان,1
اولای,1
همچنانند,1
مردهاند,1
اسیاند,1
پنجه,1
مزنید,1
زدند,1
ونمرود,1
لوط,1
ثمود,1
اتقیا,1
اشقیا,1
ورزند,1
رآه,1
رآنی,1
قصده,1
قصدنی,1
حرم,1
خادمان,1
رگهای,1
بیخهای,1
مخدوم,1
بتربة,1
خوبیست,1
نخواهم_که,1
آزرده,1
بارگفتهام,1
راضیم,1
شعری,1
شکمبه,1
میشوراند,1
بشکمبه,1
بنگرد,1
خریدارند,1
فروشد,1
دونتر,1
متاعها,1
ورنجها,1
فضلا,1
نغول,1
اندیشان,1
ننگ‌تر,1
میماندیم,1
میزیستیم,1
میورزیدیم,1
خواستندی,1
اگرنگوییم,1
بنماییم,1
می‌طلبیم,1
نمییابیم,1
مییابیم,1
مشغولیم,1
خالیست,1
راهیم,1
عملیم,1
دلست,1
نخوانی,1
شنویم,1
رجاست,1
رجاخود,1
رجایی,1
بنمابی,1
کارید,1
خایفست,1
مانعی,1
مجدتر,1
پراوست,1
قوی‌تر,1
پروازش,1
دایمست,1
منفک,1
درود,1
ایمست,1
ناطقست,1
سیلابست,1
پوسیدند,1
ونطق,1
کله,1
جوف,1
الفرا,1
درویشند,1
بعدازو,1
اقوال,1
فکانما,1
رآی,1
وکل,1
نسخهٔ,1
شاهی,1
شانزدهم,1
بتان,1
جملهایم,1
باطنا,1
بیچگونه,1
خورده_باشد,1
نغزی,1
اگرنی,1
شادند,1
الطیر,1
بجناحیه,1
والمؤمن,1
بهمته,1
صنفاند,1
ملایکه‌اند,1
طبعست,1
غذاست,1
حیاتست,1
بالین,1
مجردست,1
نراند,1
حساب,1
نگیرند,1
صنف,1
بهایمند,1
ماهیش,1
مارش,1
کشاکش,1
الملائکة,1
البهایم,1
بهیمه,1
بتنازع,1
زخوف,1
رهیدند,1
لاخوف,1
ولاهم,1
یحزنون,1
عقلشان,1
تنازع,1
طایفهاند,1
فغانی,1
تحسری,1
بزندگانی,1
مومنانند,1
درمنزل,1
رسانند,1
منتظرند,1
باسفل,1
السافلین,1
نصرالله,1
همتها,1
آورم,1
نزیستم,1
آنساعت,1
ولایتها,1
بلشکر,1
میگشودی,1
درمیآیند,1
ذمیمه,1
نومید,1
می‌پنداشتی,1
سنتست,1
نهادهام,1
توداری,1
میفرماییم,1
نخواهی_بریدن,1
درآیی,1
بیفتی,1
شیرخواره,1
قواهای,1
مینمودی,1
مینمودیم,1
میگرفتی,1
عنایتهاء,1
فرومیآیند,1
فسبح,1
بحمد,1
واستغفره,1
پندار,1
میپنداشتی,1
ازماست,1
توابا,1
عملش,1
نمیداریم,1
دیگرانش,1
صفتها,1
نشاندهاند,1
زرند,1
درند,1
آینهاند,1
بآیینه,1
آینگی,1
معیوب,1
نشانند,1
انسانیت,1
بیضد,1
اخرج,1
بصفاتی,1
باولیا,1
ضدی,1
مینمودند,1
مشهورتر,1
لیطفئوا,1
نورالله,1
بافواههم,1
متم,1
نوره,1
میفشاند,1
بخار,1
بنعمت,1
فقیری,1
پیشانی,1
سبحان,1
یعذب,1
عباده,1
بالنعم,1
هفدهم,1
برآنک,1
ردمیکند,1
بنابینایی,1
قندز,1
قندزی,1
قندزرا,1
قندزست,1
بتقلید,1
روغن,1
جغجغی,1
بدانش,1
مقریبی,1
مدادا,1
لکلمات,1
لنفد,1
تنفد,1
درمسنگ,1
رمزیست,1
عطاری,1
غیرهما,1
بعربی,1
میدادم,1
خواندندی,1
نمودندی,1
میخوردند,1
یادومن,1
نجایند,1
بیندازند,1
خروار,1
تالی,1
والقرآن,1
یلعنه,1
الاهم,1
چشمهاشان,1
بغفلت,1
آبادانیها,1
انگیزاند,1
نمیشودپس,1
ویرانی,1
هشیاریست,1
می‌گوییم,1
دریغست,1
آورده‌اند,1
حج,1
مهمانم,1
المراد,1
آبش,1
شورتر,1
شفقتم,1
جوشیده,1
پاس,1
نزدیکست,1
کوفه,1
واسط,1
میتوانید,1
بیارست,1
حمامها,1
تنعمها,1
لذتهای,1
بیامد,1
شوهرش,1
تائی,1
ازموشان,1
دشتی,1
بمهمان,1
کبود,1
تناول,1
خفت,1
بشوهر,1
وصفها,1
حکایتها,1
حسودان,1
بآسایش,1
رسیدهاند,1
حسدها,1
پندی,1
روزالست,1
چکانیده,1
قطره,1
محنتها,1
باقومی,1
تبارش,1
نیارست,1
خانهاش,1
قافلهٔ,1
میرفتند,1
نمییافتند,1
چاهی,1
دلو,1
سطلی,1
ریسمانها,1
کشیدند,1
بریسمانی,1
میبستند,1
برنمیآمدند,1
بقعر,1
نخواهم_رهیدن,1
بخودم,1
نشوم,1
بجواب,1
بیچارهٔ,1
طعنه,1
زده_باشم,1
جاگاه,1
مونسی,1
قعر,1
باشدبهتر,1
رهیدی,1
ترارها,1
ببرکت,1
آزاد,1
خونی,1
بمحبت,1
بخشیدم,1
مقلدان,1
دشوارست,1
هیجدهم,1
بیاعتقاد,1
پوشانیدی,1
شکاری,1
شکاریی,1
معینیست,1
پوش,1
پشمین,1
بجبه,1
دستار,1
هنریست,1
عبا,1
باشدتفاوت,1
پیغمبر,1
میپوشیدند,1
مقلدی,1
نسازند,1
فرنگی,1
جهودی,1
طعن,1
فویل,1
للمصلین,1
ساهون,1
یراؤن,1
ویمنعون,1
الماعون,1
کشیدنست,1
بقالی,1
رادوست,1
پیغامها,1
چنینم,1
چنانم,1
ومیسوزم,1
ستمها,1
دردسرست,1
نوزدهم,1
میباشی,1
رجالست,1
وصفهای,1
بددرتو,1
فرمودلارهبانیة,1
راهبان,1
ناستدن,1
باریک,1
بنمود,1
آنچیست,1
محالهای,1
میدوانند,1
وانک,1
برتافتن,1
میمالی,1
بردباری,1
دوانیدن,1
تعدی,1
میگردان,1
برنمیآیی,1
تقریرده,1
انگارم,1
عقدی,1
نرفته_است,1
معشوقهایست,1
خراباتی,1
هرگه,1
ازخود,1
وتحمل,1
محالات,1
حیف,1
باصحابه,1
ازغزا,1
بخسبیم,1
درآئیم,1
نشنید,1
کسوت,1
چشیدن,1
ناراندن,1
غصهای,1
ومردم,1
بیکبارگی,1
صفایی,1
بغیب,1
معتقدی,1
فرمودهاند,1
خبردادهاند,1
دادهاند,1
خواهم_رسیدن,1
پخته‌تر,1
نخواهد_رها,1
نانی,1
میگو,1
نخواهم_دادن,1
بردرها,1
دربندآن,1
الخصوص,1
تأکید,1
نادادن,1
نانمودن,1
رغبتشان,1
حریص,1
فسادست,1
غر,1
نمیبنید,1
گذرانیدم,1
زنگی,1
دریچه,1
بدرآورد,1
اندرونها,1
باطنهای,1
دریچهٔ,1
دویکست,1
ندیدهاند,1
هرزه,1
زاریها,1
بارخدا,1
زان,1
ایشانش,1
نخواهند_و,1
نتوانندش,1
خراباتیان,1
قحبهاند,1
بدیشان,1
توانددیدن,1
فروماندهاند,1
ونحن,1
ناکیم,1
روحانییم,1
محضیم,1
آدمیانند,1
ریز,1
یسفکون,1
تاآدمی,1
غذایشان,1
دوربینان,1
بلرزد,1
وه,1
کسم,1
ونیزاگر,1
بتابد,1
لایقاینم,1
خواهید_یافتن,1
بادباشد,1
بیتکلفی,1
تکلفها,1
دادمی,1
بیگه,1
وجویها,1
کندن,1
ملولند,1
میاورد,1
راعاشق,1
برنمیخیزد,1
برمیخیزد,1
تشویشات,1
احوالهای,1
وزارت,1
اینند,1
بیستم,1
کز,1
قبلهٔ,1
شاهست,1
دشمنانست,1
خطابست,1
تونیی,1
نشسته_باشد,1
تونیم,1
دهنده,1
خواهد_گذشتن,1
بنکی,1
ازوهم,1
وخیال,1
مستغنیند,1
استغنا,1
بمؤمنان,1
استغنای,1
عزت,1
دیدنست,1
بازگونه,1
کردخداش,1
عمردهاد,1
عالمیان,1
مینباید,1
بمرتبه,1
ومقامی,1
فقیهان,1
زیرکند,1
اندرده,1
درفن,1
کشیدهاند,1
یجوز,1
ولایجوز,1
اگرآن,1
حجابشان,1
فرموده,1
دریاییست,1
زدهاندبرای,1
خمیه,1
نساختمی,1
نسازم,1
شاهند,1
خواهد_نشستن,1
جولاه,1
جولاهی,1
بخشیدند,1
خرسند,1
کارخدای,1
خرسندی,1
پیشه,1
دقیقها,1
درودگر,1
عمودهای,1
ساز,1
باف,1
برمامیآیند,1
میرنجند,1
میرنجیم,1
تشینیع,1
رادید,1
آینهایم,1
گریزیست,1
میگریزیم,1
اینجاملالت,1
گرمابه,1
حدمیبری,1
بمالی,1
برسانی,1
نبایدش,1
خو‌گر,1
بدهی,1
فعظوهن,1
واهجروهن,1
المضاجع,1
واضربوهن,1
گرمیی,1
تبسمی,1
انگه,1
درویشانه,1
صوفیانه,1
درمیبازد,1
پسکارهای,1
شتاب,1
ریاضت,1
طریقش,1
مسنگی,1
سالیو,1
برنگذرد,1
بنیم,1
رسانیده,1
وخلوت,1
ینفعه,1
یندفع,1
الغشاوة,1
ترکوابلد,1
آباء,1
امهم,1
اهلهم,1
قرابتهم,1
عشیرتهم,1
وسافروا,1
الهندالی,1
السند,1
عملوا,1
الزرابیل,1
تقطعت,1
یلتقوا,1
رجلاله,1
رائحة,1
اناس,1
توامن,1
الحسرة,1
مافازوا,1
ماالتقوا,1
فانت,1
قدالتقیت,1
تتولی,1
هذالابلاء,1
غفلة,1
ینصحنی,1
المشایخ,1
خلد,1
ملکه,1
کبیر,1
جئت,1
خدمة,1
ماسمعته,1
یسمی,1
اسمکم,1
سیدنا,1
خالقنا,1
ماغیر,1
العبارة,1
یومامن,1
الایام,1
اغراضه,1
حجبه,1
الیوم,1
اسی,1
الاسیة,1
حقه,1
غیرانه,1
یراه,1
یقع,1
لاتقع,1
لشفقة,1
یکره,1
فعلت,1
لصلاح,1
وسط,1
تنجلی,1
رحت,1
تغشی,1
تسود,1
دخان,1
فینصحک,1
لاتسکن,1
انتقل,1
غضبی,1
رحمتی,1
اذافعلت,1
یرضیئی,1
دخلت,1
دارمحبتی,1
فمنه,1
ینجلی,1
فؤادک,1
نورانیا,1
هوینصحک,1
غرضک,1
خیرک,1
النصیحة,1
علة,1
لمثل,1
الرجل,1
معک,1
اوعداوة,1
حصل,1
حشیش,1
اومن,1
سب,1
ترضی,1
تعفیهم,1
تمیل,1
تبوس,1
رجلیهم,1
ایدیهم,1
المؤمن,1
شیی,1
فشیخ,1
ابحر,1
المرحمة,1
العبید,1
لولاکذلک,1
تاجرد,1
الضفادع,1
الملک,1
العظمة,1
یسوی,1
المساکین,1
ولایقدر,1
یلتقی,1
الافی,1
فأن,1
تکره,1
تتنفر,1
یصل,1
الحیاة,1
طلبت,1
الخناث,1
المخنثین,1
القحوبیة,1
القحاب,1
تقدر,1
ترید,1
حیاتا,1
باقیة,1
سرمدیة,1
ولایجیی,1
لاتترک,1
یحکم,1
ماحکموا,1
الاولین,1
تترک,1
المرأة,1
الاولاد,1
المنصب,1
یحکمون,1
علهی,1
اترک,1
امرأتک,1
نأخذها,1
یتحملون,1
نصحکم,1
بشیی,1
یسیر,1
مالک,1
لاتتحملون,1
عسی,1
تکرهوا,1
العمی,1
الجهل,1
یتأملون,1
الشخص,1
اوامرأة,1
یتصنع,1
یتذلل,1
یفدی,1
یخدعها,1
ببذل,1
مجهوده,1
یحصل,1
تطییب,1
قلبها,1
لیلا,1
ونهارا,1
لایمل,1
یمل,1
غیرهذا,1
فمحبة,1
محبة,1
نصیحة,1
دلال,1
یعرض,1
یترک,1
ولاطالب,1
عاشقا,1
طالبا,1
لتحمل,1
ماقلنا,1
الذمن,1
رومیانند,1
رومیان,1
میگفتم,1
متذوق,1
وحالت,1
فرمد,1
خالقست,1
رازقست,1
عفوازوست,1
اضطراب,1
مقصد,1
رومست,1
شام,1
عجم,1
چین,1
هند,1
یمن,1
متفقاند,1
ارتباطی,1
محبتی,1
مشوب,1
مباحثه,1
باطلی,1
کاسهگر,1
عشقها,1
باختی,1
ساختهاید,1
برخوان,1
مجموع,1
سازندهٔ,1
ناودان,1
نامش,1
نباتات,1
میرویند,1
ابتدای,1
خودصورتی,1
نازک,1
نشینند,1
یگانهاند,1
آزادیست,1
نحکم,1
بالظاهر,1
یتولی,1
السرائرآن,1
ولاحول,1
آهوان,1
وحشیند,1
باطند,1
نشاناند,1
سوگند,1
بخور,1
حکمی,1
هواییند,1
تخیلات,1
درنگر,1
بشکافی,1
بطلبی,1
بالانیابی,1
لطیفیست,1
بمعانی,1
اشخاص,1
کثیفند,1
صورند,1
زپردهها,1
بنمودی,1
شمردندی,1
بگنجد,1
الرؤیا,1
بالحق,1
لتدخلن,1
المسجد,1
استثنا,1
عاشقانند,1
خواهد_در,1
خواهدبوی,1
غریبی,1
بندگاناند,1
معشوقند,1
محبوبند,1
وظیفه,1
عاشقانست,1
بشرح,1
تار,1
دهن,1
خواهد_بکعبه,1
الدار,1
الرؤیا,1
رؤیا,1
خوابهای,1
صادقانست,1
سواری,1
میرسی,1
درمهای,1
بریاست,1
سروری,1
تعبیرهاش,1
معبر,1
تعبیر,1
بروهمه,1
باغبانی,1
خرماست,1
انجیرست,1
نارست,1
امرودست,1
سیب,1
دانسته_است,1
تعبیرها,1
وگرسنه,1
هیچتوانی,1
آندرم,1
فرزندست,1
قضای,1
مسلسل,1
خواهند_نه,1
خواهند_پس,1
بمطلوب,1
گذر,1
حبک,1
یعمی,1
ویصم,1
جدال,1
ودور,1
بآدم,1
نمیگفتی,1
خواهی_در,1
هرچنخواهی,1
نکردم,1
نگذاشت,1
مشرعست,1
آبشخور,1
شمار,1
پرفایده,1
بدانست,1
فقیران,1
کودانستن,1
وفقها,1
فقیهی,1
رامدرس,1
حسب,1
جامگی,1
عقولهم,1
ثوابی,1
ترب,1
مقابرایشانست,1
بتعظیم,1
معظمند,1
نمیخواهد,1
منورست,1
دیگرانست,1
منزهند,1
فارغند,1
لمحهٔ,1
ریاست,1
یادت,1
ذوقند,1
مفاخرت,1
لاتفضلونی,1
یونس,1
متی,1
عروجه,1
الحوت,1
وعروجی,1
رومنهید,1
زیرمنزهست,1
ابدالدهر,1
چارچار,1
کشاف,1
زمخشری,1
استعمال,1
اظهارفضل,1
محمدست,1
بشهوات,1
سقف,1
درمست,1
سبوس,1
زیرمانده,1
بالاکی,1
زیرست,1
فروکشد,1
سپیدار,1
استونها,1
فرونیاید,1
بروجمع,1
متواضع‌تر,1
بالسلام,1
ندادی,1
آموختند,1
اولیان,1
آخریان,1
ذرها,1
تابانی,1
متواضعتر,1
عزیزند,1
بزرگند,1
بآخرنظر,1
کشتهاند,1
کشته‌اند,1
باولست,1
بآخر,1
نمینگرند,1
دوزخند,1
شرف,1
بروست,1
برآدمی,1
اعضاء,1
کژییی,1
دیوانگی,1
ناپسندیده,1
برفته,1
نمیافکند,1
دورافتاده,1
ملکست,1
وبال,1
ایاشن,1
میگدازی,1
یکباره,1
وهیچ,1
انداختنی,1
مومست,1
وآب,1
پرفرشته,1
بستهاند,1
پرداشت,1
او‌گر,1
خرش,1
درنجاست,1
بدهان,1
بلیسد,1
پایها,1
نچکد,1
فلسفیان,1
علامتی,1
ریش,1
خوردهام,1
دستم,1
یادست,1
گشته_باشد,1
مالیدهام,1
سخنگفتن,1
ندزدیدهام,1
دزدیدی,1
ستدم,1
روبادست,1
پاکند,1
انطقناالله,1
انطق,1
وسنگ,1
کلوخ,1
نمینماید,1
فرمودش,1
بهرچه,1
آبیست,1
خیار,1
زمینهای,1
باغچه,1
چاردیواری,1
یلقن,1
الواعظین,1
بقدرهمم,1
المستمعین,1
کفش,1
چرم,1
شخصم,1
قامتش,1
چندانم,1
حیوانکسیت,1
زیرزمین,1
میزید,1
اوباش,1
چرادهند,1
کمست,1
بروبار,1
برمیگیرد,1
بارکی,1
دروگر,1
تیشه,1
اره,1
مبرد,1
بدرزیی,1
بحاجتدهد,1
کرمان,1
کارشان,1
صفتان,1
نهٔ,1
معمار,1
نمانیم,1
کدخدا,1
وپنجم,1
غایبا,1
اگردر,1
مجازات,1
عقیدهٔ,1
بخدا,1
میگذارم,1
بعذر,1
اکرام,1
اجر,1
مکافات,1
تواضعها,1
مدیح,1
دردنیا,1
کشیدی,1
جاهی,1
میخرند,1
مدحها,1
وثناها,1
بزرگو,1
محترم,1
نساج,1
بخاری,1
آمدندی,1
زانو,1
نشستندی,1
می‌خواستند,1
احادیث,1
ترجمه,1
محابا,1
می‌گوئی,1
علویی,1
نسل,1
خواهد_بودند,1
ترمدی,1
مقالات,1
رادردی,1
نمیآوری,1
بیاموزند,1
بفروشند,1
وشاهدیست,1
خرند,1
تاجر,1
فروخت,1
میخرد,1
ستاند,1
یاکمانی,1
بازوی,1
بکشد,1
زهست,1
بگلگونه,1
وسمه,1
خریدن,1
سریانیست,1
بیفهمیست,1
حرمان,1
رهیدن,1
گنجید,1
زنست,1
نابریده,1
بدرزی,1
طبیبش,1
وخویشتن,1
تسلم,1
نعرهای,1
قطار,1
شتران,1
غیرکفک,1
السجود,1
وبرگ,1
نمیخورد,1
پژمرده,1
این‌های,1
ازسخنی,1
اشارتها,1
وسیط,1
مطول,1
مسأله,1
اصلها,1
مسئلها,1
تنبیههای,1
بردهام,1
شبها,1
گنجها,1
یافتهام,1
نشرح,1
صدرک,1
مبتدیست,1
های‌های,1
مغذی,1
نمیکشی,1
سحری,1
خداوندگارش,1
طاسها,1
بحمام,1
گانه,1
بگزارم,1
خواجهاش,1
بچاشتی,1
نمیهلند,1
ونشنیده,1
آنم,1
نمیبینمش,1
ودیده,1
فلاسفه,1
منکرند,1
وملول,1
شأن,1
بیکی,1
آثار,1
بفعلی,1
رجاتجلی,1
وآثار,1
خاصتر,1
فرستادست,1
نزلنا,1
الذکر,1
لحافظون,1
قرآنست,1
نهادهایم,1
نگهبان,1
مائیم,1
نگذاریم,1
برسانیم,1
ببارد,1
خواهم_کشتن,1
بازبستان,1
رزی,1
نیاسودم,1
هرکجا,1
بازنیاید,1
وخانهاش,1
نروبد,1
مویی,1
راهت,1
ازودست,1
نیاسودی,1
شادیهای,1
نخورد,1
میخور,1
راغم,1
گلی,1
مییی,1
خمار,1
حصول,1
برق,1
پرتگرگی,1
پرباران,1
پرمحنت,1
قیصریه,1
براه,1
لنگ,1
منتهای,1
بیرنج,1
نمیآسایم,1
بینوایی,1
دراعه,1
کتان,1
یکتا,1
پوشیده_بود,1
خرسی,1
کوهستان,1
ربوده,1
میگذرانید,1
پشتش,1
گرفتار,1
میداشتند,1
گذارد,1
آوردش,1
وبازی,1
همچنانش,1
کشانید,1
رسانید,1
پستانی,1
بآنجا,1
فعجبت,1
یجرون,1
بالسلاسل,1
والاغلال-,1
خذوه,1
فغلوه,1
النعیم,1
الجمال,1
صیادان,1
نمیکشند,1
حلقوم,1
خونش,1
بازش,1
خونهای,1
یقبض,1
یبسط,1
لااله,1
لاهو,1
حاجبان,1
جزمن,1
خوابناک,1
وظیفهٔ,1
باطلند,1
هفتاد,1
ودو,1
ملت,1
باتفاق,1
متفقند,1
کیسی,1
اندکند,1
خواهیم_شدن,1
درازنایی,1
دانسته_باشی,1
انبارهای,1
چشیدی,1
صدلون,1
شکردانی,1
دانستهٔ,1
چونشکر,1
نگذشته_بود,1
تقصیری,1
نمیگذرد,1
نمی‌توانست,1
نیاموخت,1
العالمین,1
خواهی_بزور,1
جاش,1
باتو,1
روحی,1
ناجایگاه,1
نعمتیست,1
مینمائی,1
وکشیدن,1
اوروی,1
حکایات,1
بروزی,1
بلحظهٔ,1
رودچندان,1
سموم,1
رانیز,1
خواهد_برود,1
ترااز,1
بحیات,1
ازحیوانی,1
تونزدیک,1
خواهند_بردن,1
مشو,1
اخبار,1
کاسهٔ,1
بارمغانی,1
رانتوان,1
بپارهٔ,1
بخورم,1
نمیرسد,1
دشمنتر,1
مراکسی,1
اینهمه,1
نگوسار,1
بستد,1
درکشید,1
صدیقان,1
شایع,1
یکساله,1
ایستاد,1
نهادیت,1
خاصیتی,1
مالد,1
گزندی,1
نمیرساند,1
درحق,1
می‌برید,1
استادن,1
زدیم,1
مقربان,1
بشستند,1
وغذا,1
مجازی,1
قوتش,1
حقیقتهاست,1
بپوسد,1
کهنی,1
متصفند,1
بکهنی,1
محدث,1
برانداز,1
عرضش,1
طولش,1
صفهاش,1
صحنش,1
دردل,1
بخیال,1
گویندش,1
جسمانیی,1
لازمست,1
لقمه,1
شنونده,1
نشدهام,1
اوبود,1
احتراز,1
چربش,1
بچکد,1
خواران,1
جسمانیان,1
ازطعام,1
رقیبی,1
بامدادبرخیزد,1
بعبادت,1
ساکنتر,1
بجا,1
الصافون,1
المسبحون,1
پاکتر,1
بصف,1
پستر,1
اخروهن,1
اخرهن,1
گزیر,1
وجان,1
عصم,1
مقدس,1
ملایکهٔ,1
لایعلمهم,1
داشته_است,1
ورأیت,1
والملائکة,1
سلامها,1
خندها,1
بازازین,1
لطیف‌تر,1
ونشنود,1
نمیرد,1
آنزیارت,1
نازکی,1
درخدمت,1
چندینملایک,1
بیشمار,1
درمیان,1
وردشان,1
هریک,1
مقامی,1
پرستشی,1
ننگرد,1
نادید,1
ورد,1
تخلقوا,1
باخلاق,1
سمعا,1
وبصرا,1
مقامیست,1
بعین,1
وظی,1
ومیم,1
مخرج,1
لشکرهای,1
دخلوا,1
قریة,1
افسدوها,1
شتری,1
امادر,1
بموضع,1
گوئیم,1
واصلان,1
وصلی,1
میخورم,1
باده,1
مهلک,1
صدرالدین,1
نزعمون,1
نعرف,1
نکتم,1
ننکر,1
قاصدا,1
محافظة,1
للملة,1
کذب,1
عدوالله,1
حاشالله,1
نبیذ,1
الضال,1
الذلیل,1
المذل,1
المطرود,1
جناب,1
یجوزان,1
الیهود,1
وصورته,1
الذراعین,1
حافظا,1
لسبع,1
خمسمأیة,1
سماء,1
خمسمایة,1
عمقه,1
ولله,1
یعترف,1
مصرفها,1
مدبرها,1
اضعف,1
سبحانه,1
فاین,1
الراح,1
اصله,1
خالقه,1
وجدناهکذا,1
فاتخذناه,1
ملة,1
ورثت,1
ترکة,1
قلبا,1
اسود,1
فاسدا,1
ماتبدله,1
بذهب,1
المعیار,1
صافیا,1
الغل,1
الغش,1
نقول,1
اوبقیت,1
یدا,1
شلآء,1
دوآء,1
طبیبا,1
یدک,1
الاشل,1
ماتقبل,1
یدی,1
اشل,1
فلاارغب,1
تبدیله,1
اووجدت,1
مآء,1
مالحا,1
ابوک,1
فیهاثم,1
هدیت,1
اخری,1
ماؤها,1
عذب,1
نباتها,1
اصحاء,1
ماترغب,1
النقل,1
الیها,1
الشرب,1
المآء,1
العذب,1
یذهب,1
عنک,1
الامراض,1
العلل,1
الضعیة,1
ماء‌ها,1
المالح,1
المورث,1
للعلل,1
فتمسک,1
لایفعل,1
عاقلا,1
اوذا,1
اعطالک,1
غیرعقل,1
ونظرا,1
فلم,1
تعطل,1
تتبع,1
یردیک,1
ولایهدیک,1
یوراش,1
ابوه,1
اسکافا,1
حضرة,1
اداب,1
السلاح,1
داریة,1
اعطاه,1
المناصب,1
ابأنااساکفا,1
نرید,1
المرتبة,1
اعطنی,1
دکانا,1
السوق,1
اتعانی,1
الاساکفیة,1
الکلب,1
صار,1
صیادا,1
نسی,1
ماوجد,1
السکون,1
المتین,1
الخربات,1
الحرص,1
الجیف,1
یتبع,1
خیل,1
یتابع,1
الصیود,1
الباز,1
ادبه,1
ابائنا,1
قفار,1
اکل,1
المیتات,1
نلتفت,1
ولاالی,1
صیده,1
یتشبث,1
مماورث,1
ابویه,1
السمج,1
الفاحش,1
تفضل,1
بالعقل,1
التمیز,1
نعوذ,1
یصح,1
اعز,1
قربه,1
قمن,1
خدمه,1
خدم,1
اطاعه,1
اطاع,1
بعث,1
نبیا,1
یجب,1
متابعة,1
لالعینه,1
لایعبد,1
غیرالله,1
تحب,1
بنتهی,1
فتحیته,1
یاء,1
حمال,1
التکحل,1
العینین,1
کالکحل,1
خلاقة,1
رثاثتها,1
یکتم,1
الغناء,1
الاحتشام,1
جودة,1
الکسوة,1
تکتم,1
سیماء,1
الفقرآء,1
جمالهم,1
کمالهم,1
تخرق,1
ثوب,1
انفتح,1
جعداو,1
پوشیده_شود,1
جعد,1
جذاب,1
تختگاه,1
دلهاست,1
پوشندهٔ,1
فؤادست,1
جستیم,1
سکنها,1
روسبی,1
بارمام,1
ازخرد,1
مانعها,1
طاعتها,1
حلق,1
گوسفند,1
دریاچهٔ,1
اودردمی,1
الصابرین,1
دکانیست,1
مشروبی,1
متاعی,1
هرملتی,1
کرامتی,1
معجزهٔ,1
احصیناه,1
وبدی,1
مناظرهاند,1
دوباشد,1
ازنیکی,1
مجوس,1
یزدان,1
نیکویهاست,1
اهرمن,1
بدیهاست,1
محبوبات,1
جدانیست,1
بیمکروه,1
غمست,1
لایتجزی,1
حروف,1
اوفانی,1
بمستمع,1
بدگوید,1
عارفست,1
نکوهش,1
ستاینده,1
مذمومی,1
گریزنده,1
بضدها,1
نکوهندهٔ,1
خرمم,1
دیوارست,1
حدثهاست,1
خارهاست,1
میگذر,1
آلایش,1
وبد,1
بدگفتن,1
بنکوهش,1
ضحوک,1
ودزدان,1
گریزان,1
طرفه,1
دزدید,1
وبدست,1
خواهی_گفت,1
نخواهم_ارید,1
نخواهد_اینک,1
نخواهد_این,1
شداست,1
اومانده,1
نخواهد_اکنون,1
راکامل,1
اتحاد,1
خواهی_و,1
نخواهی_رنج,1
منقسمند,1
خواهند_باندرون,1
نیاورند,1
بشرست,1
جذبهٔ,1
وزهق,1
الباطل,1
ادخل,1
یامؤمن,1
نورک,1
اطفاء,1
ناری,1
پیغامبران,1
بردیگران,1
بنورالله,1
خدانباشد,1
وجدی,1
نیکونشده,1
فایدهایی,1
سرهایی,1
نمیفرمود,1
فروآمدن,1
الیکم,1
قوال,1
رقت,1
تبدیل,1
بحج,1
نمیگفت,1
اصحابی,1
کالنجوم,1
بایهم,1
اقتدیتم,1
اهتدیتم,1
می‌برد,1
رهه,1
بحثی,1
قیلی,1
فلینظر,1
فمنطری,1
نذیر,1
صعبتر,1
خوانده_باشی,1
تصحیح,1
ودرست,1
معرب,1
نخوانده_باشی,1
خواهی_کژ,1
نکردهٔ,1
مرادها,1
جهاداکبر,1
رااز,1
عظیمند,1
ایشانرا,1
سعتی,1
کژیهاش,1
مدحش,1
کژت,1
کژیهارا,1
بسطر,1
مینویسد,1
بمعلم,1
مدارا,1
ونیکو,1
بدنبشتی,1
بدمیگوید,1
اونرمدو,1
میگیردو,1
بخواهدامیدست,1
خواستها,1
تمناهای,1
نعمتی,1
عجبا,1
نگذرد,1
رأت,1
اذن,1
ولاخطر,1
گوشها,1
شنیده_بودند,1
آنهامصور,1
التفاوت,1
وزن,1
بکر,1
شیرخوردن,1
افزودن,1
ظنست,1
مریدانش,1
بعددور,1
وقرنا,1
فرزندانش,1
راستاند,1
قایمند,1
الادوار,1
القرون,1
بازظنون,1
غالط,1
ضال,1
راندگان,1
ترند,1
بدرابیفزاید,1
فزادهم,1
مرضا,1
خواجگاان,1
می‌خورند,1
افلا,1
ینظرون,1
الابل,1
الامن,1
وآمن,1
وعمل,1
فاولئک,1
یبدل,1
سیاتهم,1
افساد,1
طراریهای,1
میورزید,1
شحنگان,1
دزدیها,1
شیوهٔ,1
ومهتر,1
مهدی,1
حاجتی,1
اتجنب,1
حاجته,1
اقرب,1
ملتصق,1
ومحال,1
ضروری,1
دهندهٔ,1
مهارست,1
عز,1
برمهارکش,1
مهارکش,1
بینیش,1
میکشیم,1
فقلت,1
وهل,1
صبوتی,1
پیران,1
صبیان,1
صبوت,1
میجهاند,1
میخنداند,1
بازیش,1
وبرجسته,1
خطب,1
الشیب,1
بدت,1
شیبة,1
یعدو,1
اللهو,1
نهلد,1
ریختن,1
دندانی,1
موئی,1
سرسبزی,1
یاوه,1
بهرگریه,1
منغص,1
فقصدت,1
اخذه,1
صغیرة,1
الدرج,1
فرفع,1
یقفز,1
التبریزی,1
دلة,1
فنفر,1
فاخذته,1
یقصد,1
یعضنی,1
فوضعت,1
راسه,1
عصرته,1
عصرا,1
کثیرا,1
نظرت,1
جلده,1
یلیق,1
یملأ,1
وجوهرا,1
درا,1
ویاقوتا,1
اخذت,1
مااردت,1
فانفر,1
نافر,1
شئت,1
واقفز,1
قفزانه,1
خوفا,1
یغلب,1
المغلوبیة,1
سعادته,1
یصور,1
الشهابیة,1
واشرب,1
وهویرید,1
یدرک,1
اخذ,1
الطریق,1
اجتهد,1
حفظه,1
التذبه,1
لایمکنه,1
للعارف,1
حالة,1
لایصطاد,1
ولایلیق,1
صحیحا,1
فالعارف,1
لاحد,1
باختیاره,1
قعدت,1
مرصادا,1
یراک,1
حیلتک,1
ینحصر,1
عبوره,1
مرصدک,1
طرقها,1
واسعة,1
یحیطون,1
بشیء,1
بماشاء,1
لسانک,1
ادراکک,1
بقیت,1
فسدت,1
الاتصال,1
اوصالح,1
وقع,1
مدرکه,1
متدثرا,1
متزملا,1
بالعنایات,1
الکرامات,1
الاتری,1
تدثرت,1
تبق,1
ماهیة,1
الحنانة,1
القضیب,1
یدالرسول,1
والدعاء,1
داود,1
معه,1
مابقیت,1
ماهیتها,1
صارت,1
اخر,1
فکذا,1
الدعوات,1
یدالظلمانی,1
الجسمانی,1
باطاعتت,1
خراباتست,1
ذاتست,1
بأکل,1
سبعة,1
امعاء,1
الجحش,1
اختاره,1
الجاهل,1
یأکل,1
لواکل,1
معاواحد,1
لکان,1
آکلا,1
المبغوض,1
المحبوب,1
هنهنا,1
لدخلت,1
نصحته,1
ولااخرج,1
یطرده,1
ویبعده,1
مفسد,1
لدینه,1
ویالیت,1
یحمله,1
الفسادات,1
الخمر,1
القیان,1
اتصلت,1
بعنایات,1
لکنه,1
ملأ,1
السجادات,1
یلف,1
یحرق,1
یتخلص,1
شره,1
اعتقاده,1
یهمزه,1
قدامه,1
یسکت,1
یهلک,1
اصطاده,1
بالتسبیحات,1
والاوراد,1
المصلیات,1
یفتح,1
ماخسره,1
بعده,1
فیضرب,1
عنقه,1
اهلکتنی,1
اجتمع,1
اوزاری,1
افعالی,1
رأوا,1
المکاشفات,1
قبایح,1
اعمالی,1
العقاید,1
الطاغیة,1
زاویة,1
مجموعة,1
اکتمها,1
بنفسی,1
اجعلها,1
یطلع,1
اخفیه,1
تخفی,1
فوالذی,1
نفسی,1
لودعوت,1
الخبیثة,1
یتقدموا,1
رأی,1
العین,1
یکشف,1
نفسها,1
یخبر,1
عمایکتم,1
خلص,1
المظلومین,1
القاطعین,1
الصادین,1
التعبد,1
یلعبون,1
بالصولجان,1
لیری,1
المدینة,1
لایقدرون,1
یحضروا,1
الملحمة,1
تمثالا,1
لمبارزة,1
المبارزین,1
رؤس,1
الاعداء,1
ودحرجتها,1
تدحرج,1
الاکرة,1
طرادهم,1
کرهم,1
فرهم,1
فهذااللعب,1
کالاسطرلاب,1
للجد,1
لاهل,1
اراءة,1
للناظرین,1
یفعلون,1
السر,1
موافقة,1
لاوامرالله,1
ونواهیه,1
المختصة,1
المغنی,1
کالامام,1
والقوم,1
یتعبونه,1
تمثالالمتابعتهم,1
لمنادی,1
عارفان,1
ولاتطع,1
حلاف,1
غماز,1
هماز,1
مشاء,1
بنمیم,1
مناع,1
جادوست,1
غیور,1
میبندد,1
صریح,1
میرباید,1
ختمش,1
قهرش,1
قفلش,1
گشایش,1
فروسکلم,1
گشایی,1
بیچونی,1
فتاحی,1
خواهد_بود,1
بیماری,1
متهم,1
مثلی,1
اغیارست,1
چشمهای,1
بیگانهٔ,1
جنب,1
مقتل,1
منعقد,1
انگیزندهٔ,1
انگیخته,1
ممثل,1
بینقاش,1
کحرکة,1
الاصبع,1
حرکة,1
الخاتم,1
وسالی,1
وصورت,1
هنری,1
نیاموزند,1
نورزند,1
آخرافتقارست,1
احتاج,1
زایید,1
دائما,1
نخواهد_رفتن,1
دهلیزست,1
دهلیز,1
زاییدند,1
رامعمور,1
مادیدهایم,1
جانوران,1
منبتشان,1
ازینجاست,1
فلسفیک,1
بسنی,1
قدیمست,1
آسان‌تر,1
برده_باشد,1
روانیست,1
مقدورست,1
اوبودم,1
بحدوث,1
آسانتر,1
بقدم,1
گواهیت,1
داده_باشی,1
ندیدهایت,1
قلتبان,1
مشکلتر,1
محالتر,1
متفقید,1
علامتها,1
قولش,1
سیماش,1
رادیدیت,1
محجوج,1
میرنجانیدند,1
استخفافها,1
بغلبه,1
راخواهد,1
مدتها,1
بکشید,1
امیش,1
مکتسب,1
رقوم,1
میآموزند,1
ندیده_باشد,1
تصنیفها,1
هندسها,1
بنیادهای,1
نونهادهاند,1
آموختن,1
پیشها,1
آموختهاند,1
کلند,1
قابیل,1
هابیل,1
غرابی,1
بکشت,1
بیاموخت,1
واضع,1
قابلند,1
می‌آموزد,1
ازدل,1
لطیفاند,1
ناشایسته,1
بهمت,1
یاددار,1
بودپیش,1
بیمصلحتی,1
درکارست,1
قیسی,1
مغزش,1
لاصلوة,1
لابدست,1
روحست,1
موقت,1
ساحل,1
خشکیست,1
محدود,1
مقدر,1
رکوعی,1
سجودی,1
اتصالی,1
رعیت,1
اسمای,1
اضافیات,1
اصلیت,1
بروکی,1
مربوبی,1
محکومی,1
بحاثی,1
نشستی,1
مجالست,1
یجلس,1
فلیجلس,1
التصوف,1
بااحوال,1
کردنست,1
لعب,1
شرم,1
آمیزد,1
ازوجود,1
اشکش,1
روانست‌تری,1
اعینهم,1
تفیض,1
الدمع,1
فرومیآید,1
بنفشه,1
تمنای,1
شکستن,1
تسخیر,1
تفوق,1
براقران,1
گزیدی,1
کوشید,1
اسبابیست,1
طریقی,1
دورست,1
آفت,1
تخلف,1
ورزیدی,1
عالمها,1
ناورده,1
میکردی,1
میخواستی,1
خجل,1
میطلبیدم,1
منزه,1
بیزاری,1
گذشته_بود,1
وصول,1
نخواهم_، ,1
مجلدها,1
وهنوز,1
قاصرند,1
سروحسودان,1
نشر,1
برمنارهای,1
بآوازهای,1
الحان,1
رادرباخت,1
دنیاوی,1
سخنهاء,1
نقلست,1
بشکل,1
دزدیدهاند,1
شناختندی,1
وبهمدیگر,1
میمانند,1
ایمانست,1
بیتمیزی,1
رسنهای,1
وآنک,1
بافکار,1
بلطافت,1
ثروت,1
سرچشمه,1
خانهای,1
قالیها,1
بولهای,1
نجاستها,1
کودکست,1
سن,1
معده,1
مضمحل,1
وخلط,1
بگریست,1
آنرو,1
نمودند,1
دیده_باشد,1
مکمل,1
کاملتر,1
گریست,1
گریهاش,1
ابتر,1
دوشخص,1
کافی,1
بدهند,1
نتیجهٔ,1
نمینگرد,1
پستانهاش,1
ناممیز,1
سوتر,1
سیبی,1
بستانند,1
بمدرسه,1
مدرسش,1
حنیفة,1
نحویش,1
سیبویه,1
ماارید,1
هرجاش,1
ببغداد,1
جنید,1
بره,1
رضیع,1
لبانست,1
زاده,1
نمینشانی,1
ملوکست,1
بابهاست,1
فصلها,1
تعظیمها,1
تلقین,1
ازمرگ,1
سؤالش,1
شایسته,1
ناآموخته,1
بجویی,1
بنمائید,1
نمودهاید,1
بندگانش,1
میایستید,1
میخورید,1
مینگرید,1
نظری,1
خواهد_سخن,1
زرگر,1
بسنگ,1
خالصم,1
آمیختهام,1
بوته,1
گویدت,1
پالودی,1
زری,1
زراندودی,1
خللی,1
ناخوردن,1
نبض,1
بقاروره,1
انداختن,1
رستن,1
ننبشت,1
بارست,1
میدارم,1
قبولم,1
ردم,1
الاحمق,1
سکوت,1
ناروییدن,1
حرکتی,1
فلولاادجاءهم,1
بأسنا,1
تضرعوا,1
فست,1
مطابق,1
ماکانوا,1
میدیدند,1
ندانستند,1
خشکتر,1
بباغبانی,1
سدی,1
رهانیدن,1
قمرالدین,1
مطالبه,1
نمیترسی,1
ترسم,1
خداگفت,1
جوابت,1
رسن,1
بندید,1
میزنید,1
خدانمیترسی,1
چراترسم,1
میزنم,1
برمثال,1
کوهست,1
بری,1
بلبل,1
زاغ,1
بکوه,1
فرمایی,1
آوازت,1
صدای,1
گنبد,1
خضرا,1
چهلم,1
برسرآبند,1
اصبعین,1
اصابع,1
ونیز,1
ونتوان,1
آموخت,1
مشیت,1
نکوهیده,1
مضاف,1
یاخالق,1
السرقین,1
والضراط,1
والفسا,1
ویاخالق,1
العقول,1
گزیدگی,1
بروجهی,1
نظارهگر,1
وجهی,1
کاسهااز,1
ننگ,1
توانائی,1
قربا,1
مسخری,1
وحسن,1
سرگینها,1
خفربقها,1
باخفریقیها,1
جسمند,1
متحیزند,1
جهتاند,1
فنااند,1
الاوصاف,1
العامة,1
وهرک,1
نظارهٔ,1
مناظرهای,1
اهلش,1
باهلش,1
ولاتمنغوها,1
نظرست,1
نمیشکفد,1
مقاومت,1
معتدل,1
خشکم,1
نامردم,1
خواهی_بگو,1
صادقان,1
دیدهٔ,1
بازندگانت,1
زندهام,1
مردگانت,1
مردهام,1
بهاءالدینی,1
پیرزنی,1
دندانهاندارد,1
سوسمار,1
آژنگ,1
برآژنگ,1
نگار,1
بنمای,1
اگرمردی,1
جفت,1
نامردی,1
شنودم,1
خندان,1
بخند,1
لآواه,1
حلیم,1
طاعتی,1
نبایستی,1
تومیگویی,1
مباشرت,1
تاذوق,1
برخیز,1
مزن,1
ذوقش,1
منبه,1
آنجاش,1
بیدارکنندهٔ,1
ملازمت,1
تارک,1
علمهاشان,1
قالبی,1
پذیرفته_باشد,1
وکلم,1
تکلیما,1
لبی,1
تقدس,1
ودهان,1
شنودست,1
اوهام,1
بعثت,1
معلما,1
وصوت,1
باحوال,1
بیارامند,1
نفوس,1
بدیوانگان,1
مدورولیس,1
مدور,1
دیوانگان,1
گردشان,1
می‌گردند,1
نمییابند,1
بدیگری,1
طبیبان,1
علتش,1
مصلح,1
مزاجست,1
خوشش,1
صفرایی,1
راترشی,1
بریدهاند,1
شکسته‌اند,1
مینشاند,1
دردش,1
کژش,1
دستت,1
آسوده,1
میرنجیدی,1
دروغین,1
واستغراق,1
معلول,1
خوردنشان,1
طبیباند,1
واوبلتاه,1
باومید,1
رسیده_بود,1
وحسین,1
عنهما,1
رادیدند,1
میساخت,1
نامشروع,1
تووضوی,1
میسازی,1
سازیم,1
فرزندان,1
کنندو,1
شودو,1
طفلک,1
قدک,1
کوچکست,1
دایه,1
بزرگترگردد,1
نگنجند,1
وخانه,1
سازد,1
بردابرد,1
اونگنجد,1
آویزند,1
روشناییها,1
پنهانها,1
آشکار,1
میافزاید,1
لاشکو,1
خطوبا,1
لااعینها,1
لیجهل,1
وعن,1
عذلی,1
کالشمع,1
یبکی,1
ولایدری,1
اعبرته,1
صحبة,1
فرقة,1
ابومنصور,1
هروی,1
آمیز,1
متلون,1
برنتافت,1
فاش,1
قضااند,1
قضا,1
صفحهٔ,1
نبینیم,1
ایمنم,1
نبینم,1
نفساند,1
بازبینند,1
برهند,1
فقرست,1
دروخوبان,1
معنوی,1
بهرک,1
فروآیی,1
شاهدانند,1
الى,1
یعشق,1
صفاته,1
وفوایده,1
وهولایعرف,1
حقیقة,1
یحسب,1
جهاومرآة,1
اکشف,1
وجهک,1
تجدنی,1
لوجهک,1
تبت,1
قوله,1
تحقق,1
ماثم,1
الدعوی,1
اتقول,1
جزافاام‌تری,1
وتقول,1
کنت‌تری,1
تحققت,1
اعزالاشیاء,1
الوجودو,1
اشرفها,1
تصدیق,1
لانهم,1
ماادعوا,1
اقررت,1
لایظهره,1
بالمرئی,1
الافعال,1
المتعدیة,1
للرؤیة,1
مرئی,1
وراء,1
فاما,1
المرئی,1
الرائی,1
العکس,1
بانکارک,1
المطلوب,1
الالوهیة,1
العبودیة,1
قضیة,1
نفیها,1
اثباتها,1
واجبة,1
الثبوت,1
البتة,1
مریدون,1
لذلک,1
یعظمونه,1
الوثن,1
لعبادها,1
تفخیم,1
رجاء,1
بکاء,1
ولاخبر,1
ولاحس,1
فالله,1
جعلها,1
سببا,1
الصدق,1
ماعندها,1
الفقیه,1
یضرب,1
فقیل,1
لایش,1
تضربه,1
ذنبه,1
تعرفون,1
ولدالزنافاعل,1
جنی,1
عندالتخمیش,1
فیبطل,1
عشقه,1
للصبی,1
منذلک,1
البطال,1
هجرهم,1
وصلهم,1
حالهم,1
العشق,1
الخیال,1
الغالط,1
المخطی,1
للوجد,1
المعاشقة,1
خبیر,1
عاشقه,1
کالذی,1
ظلمة,1
حسبان,1
ویبکی,1
یشکو,1
اللذاذة,1
شبیها,1
حبیبه,1
الخبیر,1
مصلحتها,1
پذیرد,1
گردم,1
پیشنهاد,1
تدبیرها,1
پیشنهادها,1
بتقدیر,1
میشناسد,1
سرگردان,1
میخاید,1
معلومش,1
تأسف,1
نیندیشد,1
شده_بودم,1
مرادایشان,1
نسیانی,1
می‌گمارد,1
وتابع,1
یحول,1
المرء,1
وقلبه,1
ادهم,1
بشکار,1
رفته_بود,1
تاخت,1
جداگشت,1
عرق,1
خستگی,1
میتاخت,1
بازپس,1
ازعدم,1
نگردانیدهاند,1
درانداخت,1
شبانی,1
جامهای,1
بجواهر,1
مگوی,1
وراه,1
بآهو,1
بخانهٔ,1
ماانزلنا,1
میخواندی,1
گردنت,1
ترسید,1
مهابت,1
میخواندم,1
سورت,1
غضبش,1
بکشم,1
زبون,1
پردازم,1
باقوت,1
لشکری,1
وآخر,1
عمرمیگریستی,1
بوجهل,1
یابعمر,1
میماندمی,1
جبرائیل,1
بپرید,1
گداخته,1
مبارک,1
بشکرانهٔ,1
امانش,1
کرده_بودی,1
سرآورم,1
بردی,1
خواهد_. ,1
آوردید,1
آوردیم,1
دیده_بودیم,1
بپولی,1
خواندند,1
واذ,1
مثابة,1
واتخذوامن,1
مصلی,1
بخلعت,1
برگزیدی,1
ذریات,1
لاینال,1
عهدی,1
الظالمین,1
طاغیان,1
قید,1
وظالم,1
مدار,1
منتفع,1
خاصانست,1
برگزیدگان,1
ایذا,1
برگزیده,1
مشاغل,1
نفسانی,1
خالیگردان,1
فکرهای,1
گرددو,1
شهب,1
رجیم,1
پاسبان,1
گردانند,1
قران,1
دیبائی,1
دورویه,1
مستفید,1
شوهرست,1
شیرخوار,1
جفتی,1
راهند,1
یافتهاند,1
تفرجی,1
فهمی,1
مصلای,1
حوالی,1
جاییست,1
ابراهیموار,1
رسانی,1
فداکرد,1
خطری,1
نلرزید,1
قیامش,1
رکوعش,1
دردیدهٔ,1
عنان,1
سوخت,1
بمصباح,1
تشبیه,1
بزجاجه,1
زجاجه,1
مصباح,1
مشارق,1
ظرفیت,1
چیزهایی,1
میگشاید,1
طول,1
وشکل,1
آنراکسی,1
نگارد,1
کیفیت,1
نسق,1
کهجمله,1
نامعقولات,1
جنت,1
وحساب,1
می‌خسبند,1
کفش‌گر,1
خیاط,1
غیرهم,1
سپیدهٔ,1
صبح,1
نفخهٔ,1
اسرافیل,1
ودوان,1
کفشگر,1
بازبان,1
وبرو,1
میگنجد,1
استخوانها,1
متعلق,1
ومستی,1
گفتندی,1
وش,1
تیر,1
رادل,1
درش,1
بمرد,1
خاکش,1
خفتهاند,1
وگلستان,1
زبانیهٔ,1
کژدمان,1
بمثل,1
ببهار,1
بخزان,1
ومایستوی,1
الاعمی,1
والبصیر,1
ولاالظلمات,1
ولاالنور,1
ولاالظل,1
ولاالحرور,1
بظلمت,1
بآفتاب,1
سوزان,1
بجوش,1
بتاریکی,1
پاکشیدند,1
وخوش,1
خفتند,1
غلغله,1
خوابشان,1
نمیامد,1
غلغلهٔ,1
خروش,1
وحدیث,1
آشنایان,1
باکاروانی,1
همراهست,1
حرامیان,1
شدهاند,1
همراهان,1
أقرا,1
نمیرسند,1
آشنای,1
ارواحی,1
بجسمی,1
نحولا,1
اننی,1
لولا,1
مخاطبتی,1
ایاک,1
ترنی,1
جانور,1
ازغایت,1
خردگی,1
مستغرقند,1
می‌خواهی,1
میگرد,1
باولیاء,1
اجسامند,1
معلومشان,1
خرابیست,1
فانیست,1
الاحوال,1
دلدارست,1
پالان,1
نادانی,1
کیی,1
تخته,1
میخوانی,1
خدمتم,1
سرگردانی,1
همشیه,1
کاشتی,1
انبار,1
تنور,1
وذکر,1
صمیم,1
نویسم,1
پرباشد,1
الفاظ,1
نیازمند,1
عشقنباشد,1
مییابم,1
خواهان,1
بهزار,1
نمیتوان,1
نصیحتها,1
عقلو,1
پاداشتند,1
میگشایند,1
نمیشوی,1
راهش,1
بیندیشد,1
نگذاشتند,1
مقصر,1
شناسد,1
بخواستی,1
کنایت,1
اقربا,1
یلد,1
ولم,1
یولد,1
نیافت,1
الغنی,1
الفقراء,1
خویش‌تر,1
آشناتر,1
متعلق‌تر,1
پرگوهر,1
کردو,1
پوشانید,1
سابقهٔ,1
اونصیب,1
کریمی,1
تاازو,1
همهعالم,1
باخبراند,1
گدائی,1
وار,1
خواهد_خود,1
تقاضا,1
نانش,1
دنبک,1
مرانان,1
بخسبد,1
خواهد_مرا,1
بجنبان,1
فکرتی,1
نزدیکی,1
عقلتو,1
وبداند,1
وجودآدمی,1
دروتابش,1
ونفس,1
تابش,1
تلبیسها,1
الامادام,1
انداختند,1
چیزی‌تر,1
نرم,1
بگشایند,1
ادعونی,1
استجب,1
حصار,1
لنگرکشیده,1
دختری,1
میشنیدم,1
تواعتماد,1
المی,1
جمالی,1
آموخته_بود,1
خداخواه,1
میگریست,1
هریسهاش,1
معهود,1
خواهم_ناگاه,1
ازغیب,1
بیامدند,1
خوردم,1
وثوق,1
هیچکاری,1
نفرماید,1
مسجدش,1
منازعت,1
آناو,1
فال,1
وزکریا,1
وصی,1
ازکجا,1
نهایتست,1
آرزویی,1
مؤانست,1
نمیزاد,1
حیض,1
آبستن,1
اشیا,1
درپس,1
گوشش,1
خودهمه,1
دیوارم,1
ورباب,1
ربابیی,1
بنویسی,1
بخوانی,1
خاموشی,1
وخشم,1
وجمیع,1
آسیابست,1
بیآب,1
آزموده,1
آسیاب,1
زبرا,1
بنال,1
سیرم,1
گردشی,1
دمبدم,1
بالست,1
بیاد,1
انقطاعی,1
پرد,1
حقهٔ,1
معطر,1
مشام,1
بذاتش,1
نرسی,1
فایدهای,1
براهیم,1
نبوت,1
نرسیدند,1
بعنایت,1
نمیافتد,1
بیناند,1
بباطن,1
اشاعت,1
خروج,1
طاغی,1
خفی,1
مصلحتی,1
ملاء,1
میآویزند,1
میخی,1
درآویختن,1
تامردم,1
انفاذ,1
امتثال,1
دارها,1
ودولت,1
نیزداری,1
بلندست,1
پادشاهیی,1
امثال,1
داریست,1
بلطف,1
بقهر,1
انند,1
غافلند,1
ایاما,1
ضارب,1
مضروب,1
امیرند,1
اظهارمیکند,1
نافیست,1
مظهرست,1
زیرااثبات,1
مناظری,1
معارضی,1
لانسلم,1
نکتهٔ,1
نافی,1
میراکدشان,1
غلبهٔ,1
انبوهی,1
ماجهت,1
آننیست,1
معاون,1
متسلی,1
وحشت,1
المؤمنون,1
کنفس,1
واحدة,1
دردگیرد,1
غوغا,1
بحرند,1
بباری,1
لاضیر,1
منقلبون,1
اندیشد,1
پا‌گر,1
دست‌گر,1
افتی,1
سحرهٔ,1
سیمبر,1
جگر,1
لایصلح,1
المأمور,1
الحلاوة,1
جایع,1
اکراما,1
یرغب,1
یقال,1
الشوک,1
نهیا,1
لصحة,1
راغب,1
یفهو,1
لجهل,1
بجهله,1
کذالطبیب,1
أراد,1
طبه,1
لماداواهم,1
عالجهم,1
الخباز,1
جوع,1
لحصول,1
کسبه,1
ومعاشه,1
بجوعهم,1
لماباع,1
الخبز,1
ولذا,1
المراء,1
لسلطانهم,1
رجولیتهم,1
محبتهم,1
ولایجمعهم,1
لعدم,1
الحاجة,1
الیهم,1
لایرضون,1
بالمخالف,1
قاتلوا,1
شاکرا,1
مطیعا,1
متقیا,1
هذالایمکن,1
بهالانه,1
مجاهد,1
بازالة,1
مری,1
للشرمن,1
وغیر,1
والخصم,1
أن,1
الشیئ,1
الابیة,1
ترغب,1
تنفر,1
الخیر,1
لوازمها,1
فلولم,1
لایرید,1
الملزومین,1
للنفس,1
ولورضی,1
بها,1
ایضا,1
امرها,1
نهاها,1
فالحاصل,1
خیرومن,1
الخیرات,1
لدفع,1
یقل,1
للایمان,1
الایمان,1
الحاصل,1
لخیر,1
ولکم,1
القصصاص,1
حیوة,1
القصاص,1
وهدم,1
لبنیان,1
لکنهذا,1
وصون,1
القتل,1
الجوزی,1
لارادة,1
الخیرالکلی,1
بقبیح,1
رضآء,1
الام,1
لاترید,1
الوالد,1
لانها,1
تنظر,1
الاب,1
یرضی,1
یزجره,1
نظرا,1
لقطع,1
الجزؤ,1
الآکلة,1
العقاب,1
فهل,1
یصدق,1
الاقسام,1
لافلابد,1
ولایکون,1
عفوا,1
غفورا,1
الذنوب,1
بالعفو,1
بالصلح,1
والاصلاح,1
الامرفایدة,1
الخصومة,1
نظیره,1
ماقال,1
صدرالاسلام,1
بالکسب,1
انفقوا,1
بالمال,1
قم,1
صل,1
فقدامره,1
بالوضوء,1
امره,1
تأهیت,1
للمزید,1
احب,1
عبدا,1
ابتلاء,1
اجتباه,1
اصطفاء,1
یشکرون,1
لقهره,1
یشکرونه,1
للطفه,1
منهما,1
الشکرتریقا,1
یقلب,1
القهر,1
العاقل,1
الکامل,1
الجفاء,1
الحضور,1
الخفاء,1
فهوالذی,1
اصطفاه,1
مراده,1
فبالشکر,1
یستعجل,1
مقصوده,1
الشکوی,1
تنقیص,1
لشکوی,1
ضحکی,1
الجافی,1
والمراد,1
الضحک,1
حکی,1
یهودیا,1
جواراحد,1
ینزل,1
الاحداث,1
والانجاس,1
وابوال,1
الصبیان,1
غسیل,1
بیته,1
یامر,1
ثمان,1
سنین,1
المسلم,1
فدخل,1
لیعزی,1
قرأی,1
النجاسات,1
ورآی,1
منافذها,1
الغرفة,1
جری,1
المدة,1
الماضیة,1
وندم,1
ندما,1
وقال,1
لاهله,1
ویحکم,1
تخبرونی,1
کنتم,1
تشکرونی,1
یأمرنا,1
یهددنا,1
فآمن,1
محرض,1
باعث,1
سیکیست,1
ذکرالله,1
انبیاءه,1
صالحی,1
عباد,1
شکرهم,1
فعلوا,1
غفر,1
مزیدن,1
نعمتست,1
تانمزی,1
طمعیست,1
خودغافل,1
کش,1
زیافت,1
خوردنست,1
مضر,1
ببی,1
شکری,1
پنداشت,1
وبلوناهم,1
بالحسنات,1
والسیئآت,1
لعلهم,1
یرجعون,1
رزقناهم,1
لایحتسبون,1
یتنفر,1
نظرهم,1
رؤیة,1
کالشر,1
کاءلله,1
ابویزید,1
اشرکت,1
ولالیلة,1
اضرنی,1
واناالضار,1
النافع,1
فنظر,1
السبب,1
فعده,1
مشرکا,1
اناالضار,1
بعداللبن,1
جعلت,1
کالذنب,1
المضرة,1
کالتأدیب,1
فاکل,1
التلمیذ,1
ضرب,1
الستاذ,1
رجله,1
اکلت,1
فاضر,1
هذاالاصل,1
لسانه,1
تکفل,1
یطهر,1
اغراس,1
القلیل,1
کثیرالفرق,1
الحمد,1
شکرته,1
جماله,1
شجاعته,1
والحمداعم,1
رؤساء,1
کوفت,1
آمن,1
والیوم,1
الآخر,1
الصفع,1
اصلحک,1
میخوریم,1
بسیلی,1
ماطافة,1
لنا,1
هوالخسف,1
والقذف,1
الاوصال,1
ایسر,1
خسف,1
القذف,1
همچونک,1
بخوردو,1
نترشیدی,1
چاپلوسی,1
گنجایی,1
یابدو,1
العیاذ,1
ترشی,1
بیرونش,1
بمرور,1
منادیی,1
تادلها,1
وآنگه,1
وآورد,1
برداد,1
رقصانند,1
زنانند,1
هردم,1
بردادن,1
الاسراف,1
رزقی,1
سوف,1
یأتینی,1
اسعی,1
فیعنینی,1
جلست,1
اتانی,1
لایعنینی,1
قاعدهٔ,1
بگزافه,1
دوادو,1
بیضرورت,1
پوشش,1
میدوم,1
روزیها,1
پررنج,1
بیخواری,1
نمیتوانم,1
بکاردین,1
اونشسته,1
جعل,1
الهموم,1
هما,1
واحدا,1
کفاه,1
همومه,1
رضاطلبی,1
بودهاند,1
پیغامبرانست,1
خوابه,1
النبین,1
والصدیقین,1
والشهدآء,1
والصالحین,1
جلیس,1
ذکرنی,1
مصراع,1
بپایان,1
حدیثشان,1
ونخواهد,1
مکتب,1
ابلهاند,1
ملیحة,1
لاتشتهی,1
مزهٔ,1
فرزندو,1
زید,1
عمرو,1
کباب,1
می‌ناب,1
می‌دانک,1
بخواب,1
برخیزی,1
سودت,1
وتنعم,1
ودادندش,1
بیداریست,1
نفعی,1
داده_باشند,1
النوال,1
ازمزاج,1
نینداختی,1
ببحر,1
بپیماید,1
بگوهر,1
وآنگاه,1
نیکبختی,1
چالاکی,1
پیمودن,1
بطاس,1
مکرم,1
خاصیتها,1
آرایشها,1
صفا,1
غمازست,1
مصری,1
ارمغان,1
تاهر,1
لاینظر,1
صورکم,1
اعمالکم,1
وانما,1
اردت,1
یفوتها,1
خواهی_بیابی,1
رویان,1
لذات,1
باکی,1
سراو,1
اشتغال,1
حامله,1
بچهٔ,1
سرست,1
معمول,1
مرافقت,1
یاریها,1
آشناییهاآید,1
بعداز,1
خیزد,1
درختست,1
شاخسار,1
دوشکسته,1
خلل,1
ببندگان,1
بایستی,1
صلاة,1
گلنار,1
شهریی,1
باشتها,1
بگزر,1
آموخته_بودم,1
چشیدم,1
گزر,1
هرباری,1
نخواهم_یافتن,1
چشید,1
ازاین,1
مشامی,1
میچشند,1
قناعت,1
برجا,1
بویش,1
امتحانست,1
درشاخ,1
وقوله,1
خواهی_کردن,1
پنجاهم,1
نایافته,1
راتصور,1
نویست,1
نیافته_است,1
اوموجود,1
الواحد,1
الماجد,1
واجد,1
طالبست,1
والغالب,1
حادثست,1
وواصل,1
آموخته_باشد,1
رهابین,1
استخراج,1
عجایب,1
مبنی,1
متناقض,1
زعم,1
یاغیر,1
واگر,1
غیرولی,1
الحقیقة,1
راز,1
خواهیم_تا,1
بدانیم,1
محبوبترست,1
بفرمود,1
بساختند,1
قرناق,1
حمول,1
برمیشمرد,1
اوذلیل,1
خواهد_، ,1
فرموده_است,1
یأکل,1
حیواناند,1
خطاست,1
زیراکی,1
کشته_شد,1
نادر,1
معزول,1
میرانیدم,1
گردانیدم,1
دردلیلی,1
برمیآرد,1
ظاهرمخالف,1
میآفریند,1
بدوم,1
ودوم,1
بسوم,1
آورده_بودند,1
عید,1
بنظاره,1
بامها,1
بوند,1
مشغولم,1
چارهٔ,1
برکنار,1
میگذشت,1
ترانهٔبگوید,1
ببخشم,1
بزندان,1
هفتهٔ,1
بسلطان,1
فرمودکه,1
رند,1
نگفتم,1
مردکی,1
ایستاده_بود,1
مردیام,1
هشیار,1
خلعتش,1
زندانش,1
استخلاص,1
مینشیند,1
میآمیزد,1
یارست,1
اختلاط,1
صدیق,1
برشکر,1
نخوت,1
کشیدهایم,1
بمنزلت,1
رسیدیم,1
نکشیدهٔ,1
رسند,1
بعالمی,1
انکارست,1
مقرراکسی,1
ودوستی,1
دمشنیست,1
عشقست,1
نازلست,1
نخواهد_ودشمن,1
گشتم,1
تکبر,1
هوالحق,1
موجودی,1
بودعالم,1
فراختر,1
والفاظ,1
تهیج,1
وفنای,1
جنبده,1
میدوی,1
تحرک,1
ناقطهٔ,1
نبردم,1
بفنای,1
شنیدهام,1
کعبهایست,1
بربام,1
ازجای,1
میاندازی,1
منتفر,1
نمی‌یافتی,1
راانداختی,1
انشقت,1
زلزلت,1
زلزالها,1
اجتماع,1
افتراق,1
فراخی,1
تنگناخلاص,1
بچار,1
گهواره,1
دستهاش,1
ببندند,1
بالغی,1
بگهواره,1
وزندان,1
غنچه,1
متفرق,1
دیوارهاست,1
ننگیست,1
فراخیست,1
موثر,1
هیجان,1
مراعات,1
اهلا,1
سهلاگفتی,1
رنجیدن,1
بزیادتی,1
انگیختن,1
ودشمنی,1
پردهها,1
نظرهای,1
حکمها,1
حیاتی,1
مابقی,1
ریشهٔ,1
باندیشه,1
توسع,1
نازلتر,1
خواهی_مضمر,1
خواهی_مظهر,1
ریشه,1
ازواند,1
زنده‌اند,1
لفظی,1
عبارتی,1
خواهی_شکر,1
خواهی_شکایت,1
خواهی_خیر,1
خواهی_شر,1
فلکی,1
تابانست,1
شعاعش,1
نتابد,1
وهواللطیف,1
کثافتی,1
معنیی,1
ننمودو,1
چونک,1
میتافت,1
وغیره,1
بیواسطه,1
پسدانستیم,1
آفتابیست,1
تابان,1
غیرمنقطع,1
میستانی,1
گستاخ,1
تماشاهای,1
دراندیشهات,1
نطقی,1
تازندهٔ,1
خاییدن,1
ولاییدن,1
حجر,1
معرفتی,1
اطلاعی,1
غیرخدا,1
خدانمیکنم,1
خدایت,1
هردوست,1
عندالحضور,1
موصوف,1
ونشاید,1
لاندله,1
ترجیح,1
بلامرجح,1
الشییء,1
منتفیست,1
بایستد,1
چاشنی,1
حرفتی,1
ودانستن,1
مالدار,1
گلهٔ,1
وباغها,1
حرفتهای,1
داعیۀ,1
فاتر,1
غروبست,1
شروق,1
والمغرب,1
یربی,1
الشارقة,1
والغاربة,1
معتزله,1
فعلست,1
شرکه,1
بوجودآید,1
فواید,1
برها,1
خواهد_یافتن,1
نخواهدبودن,1
تونمی,1
قبضهٔ,1
کمانست,1
درکارها,1
مستعمل,1
بیخبرست,1
کمانی,1
آگه,1
دردست,1
کیستم,1
دنیایی,1
ستون,1
میگدازد,1
نبالیدی,1
جبرا,1
اختیارا,1
غفلتها,1
بشوید,1
مزبله,1
خاتم,1
پادشاست,1
جوال,1
گندمست,1
ندامیکند,1
ازصاع,1
بگندم,1
وفاتر,1
بعکسه,1
علامتش,1
ازویش,1
یادآورده,1
گلستانست,1
میتوانی,1
ریاض,1
ارم,1
خیالی,1
ناگزیرست,1
دریاد,1
کراهت,1
فلنفسه,1
اساء,1
فعلیها,1
جاعل,1
اتجعل,1
فساد,1
منقول,1
منقولست,1
محفوظ,1
صفتشان,1
خواهند_بودن,1
محضاند,1
وایشان,1
زناکنی,1
ایناند,1
آز,1
خواهند_، ,1
حیوانست,1
ملایکهاند,1
وزبانی,1
تقدیرش,1
متضاد,1
خودخبر,1
فرشتهٔ,1
لوحیست,1
اوباشد,1
بشاگرد,1
کاه,1
وهمان,1
شاگرد,1
خرگاه,1
میراندند,1
میبالیدند,1
حیاتشان,1
بآب,1
می‌بودند,1
گاوان,1
حشمت,1
بخرید,1
بخیل,1
آنسرا,1
نمیتوانستند,1
اندرونشان,1
نالهای,1
بعیش,1
ازتلخی,1
مجرد,1
میبالید,1
غوطها,1
پیغامبری,1
رهنمایی,1
بازگردد,1
نیامدمی,1
باستحقاق,1
وعظمت,1
سرنهاد,1
استحقاق,1
سابقست,1
مستعد,1
ساخته_باشی,1
ساختم,1
بخشیدن,1
کارتست,1
نبخشی,1
تراست,1
آنستکه,1
ویمیت,1
احیی,1
وامیت,1
حواله,1
بمیرانم,1
مرادم,1
حذاقت,1
وذوق,1
یأتی,1
بالشمس,1
الآیه,1
ناگفته,1
خاییدند,1
میخایی,1
کتم,1
اولست,1
بمشرق,1
سنی,1
اوبوده,1
وفساد,1
وبنده,1
خواهد_آفتاب,1
خواهد_از,1
مسبحند,1
ورزد,1
شریعت,1
روشنائیها,1
زندگیها,1
تاریکیها,1
خوفها,1
چاهها,1
میورزند,1
لایزید,1
ینقص,1
شتان,1
بدار,1
حالش,1
خلعتی,1
مسلمانانست,1
امین,1
میبایدکه,1
خاطرناخوش,1
میانه,1
غیرحق,1
افراط,1
فلکند,1
دایر,1
سعود,1
متعذرست,1
نحوست,1
نکبت,1
اودایر,1
مسعود,1
گبر,1
جهود,1
ترسا,1
موجد,1
کامنست,1
بتوقع,1
شرمنده,1
ایجاداند,1
زده,1
مراهست,1
شرمندهاند,1
لاشییء,1
دودر,1
رهت,1
پویان,1
گویان,1
بناش,1
قوامش,1
بالیده,1
کفری,1
لایتجزیاند,1
آفریدی,1
بکارنیاید,1
آفتابی,1
مجاز,1
میگیرید,1
دیده_شود,1
فزایش,1
میباشید,1
ودریابید,1
میگریزی,1
بزرگست,1
ینادون,1
میکشی,1
توآنجا,1
دیررسی,1
گنجیدن,1
پیوندی,1
اغنیا,1
منادیام,1
میکشید,1
آیید,1
فروع,1
شاخهای,1
میوها,1
باغست,1
تهلیل,1
بیخش,1
میوه‌های,1
آرزومندم,1
آخرتم,1
نهادها,1
مونس,1
میگیرم,1
درخاطر,1
مذکورست,1
رقاصهٔ,1
یدیک,1
صنعتک,1
دردستهای,1
پادرین,1
بتفاصیل,1
نیاورد,1
بدیدن,1
ترسیدن,1
متضمن,1
مینوازد,1
بنوت,1
اخوت,1
ملاقات,1
ملاحظت,1
بنفخ,1
باددرو,1
طبایع,1
بیاختیار,1
بدفعلی,1
بیمرادیها,1
مطمئن,1
الوهیت,1
مضاد,1
عبودیت,1
برسرش,1
میکوبد,1
سرکشی,1
مرادیها,1
نرهد,1
گریزگاه,1
چستی,1
چالاک,1
بنشانم,1
عقدهٔ,1
بگشاد,1
صفتاند,1
کرهٔ,1
ابتدا,1
بکاو,1
درینها,1
دانستیی,1
افزودیی,1
ممریست,1
بکجا,1
میرودو,1
عاجزی,1
می‌داری,1
قحبه,1
خواهرزن,1
پیمودی,1
گردیدی,1
قحبهٔ,1
ندانی,1
خواهی_دانستن,1
ستارهها,1
میبودی,1
وژهٔ,1
میرفتی,1
هرزهها,1
تعلقی,1
اکوان,1
بیجاست,1
بیجایست,1
غیراین,1
عزیزتر,1
ببخشایی,1
قهاری,1
مجرمی,1
رانی,1
فوقهم,1
وصنع,1
افلم,1
ینظروا,1
بنیناها,1
منقاد,1
بالاتر,1
اذ,1
رمی,1
ازکمان,1
سپری,1
جوشنی,1
شادم,1
بسوختی,1
بمعرفت,1
همدگرند,1
ویک,1
ماندندی,1
شدندی,1
میخسبند,1
بصر,1
بماضد,1
بحکیم,1
بزنا,1
زناست,1
مجوسیان,1
الزام,1
مسلم,1
یقینت,1
چگونهات,1
کافرک,1
یظن,1
أولئک,1
انهم,1
مبعوثون,1
لیوم,1
ظنیت,1
وعدهای,1
گمانی,1
احتیاط,1
نمازها,1
روزها,1
صدقهها,1
الحرکات,1
برکات,1
نیفزایی,1
بحرکات,1
بیل,1
میآی,1
فایدهاش,1
استغناست,1
بچگک,1
رئیسی,1
چوک,1
نانپاره,1
برجاست,1
بیهوشی,1
کر,1
شنوا,1
قالبست,1
شنواییست,1
کاهلست,1
نمیگذاری,1
برعنایت,1
ارزاقا,1
ارزاق,1
کتیبت,1
اللوح,1
فلیطلبها,1
الجمعة,1
کورم,1
کردگار,1
برنجش,1
معبدست,1
کافرانست,1
شدوناله,1
رحمن,1
پردههای,1
نمییابم,1
جویم,1
دوزخی,1
خدانمیکرد,1
راو,1
سیارات,1
نمی‌کنند,1
زیرک,1
فرسنگها,1
سرگین,1
شصتم,1
نزادی,1
وسوگند,1
اوحکم,1
صدهزارست,1
گردیدن,1
سیروافی,1
انظروا,1
عاقبة,1
المکذبین,1
سیرو,1
غرضی,1
نمیگذاشت,1
هیچکسرا,1
وهوش,1
مسئله,1
ورقها,1
میگردانی,1
نیتی,1
مقصدی,1
بوده_باشی,1
راندیده,1
فرزندش,1
برپدر,1
میفرمایی,1
میلرزید,1
زحمتش,1
لرزیدن,1
افقه,1
آنباشد,1
بازداند,1
زعمر,1
ازحقیقت,1
بشکنند,1
ودیگران,1
قرص,1
غیبتست,1
ازنظر,1
بقرص,1
اطعمه,1
لرزانست,1
مقویست,1
تبر,1
لرزهٔ,1
بتبر,1
نالرزیدن,1
سکون,1
الدینست,1
میمی,1
نقصانست,1
زیادتست,1
کمالست,1
احمد,1
بیفزایی,1
میمیرد,1
کهظاهر,1
غلیظیست,1
غلیظی,1
برنبی,1
وبدعوت,1
مظهرند,1
وبوی,1
بامت,1
شماییم,1
مایید,1
منفصل,1
مقتضی,1
نخواهد_ازو,1
میغلتد,1
نمیجنبد,1
انگاشتهاند,1
موزه,1
پاچهٔ,1
شلوار,1
موزهٔ,1
زیردست,1
گردکرد,1
زنبور,1
زنبورانند,1
طالبی,1
عاشقی,1
وباغبان,1
نمیروند,1
بگوشهٔ,1
کندوییست,1
واسطهاند,1
آنوقت,1
گردانیدند,1
سلاح,1
بزم,1
یادآوری,1
شکلش,1
خواهی_تصور,1
پیرامن,1
طواف,1
میبوسد,1
گذارند,1
تألیف,1
لحد,1
کندهٔ,1
بجهدکی,1
تجدید,1
ازوحشت,1
ترسی,1
مینهند,1
گورها,1
نشانیست,1
میترسد,1
ظاهرمیشود,1
نمیترسد,1
خشمی,1
میدوند,1
گام,1
دوید,1
بسواد,1
منزلت,1
دویده_است,1
اودرآب,1
می‌رفت,1
بخفتن,1
بگشتن,1
بخوردن,1
لقاء,1
الخلیل,1
شفاء,1
العلیل,1
حدی,1
منافقی,1
واذا,1
لقواالذین,1
آمنوا,1
آمنا,1
پشم,1
مجاورت,1
بساط,1
منقش,1
بمجاورت,1
سرایی,1
مختصر,1
اینجمله,1
طبقهٔ,1
مابین,1
سماست,1
کلیست,1
شخصش,1
آسمانهای,1
چشمشان,1
برینها,1
آسمانهاست,1
فرمای,1
خصوصیت,1
کیوان,1
ومتصرف,1
گشتیم,1
بهرنوعی,1
بالاش,1
زیرش,1
مینهیم,1
سرایش,1
می‌سازیم,1
کوزهاش,1
درازش,1
کوتاهش,1
ازمیان,1
جنسیم,1
کندکه,1
باخبرست,1
پذیرا,1
دایگی,1
بیداریش,1
میخواستند,1
بگرفتند,1
نمی‌باید,1
نرنجد,1
اوشان,1
بگرداند,1
نعوذبالله,1
قماشات,1
چنگ,1
خزینهٔ,1
تجمل,1
ننهاد,1
لباب,1
تعلی,1
عجبوا,1
جاءهم,1
منذر,1
منهم,1
راحالتی,1
بطبع,1
رنجیده,1
درآب,1
بغلی,1
درنگنجد,1
یافتهٔ,1
میریزند,1
ورحمة,1
وبرکاته,1
نثارها,1
ریختیم,1
واسب,1
راند,1
روددرین,1
هدایت,1
استانید,1
سومروید,1
مروید,1
وثمود,1
آیات,1
بینات,1
بدادهایم,1
هلاکتمان,1
میکوشی,1
رهبری,1
پیشوایی,1
اعضادر,1
اعضارا,1
ازودیگران,1
کاردنیا,1
نخواهد_هیچ,1
بوجوداسباب,1
تنعمات,1
قلمیست,1
محرک,1
محرر,1
اونخواهد,1
رادستی,1
کوآنک,1
الضر,1
والنافع,1
ضرر,1
چفسیدهٔ,1
ماقل,1
البقره,1
مطولست,1
افادت,1
نوح,1
گرویدند,1
اوتاد,1
افادتست,1
مفیدتر,1
ونزدیک,1
اونتوانی,1
هندستان,1
تبریز,1
زاویهٔ,1
زاویه,1
بازگرد,1
افروخته,1
ناافروخته,1
بوسه,1
نبیست,1
ناقهٔ,1
صورتش,1
ناقه,1
جاویدست,1
گفتندش,1
دهاد,1
محتاجم,1
اقرضوالله,1
قرضا,1
حسنا,1
تنهانمیخواهد,1
ودانش,1
نظرو,1
داده‌ام,1
سبکتر,1
بترشی,1
بیازما,1
وآتش,1
رادیدن,1
ودیدنست,1
مدرسهٔ,1
صوابست,1
بسازد,1
بنیاد,1
ازدید,1
هفتصد,1
هتفصد,1
ژرف,1
بیخبرند,1
خوشترست,1
ازدوزخ,1
سختتر,1
بکمتر,1
عذابی,1
میزری,1
قالییی,1
میزر,1
چهارکس,1
دوزخیان,1
خواهند_یعنی,1
فیض,1
کشفی,1
قادرست,1
خواهد_بنماید,1
نکشی,1
فادخلی,1
عبادی,1
وادخلی,1
جنتی,1
جولاهه,1
نایبی,1
مسئلۀ,1
موکلیست,1
راندن,1
موکلی,1
نرمی,1
ریحانها,1
خارها,1
میخلد,1
خارستانست,1
وناخوشی,1
رنجست,1
وجدانی,1
اگرچشم,1
حیله,1
غذاهای,1
نامحسوساند,1
ظاهرترست,1
قایمی,1
وهماره,1
بیاینی,1
شبست,1
بکارها,1
باتن,1
میلرزی,1
جایهای,1
مغلطهٔ,1
قایماند,1
اسماعیل,1
نابود,1
حجاج,1
بنگ,1
مجنبانید,1
پنداشته,1
تنش,1
جداست,1
ببدن,1
ببدناند,1
بیازمایند,1
استره,1
بیازمایی,1
بمعشوق,1
نخفتم,1
نخوردم,1
علما,1
هنرمندان,1
صورته‌ای,1
احکامه,1
بشخص,1
محبوبیاند,1
خواهند_تا,1
خاضع,1
وصفات,1
خبرست,1
باخبریم,1
خبرما,1
بیخبری,1
اوتیتم,1
قلیلا,1
اصعب,1
والآخرة,1
ینجی,1
تکسر,1
غضبک,1
تکظم,1
غیظک,1
چندانی,1
جستن,1
المخلوق,1
شکایة,1
غیظ,1
بکش,1
بکبریت,1
مجازاتی,1
بازفرستادن,1
ادفع,1
بالتی,1
ردیست,1
ببسیاری,1
نیزدفع,1
عبید,1
الاحسان,1
بنامی,1
میخوانند,1
تغییر,1
میلشان,1
عفوی,1
مذمت,1
حجتی,1
خجل‌تر,1
بستایش,1
والعافین,1
المحسنین,1
چندانش,1
بستاکه,1
بگمان,1
بنفاقست,1
اتفاقست,1
برکن,1
سبلتشان,1
دولتند,1
بشکن,1
گردنشان,1
گردنند,1
وفقناالله,1
درستست,1
همراز,1
همسخن,1
نوا,1
اسبب,1
مرادات,1
مهیا,1
بینواییش,1
دستیت,1
چهارصد,1
کامروایی,1
روزش,1
یادآرد,1
شبت,1
وایوب,1
بلاسیر,1
سباع,1
بدترست,1
شومیهایی,1
برحسب,1
شومیها,1
نفیستر,1
عظیمتر,1
بمجاهدات,1
مجاهدات,1
آمیختنست,1
یارانی,1
هاند,1
سخ,1
تتر,1
افنای,1
ازینست,1
نم,1
یبیند,1
گنجست,1
نفایس,1
هفتادم,1
الفرقبین,1
الطیور,1
اجنحتها,1
اجنحة,1
همم,1
الطیو,1
رباجنحتها,1
تط,1
یرالی,1
جه,1
ةمن,1
باجنحة,1
هممهم,1
یطیرون,1
ةو,1
داب,1
ةاصطبل,1
ولکل,1
طیر,1
وک,1
عالم,1.0
سخن,0.7649572649572649
<PIL.Image.Image image mode=RGB size=1600x800 at 0x7F4F6B236B00>
