الله,80
دست,73
دل,62
تعالی,57
شعر,54
خانه,49
چشم,43
بیت,39
روزی,38
سخن,35
مرد,35
خواجه,35
کار,35
عشق,34
قدس,34
وقت,33
گر,33
سره,33
فرمود,32
حسن,31
خدای,31
جهان,30
درم,30
اعرابی,30
دید,28
اشعار,27
جان,27
نان,26
خلیفه,25
دینار,25
رحمه,24
طبع,24
دور,24
آب,24
پای,23
شاه,23
سه,23
خاطر,22
نظر,22
کز,22
گفته_است,22
زن,22
زبان,21
خون,21
نفس,21
شب,21
پرسید,21
دوست,21
پادشاه,21
افتاد,20
زمین,20
امیرالمؤمنین,20
غلام,20
همی,19
سنگ,19
صحبت,19
جمال,19
مال,19
ماه,19
زر,19
جواب,19
بن,18
وز,18
نی,18
طلب,18
بینی,18
پدر,18
نهاد,18
ملک,18
عدل,18
درآمد,18
اصمعی,18
پر,17
خلق,17
فی,17
برد,17
کرم,17
می‌گوید,17
زان,17
دوستی,17
جمله,17
خورد,17
ازو,17
آواز,17
طمع,17
سبب,17
مجلس,17
صاحب,17
دولت,17
هارون,17
کتاب,16
کیست,16
حکم,16
کشید,16
خوان,16
اهل,16
بوده_است,16
والله,16
کنیزک,16
فضل,15
رنج,15
شیخ,15
معنی,15
زین,15
می‌کند,15
بنده,15
ازان,15
عیب,15
آتش,15
دوستان,15
فرود,15
یار,15
تن,15
شتر,15
ظلم,15
طعام,15
موی,15
قوت,15
حجاج,15
مردی,15
مدح,15
غزل,15
علی,14
بهر,14
گل,14
خرد,14
سلطان,14
دین,14
رنگ,14
ساخت,14
سخنان,14
خبر,14
دراز,14
عالم,14
پسر,14
اندر,14
کمال,14
می‌کرد,14
سگ,14
شاعری,14
اشتر,14
قاضی,14
انوری,14
بهشت,13
خالی,13
امید,13
مهر,13
شیر,13
کف,13
محنت,13
قاعده,13
گشت,13
سیم,13
منزل,13
معانی,13
گوهر,12
یاد,12
پرسیدند,12
همراه,12
برداشت,12
بخندید,12
دشمنی,12
گوش,12
توست,12
کریم,12
کلمه,12
دگر,12
حرص,12
نسبت,12
می‌گویی,12
سوار,12
جوان,12
سرخ,12
نیم,12
شاعر,12
خاک,11
پرده,11
لا,11
قطعه,11
السلام,11
کرده_است,11
عاشق,11
ست,11
سؤال,11
بیمار,11
طبیب,11
برآمد,11
دیدم,11
دعوی,11
وان,11
عمر,11
می‌گفت,11
گرداند,11
اختیار,11
سال,11
گناه,11
می‌خواهی,11
قصیده,11
مادر,11
شخصی,11
شعرای,11
فردوسی,11
نکته,10
کین,10
نامه,10
نظم,10
رضی,10
برون,10
سیر,10
گمان,10
ازین,10
رخ,10
بیند,10
لحظه,10
پیشه,10
کرده‌اند,10
حکیم,10
زشت,10
گردان,10
ماند,10
زنی,10
نوشت,10
غم,10
روزه,10
شخص,10
بفرمود,10
تنگ,10
دهان,10
بدید,10
زد,10
بخواند,10
امیر,10
عطا,10
روان,10
خواند,10
شکر,10
جیدا,10
گرگ,10
روباه,10
نمود,9
استاد,9
بوی,9
قدم,9
زور,9
عنه,9
حضرت,9
ره,9
رود,9
عبدالله,9
زخم,9
رحمة,9
ذکر,9
ایست,9
جمع,9
مرگ,9
دوزخ,9
حاصل,9
دشمن,9
حد,9
خصم,9
که‌ای,9
آگاه,9
خوبی,9
مر,9
شوهر,9
نماز,9
شعرا,9
رباعی,9
احسان,8
فرزند,8
الدین,8
لطف,8
خدا,8
صدق,8
علم,8
آرند,8
علیک,8
پیر,8
هرات,8
بهره,8
کاری,8
موجب,8
بحر,8
سفله,8
بامداد,8
همت,8
آمدند,8
دانی,8
ور,8
اندیشه,8
بلا,8
خشک,8
بغداد,8
دانا,8
حکمت,8
نصیحت,8
خرم,8
عقل,8
نهان,8
آوردند,8
قرار,8
می‌باید,8
سفید,8
گفته‌اند,8
نیکو,8
عهد,8
موزه,8
معاویه,8
بنی,8
گذشت,8
شمار,8
لقمه,8
آشکار,8
بگرفت,8
ریش,8
رقعه,8
هوای,8
خاص,8
نتوان,8
مار,8
سوگند,8
عزیز,8
خسرو,8
قناعت,8
مرغ,7
ادب,7
نماند,7
قصه,7
آسمان,7
گردن,7
خار,7
نیک,7
تهی,7
عزیمت,7
صلی,7
ارادت,7
فرمان,7
قبول,7
انداخت,7
قصد,7
پا,7
بردند,7
فرستاد,7
برخاست,7
محبت,7
نهد,7
سفره,7
آرد,7
نتواند,7
آوردی,7
واقع,7
دویم,7
نعمت,7
درآید,7
مایه,7
اسکندر,7
غریب,7
انصاف,7
فرزندان,7
حرف,7
حکما,7
نکو,7
گرسنه,7
تیر,7
سیاه,7
مباشرت,7
نادان,7
رخنه,7
کسان,7
خوشتر,7
بره,7
مسلمانان,7
هنر,7
ظاهر,7
تلخ,7
نوشیروان,7
روا,7
غلامی,7
گرد,7
طلبید,7
سلام,7
سی,7
وزیر,7
برخیز,7
دندان,7
لطیف,7
برفت,7
خورشید,7
کشتن,7
بیتی,7
آمدم,7
مسجد,7
گوسفند,7
چوب,7
قصیده‌ای,7
مایده,7
گریه,7
می‌برد,7
شکم,7
خلاف,7
پالوده,7
شعری,7
مثنوی,7
بخارا,7
حاضران,6
باغ,6
سعدی,6
ناز,6
اسلوب,6
درج,6
جود,6
لطایف,6
دی,6
ترسم,6
هرجا,6
زانکه,6
بدو,6
سلم,6
صف,6
دلم,6
پنهان,6
دلی,6
درآمدم,6
نرسد,6
کوه,6
صوفی,6
مور,6
داند,6
ارباب,6
هرکه,6
قفای,6
آرزو,6
فرو,6
فقر,6
زندان,6
درویشی,6
جامه,6
حیله,6
بگشاد,6
پوست,6
تیغ,6
خردمند,6
چهل,6
زنان,6
محل,6
قبیله,6
فلک,6
اظهار,6
مالک,6
خام,6
ترجیح,6
درویش,6
زندگانی,6
همچو,6
ایمن,6
آرزوی,6
نیافت,6
دامن,6
صفت,6
گفتار,6
ساز,6
جامه‌های,6
احتیاج,6
مأمون,6
عقیل,6
طالب,6
مصاحبت,6
می‌کنی,6
ستم,6
مناسب,6
تازیانه,6
شری,6
مدینه,6
ایستاده_بود,6
شده_بود,6
می‌دارم,6
شهر,6
کنیزکی,6
زلف,6
کوفه,6
صحرا,6
پرسیدم,6
شده_است,6
پهلوی,6
توقع,6
مقابله,6
میل,6
گرم,6
فزون,6
کام,6
پری,6
خوبان,6
مشهور,6
رشید,6
بگذرد,6
مویی,6
دیدند,6
سرو,6
میراث,6
سفر,6
قافیه,6
مصراع,6
سحر,6
قصاید,6
هزاران,5
گلستان,5
سپهر,5
عرب,5
پوشیده,5
شیرازی,5
بلند,5
عین,5
دان,5
دمیده,5
افتاده_است,5
لاله,5
خوی,5
ملاحظه,5
اعتبار,5
باغبان,5
نشیند,5
وصل,5
آیینه,5
زنگ,5
خامش,5
زاده,5
محمد,5
هوا,5
شکست,5
اصحاب,5
پیری,5
بام,5
رسد,5
گام,5
می‌خواند,5
آه,5
سازد,5
کندن,5
کان,5
مگیر,5
آمدی,5
زو,5
طاعت,5
نتوانم,5
روشن,5
مهمان,5
میزبان,5
ترک,5
بستر,5
ایمان,5
خیزد,5
خواب,5
خیال,5
سو,5
وین,5
نیستی,5
نزدیکی,5
درد,5
صفحه,5
جوانمردی,5
پیوند,5
خواری,5
بنشین,5
زنده,5
قول,5
حقیقت,5
حکیمی,5
بدن,5
مرو,5
مقام,5
عادت,5
خردان,5
دشمنان,5
مشو,5
شیوه,5
جواهر,5
تخم,5
ایام,5
دهر,5
دفتر,5
اثر,5
مردان,5
قبیل,5
کش,5
معده,5
پشیمان,5
گشته,5
گفته‌ام,5
جوانی,5
بند,5
شنید,5
کسب,5
شاهد,5
بنشینی,5
سستی,5
می‌رفت,5
موج,5
خوردن,5
کزو,5
منصب,5
شوکت,5
بساط,5
خاندان,5
قوم,5
دشنام,5
خزینه,5
دستور,5
محمود,5
نگفت,5
گنه,5
چهره,5
مفارقت,5
جنگ,5
نیاید,5
آمده_است,5
رسیدند,5
حاجب,5
آزاد,5
وجه,5
داده_است,5
مصر,5
کفلیز,5
منت,5
نهی,5
حاجت,5
شنیدم,5
جعفر,5
سگی,5
بخورد,5
ملامت,5
صوت,5
گرفتار,5
سرایی,5
حیات,5
نکرد,5
می‌گویم,5
طعن,5
دروغ,5
ولیکن,5
معن,5
عفت,5
چاشنی,5
وصال,5
زمانه,5
گره,5
بگذاشت,5
بگفت,5
وزن,5
جانب,5
سان,5
گریبان,5
میسر,5
طاقت,5
تصویر,5
خواهر,5
قرآن,5
می‌خورد,5
شکل,5
شتری,5
جوی,5
شور,5
رودکی,5
ماوراء,5
مذکور,5
معزی,5
شاهنامه,5
عنصری,5
موری,5
ظهیر,5
سلاست,5
نظامی,5
دهلوی,5
نارسیده,4
فتد,4
بهارستان,4
روضه,4
یوسف,4
کلام,4
اثنا,4
الدوله,4
فرض,4
ببینی,4
هشت,4
اتفاق,4
آیین,4
اعراض,4
مطالبه,4
جگر,4
دعا,4
می‌گذشت,4
جنبش,4
رغبت,4
خوبتر,4
عفو,4
افشای,4
سپاه,4
رسول,4
شرح,4
نقش,4
لاف,4
مزن,4
غایت,4
سبحانه,4
طایفه,4
خدمت,4
مزد,4
صبور,4
کشته,4
توام,4
سنت,4
قرب,4
بیماری,4
سهل,4
بشوی,4
دوش,4
پلنگ,4
برده,4
کوشش,4
کشیده,4
گنج,4
دوید,4
نگرفت,4
بگشاید,4
دوری,4
هجر,4
جنس,4
دیدی,4
بگوی,4
خواهی_که,4
هوس,4
معذور,4
معامله,4
آر,4
ناداری,4
روح,4
کفیل,4
کلید,4
خطر,4
خداوند,4
زشتی,4
تهمت,4
حرمان,4
ابراهیم,4
خواص,4
نگردد,4
نشود,4
ابن,4
می‌بینم,4
فقیه,4
بمرد,4
بندگان,4
افتاده,4
گشاده,4
لئیم,4
هزل,4
بزرگی,4
دلا,4
مانده,4
کشد,4
عنان,4
روزگار,4
ننهد,4
خلل,4
بدل,4
نهفتن,4
چهارم,4
هند,4
یکسر,4
جو,4
گندم,4
سیوم,4
قدرت,4
لوح,4
راز,4
سلاطین,4
قوی,4
سیاهی,4
ظلمت,4
لذت,4
گرسنگی,4
شهوت,4
بزرجمهر,4
اجل,4
طعمه,4
شربت,4
بوستان,4
بریان,4
معاش,4
سود,4
برده_است,4
بتر,4
معرکه,4
پادشاهی,4
دوستتر,4
می‌داری,4
خصومت,4
شریف,4
صبح,4
کنان,4
چراغ,4
برآید,4
مدار,4
سم,4
سواری,4
قهر,4
ایوان,4
بهانه,4
چنگ,4
ترانه,4
کرگس,4
گرداگرد,4
حوالی,4
تیز,4
زرین,4
بگذار,4
کرده_بود,4
انکار,4
ابی,4
نشست,4
ببرید,4
نبوت,4
عز,4
صدیق,4
اعتذار,4
یاری,4
لشکریان,4
نشسته,4
رغم,4
گردانم,4
حرم,4
فرموده,4
غضب,4
سرای,4
موضع,4
بیع,4
خلافت,4
بصره,4
شکایت,4
اسب,4
دستش,4
مادرش,4
بریده,4
گناهان,4
پایه,4
باری,4
شرم,4
یافتند,4
زبون,4
جمیل,4
دروازه,4
هیهات,4
درویشان,4
نمی‌داند,4
خاموش,4
بنشست,4
فاقه,4
مغنیه,4
رخت,4
سپرد,4
بیفتاد,4
خزانه,4
نوبت,4
رسانید,4
کیسه,4
بخوان,4
ممدوح,4
پناه,4
حالی,4
زدن,4
حجاب,4
می‌خواهم,4
زمره,4
کشت,4
قطعه‌ای,4
سبحان,4
سیصد,4
بدره,4
حوصله,4
قدوم,4
فضایل,4
فراق,4
جانان,4
اشک,4
برآورد,4
منظر,4
سودای,4
نهاده,4
فارغ,4
ابرو,4
فریاد,4
ناخوش,4
دختر,4
ضربت,4
معشوق,4
می‌خواست,4
مشغول,4
بازگشت,4
رویی,4
خوار,4
دیار,4
زیارت,4
بانگ,4
بجست,4
تازگی,4
شام,4
اندک,4
بستانم,4
برهنه,4
دعای,4
اثنای,4
عرض,4
خط,4
راهی,4
خاصه,4
خانقاه,4
مزاح,4
مشاهده,4
بهلول,4
فاضلی,4
نامش,4
میانه,4
درس,4
زند,4
نابینا,4
لاغر,4
بشنید,4
درهم,4
تعریف,4
میهمان,4
دریا,4
نشناسد,4
ترکی,4
غارت,4
وصف,4
پاکیزه,4
آلت,4
نقطه,4
خالد,4
عسل,4
مشکین,4
ایراد,4
عود,4
ماهر,4
مطلعش,4
شهد,4
مقبول,4
افاضل,4
هروی,4
زاری,4
فارسی,4
دیوان,4
هجا,4
غور,4
النهر,4
آبگینه,4
بچه,4
مطبوع,4
اصل,4
غزلیات,4
حافظ,4
تتبع,4
میدان,4
بچگان,4
آغاز,3
زانسان,3
ثنا,3
مرغان,3
وفا,3
ورقی,3
بزم,3
استماع,3
خاشاک,3
سرشت,3
نهفته,3
دلکش,3
جزوی,3
اتمام,3
شرف,3
عنایت,3
دیدن,3
ذمه,3
حاجات,3
عار,3
اشارت,3
نرگس,3
التماس,3
اهتمام,3
تربیت,3
خورده_است,3
شاد,3
جامی,3
خامه,3
بساطی,3
لیک,3
سامع,3
دکان,3
مکارم,3
مطلع,3
عیبی,3
جویی,3
اسباب,3
طرفه,3
جنید,3
دلت,3
صاحبدلان,3
آنی,3
می‌بارد,3
پیغام,3
فردای,3
قیامت,3
دانشمند,3
احوال,3
نوشته,3
حذار,3
بیم,3
نشانه,3
سوزن,3
تاریک,3
سیه,3
آمده‌ای,3
دانم,3
کاندر,3
قانع,3
تیره,3
معروف,3
متقاضی,3
راضی,3
انعام,3
دنیا,3
شرع,3
نظاره,3
رفتند,3
می‌خواهد,3
مسلمان,3
سرش,3
بخشد,3
مجوی,3
محافظت,3
صافی,3
بیهوده,3
تصور,3
گور,3
دشت,3
ابوالحسن,3
دلیل,3
باکی,3
جلوه,3
ابوبکر,3
دورم,3
پرتو,3
آفتاب,3
واقعه,3
خوری,3
رویم,3
بشر,3
نمی‌دانم,3
خورش,3
خورم,3
مایل,3
بپرهیز,3
توانگر,3
خرسند,3
توانگری,3
قیاس,3
شر,3
آفاق,3
شک,3
رزق,3
فایده,3
بندگی,3
معاشرت,3
بت,3
خرقه,3
می‌زند,3
هو,3
فانی,3
فراز,3
کفر,3
دلان,3
زیراکه,3
فرمودند,3
پیوستن,3
سلسله,3
بداند,3
تعلق,3
حظ,3
نفور,3
فضیلت,3
شمشیر,3
نصیب,3
بندد,3
حسد,3
فغان,3
برود,3
بمیرد,3
شفقت,3
پاک,3
گذاشت,3
ناقص,3
اعتقاد,3
گذران,3
منه,3
افتد,3
پادشاهان,3
عدالت,3
سینه,3
نیش,3
خلاصی,3
صحت,3
جفت,3
کمان,3
کسری,3
نگفته‌ام,3
پشیمانی,3
نشد,3
نهفت,3
دشوار,3
فیلسوف,3
طب,3
موصوف,3
ملوک,3
گران,3
مزاج,3
ضعف,3
نقصان,3
مو,3
سفیدی,3
نور,3
زاغ,3
رونق,3
شراب,3
علاج,3
جنون,3
سخت‌ترین,3
حکیمان,3
حلم,3
طبیعت,3
آویزد,3
زمام,3
وسعت,3
رفیق,3
منبر,3
بغایت,3
فصیح,3
بمیرم,3
می‌بری,3
بگذاری,3
عملی,3
فروغ,3
برآرد,3
طریقه,3
دانستم,3
تواریخ,3
حفظ,3
گراید,3
گهر,3
قباد,3
شبی,3
فراست,3
گماشتگان,3
مردمان,3
احتراز,3
غافل,3
گردش,3
جام,3
نو,3
گم,3
آل,3
هاشم,3
شأن,3
رسالت,3
خواهم_بود,3
اذا,3
کوی,3
بدی,3
جد,3
صلح,3
یاران,3
قدیم,3
لعنت,3
عبدالملک,3
مروان,3
آوازی,3
تویی,3
می‌خوری,3
خلعت,3
ادای,3
نشسته_بود,3
ریزد,3
چپ,3
انتقام,3
بلندتر,3
فروتر,3
عم,3
می‌داد,3
رویت,3
ثواب,3
می‌گذرد,3
دگری,3
قیمت,3
قومی,3
بخرید,3
جمیع,3
غیرت,3
سماع,3
مشکل,3
بازار,3
مرتبه,3
گوشه,3
صرف,3
حسرت,3
می‌راند,3
سلیمان,3
مشرف,3
رسیدم,3
بنشاند,3
ماندم,3
بیاموز,3
نگه,3
اقبال,3
مکافات,3
مضمون,3
الکریم,3
صره,3
گردانید,3
همیان,3
بخیلی,3
بنوشت,3
بستاند,3
پاره,3
تهنیت,3
درشت,3
خاصیت,3
خانه‌ای,3
طلعت,3
مه,3
لعل,3
آزادی,3
سرد,3
فرد,3
خبری,3
غمزه,3
فسانه,3
متمادی,3
آدمی,3
عدو,3
رفتن,3
وظیفه,3
می‌ریخت,3
کشیدم,3
بیاموخت,3
وقوف,3
برخاستم,3
رسانیدم,3
درآی,3
مشک,3
انگشت,3
عقوبت,3
گواهی,3
پاکی,3
سلیل,3
بیشه,3
عماری,3
نشاند,3
بست,3
خونم,3
عقد,3
آلود,3
هردو,3
عزت,3
راحله‌ها,3
صبر,3
ساعتی,3
وحشت,3
آهنگ,3
استفسار,3
شاهی,3
قالب,3
لطافت,3
مرده,3
عارض,3
دام,3
اندام,3
سرآید,3
تکلف,3
تماشای,3
می‌کشید,3
شنود,3
دایره,3
کشاکش,3
پهلو,3
مده,3
رنجور,3
اعرابیی,3
بادیه,3
بده,3
نبی,3
نخل,3
رمان,3
ایستاد,3
دزد,3
مستی,3
قی,3
ناپاک,3
ایها,3
القاضی,3
خرده,3
بسته,3
عظام,3
خر,3
نیابی,3
خانواده,3
مسکین,3
زرد,3
فاضل,3
زیادت,3
شیطان,3
تب,3
جاه,3
جنت,3
خانگیان,3
گدا,3
معلمی,3
برادر,3
می‌زد,3
گله,3
خداوندا,3
لله,3
ابیات,3
بردن,3
مقدم,3
کسر,3
ذوق,3
موزون,3
ببرد,3
فرق,3
فتنه,3
بنابر,3
سلیقه,3
علو,3
اقسام,3
واسطه,3
زنهار,3
چندگاه,3
یمین,3
عسجدی,3
فرخی,3
سمرقند,3
طوس,3
کمالات,3
نباشد,3
ناصر,3
ازرقی,3
عاجز,3
مقصود,3
نگار,3
مفتتح,3
لطافتی,3
خلد,3
سلسبیل,3
نیل,3
دریافت,3
وطواط,3
طبقه,3
می‌گویند,3
خاقانی,3
لقب,3
حقه,3
مهره,3
دقت,3
موافقت,3
اسماعیل,3
نداده_است,3
عبارات,3
پوشند,3
اطلس,3
عصار,3
نزاری,3
بحسب,3
بخاری,3
کرمان,3
گربه,3
مقاوله,3
رقعه‌ای,3
دیرین,3
روباهی,3
فراوان,3
سوراخ,3
پشم,3
زورمندی,3
خواهی_رفت,3
جثه,3
شبان,3
آز,3
ننهاده,3
ذی,2
نیروی,2
حمد,2
پرواز,2
مقصد,2
بریزد,2
الحان,2
رسانند,2
گلشن,2
نثار,2
علت,2
چمن,2
اوصاف,2
آله,2
می‌آید,2
دلپسند,2
ارجمند,2
مقدمات,2
قواعد,2
فنون,2
اشتغال,2
طباع,2
غبار,2
نامدار,2
مصلح,2
روضه‌ای,2
رشک,2
حوران,2
زیور,2
ثنای,2
شهریار,2
معز,2
جلالت,2
شمع,2
حسین,2
خور,2
جودش,2
الکرام,2
ملکه,2
سعد,2
زنگی,2
رسته,2
ترتیب,2
مشتمل,2
پایمال,2
شکفته,2
نواحی,2
بناگوش,2
باران,2
عن,2
پرهیزگاران,2
گردانند,2
درختان,2
رسم,2
می‌گشت,2
نیارامد,2
صیقل,2
صقالت,2
اقتصار,2
نشین,2
انبساطی,2
مقوله,2
نتیجه,2
مقرر,2
انشاء,2
آراست,2
سزاست,2
اخلاق,2
مطالعه,2
کنندگان,2
اغماض,2
اعتراض,2
آشنا,2
بیگانگان,2
کیش,2
تاریخ,2
اطناب,2
تک,2
ار,2
حکایات,2
مشایخ,2
معرفت,2
کشور,2
هجوم,2
خطاب,2
صورتی,2
عارفان,2
وصیت,2
گذرد,2
محله,2
عشاق,2
زنم,2
مقامات,2
وصول,2
قیام,2
ابکی,2
گریان,2
داغ,2
هجران,2
می‌گریست,2
اللیل,2
لی,2
فلا,2
نهیم,2
ناله,2
مرید,2
حریم,2
آسانتر,2
کبر,2
کزان,2
مغرب,2
مسئله‌ای,2
می‌روم,2
حور,2
خاسته,2
طوق,2
بنشسته,2
مولا,2
شبلی,2
حمله,2
مدعیان,2
بنای,2
ترسا,2
می‌شوی,2
برمی,2
حبیب,2
بهشتی,2
ابوسعید,2
می‌رفتم,2
التفات,2
عظیم,2
نکردم,2
برآمدن,2
نرسید,2
بپوشاند,2
دلبر,2
ننماید,2
آراید,2
نزدیکم,2
مستور,2
ناخوشتر,2
غرضی,2
عوضی,2
ابوعلی,2
مملکت,2
حدیث,2
می‌گفتی,2
گردی,2
گنجایی,2
نگذاشت,2
ابوالخیر,2
تصوف,2
بنهی,2
بدهی,2
نجهی,2
عذر,2
جوانمرد,2
کاست,2
ناید,2
فرا,2
مپسند,2
تواضع,2
فروتنی,2
مایی,2
نلغزی,2
ننهی,2
ازلی,2
مذلت,2
پرسی,2
مکش,2
قسمت,2
کفایت,2
انقیاد,2
احکام,2
بویی,2
مشتاق,2
اغیار,2
بخیه,2
بقای,2
مجاز,2
جاوید,2
مبر,2
مباد,2
ادبی,2
مخیر,2
مراد,2
اقرار,2
پسندیده,2
چیزها,2
مقتضای,2
تدبیر,2
جاودانی,2
رومی,2
ویران,2
خندان,2
طعنه,2
غلاف,2
نیکوست,2
دانش,2
ستیزه,2
سنج,2
نپسندد,2
دهن,2
خردمندان,2
شمارند,2
وانچه,2
ذلت,2
می‌دری,2
گوشم,2
دهانش,2
خرابی,2
رقم,2
اعتماد,2
مغرور,2
خبران,2
ابر,2
اسرار,2
کج,2
علمی,2
فضولی,2
آویز,2
استدعای,2
تکرار,2
دلالت,2
رعیت,2
ریشی,2
پیچ,2
شاهان,2
بگریزی,2
محرم,2
طاق,2
نگشاید,2
نشدم,2
نشستن,2
پریشانی,2
فاش,2
فرموده_است,2
نتوانی,2
چین,2
رانده,2
سرعت,2
تصرف,2
بخردی,2
مثلی,2
طبیبی,2
خاست,2
آورده‌ام,2
وجهی,2
متغیر,2
سرمایه,2
کذب,2
دانایان,2
شکار,2
ماده,2
اضطرار,2
ترکیب,2
زانو,2
زده,2
جنبانی,2
تنگدستی,2
اندوه,2
لجه,2
سؤ,2
بخور,2
نیایی,2
سبکساری,2
بردباری,2
شبع,2
ببری,2
ایمنی,2
شفیق,2
فراغت,2
محروم,2
کفاف,2
زوال,2
پذیرد,2
نگیرد,2
درازی,2
مرده_است,2
آفت,2
آنست,2
بخرد,2
بترس,2
فعل,2
فکنده,2
چونست,2
می‌گذاری,2
بگریست,2
پندی,2
کفش,2
سیرتی,2
بایدت,2
گروه,2
تندی,2
بخل,2
آبادان,2
فرسنگ,2
تاریکی,2
کوش,2
تیرگی,2
تجسس,2
اختلاط,2
انبساط,2
ببریدی,2
درکشیدی,2
ظهور,2
عظمت,2
افضل,2
سلطنت,2
رعایا,2
نظام,2
کاید,2
مرکب,2
دفع,2
بیالود,2
تشویر,2
آداب,2
کیاست,2
رسیده‌ای,2
سخت‌تر,2
خواهد_بود,2
کردار,2
ندیمان,2
بگفتی,2
داشته_است,2
سبکتگین,2
مردار,2
پادشه,2
زانچه,2
می‌داشت,2
خویشی,2
درمی,2
ضرورت,2
کرمش,2
عهده,2
آفتابه,2
سطلی,2
می‌شد,2
سطل,2
امان,2
اتلاف,2
غباری,2
گشای,2
بزرگواری,2
مهاجرت,2
اندیش,2
بذل,2
عذرخواهی,2
شکارگاهی,2
شتران,2
بیابان,2
برکاته,2
مردیست,2
خطایی,2
بپرید,2
لشکری,2
سردار,2
ببرند,2
مایده‌ای,2
بنهاد,2
اجازت,2
می‌دانید,2
گفته‌ای,2
بلاد,2
فرستادند,2
لئیمی,2
یزدجرد,2
بهرام,2
بزن,2
سرا,2
خیانتی,2
پیشین,2
تحسین,2
شه,2
ستر,2
هرمز,2
بازرگانان,2
آورده‌اند,2
تاجران,2
تظلم,2
حاکم,2
ثمن,2
کاغذ,2
نایاب,2
مسند,2
سیاست,2
یهودی,2
ببوسید,2
ادا,2
ناخن,2
دزدی,2
کوتاه,2
ببخشای,2
گناهکاری,2
نمی‌دارم,2
استغفار,2
می‌آرد,2
آبی,2
عقوبتی,2
تجاوز,2
چرخ,2
گذارد,2
تفاوت,2
آگه,2
کودکی,2
وفق,2
غالب,2
جماعتی,2
کرده_بودند,2
ظالم,2
سرهنگان,2
یادگار,2
غلبه,2
عوض,2
مقصودش,2
محتاجان,2
می‌دهی,2
باطن,2
بخشش,2
طباخ,2
کاسه,2
دیگ,2
شریک,2
می‌دارد,2
یکسان,2
طفیلی,2
وجهه,2
ذل,2
جبین,2
ردا,2
ازار,2
بلاغت,2
بدیهه,2
بدایع,2
هنری,2
سپر,2
نخلستان,2
قرص,2
بینداخت,2
ایثار,2
می‌برم,2
نخواستم,2
المثل,2
عالمی,2
علوم,2
دینی,2
ناهید,2
شیفته,2
خال,2
مضیق,2
برخاستند,2
بادی,2
تغنی,2
بشنوی,2
زدند,2
تسلیم,2
صبرم,2
معیشت,2
تمتع,2
حقوق,2
می‌دهم,2
محتاج,2
حشمت,2
روغن,2
سخنوری,2
امیه,2
عباس,2
می‌آیند,2
غلامان,2
می‌داشتم,2
می‌آمد,2
می‌آیی,2
تعجب,2
قضا,2
واجب,2
منم,2
خلاص,2
جویان,2
نیکویی,2
توهم,2
خانه‌های,2
عدد,2
رقعه‌ها,2
مادری,2
بشناخت,2
کریمی,2
آشنایی,2
منع,2
درآیم,2
درآمدن,2
له,2
فما,2
پانصد,2
رفتم,2
برو,2
می‌طلبد,2
نگفتم,2
ببندد,2
حاتم,2
یتیم,2
گوسفندان,2
گدایی,2
بدهد,2
بترسید,2
سایل,2
گنجد,2
یدا,2
پنجه,2
سخندان,2
مات,2
کتمان,2
انسانی,2
عشقی,2
دایه,2
بگذر,2
بهای,2
غنا,2
جمالی,2
غزلی,2
می‌پرداخت,2
می‌نمود,2
دیوار,2
خاطری,2
خنده,2
موافق,2
پرداخت,2
آرزومند,2
دواعی,2
مواصلت,2
متوالی,2
مخاطبه,2
بینم,2
دوستداران,2
گذار,2
می‌بود,2
خلوت,2
دلبری,2
دلداری,2
وار,2
شمایل,2
زی,2
بارگی,2
انالله,2
اناالیه,2
راجعون,2
خریداری,2
ترسیدم,2
نمی‌توانم,2
برگشتم,2
شنودم,2
رخساره,2
موعود,2
غایب,2
خواهم_گریست,2
آنش,2
براند,2
نزول,2
خونت,2
نمایی,2
بگشایی,2
نقد,2
برخیزند,2
رابطه,2
اتحاد,2
انجمن,2
ریخته,2
خیمه,2
اقامت,2
شداید,2
گمشده,2
پرس,2
موعد,2
آهسته,2
خلخال,2
آینده,2
بستان,2
تعجیل,2
قدح,2
گاو,2
نمونه,2
صنعت,2
متعاقب,2
خواهد_شد,2
کشیدند,2
برداشتم,2
می‌خندید,2
ویحک,2
رسانیدند,2
شنیدند,2
ماهی,2
ترحم,2
حیف,2
خوبرویی,2
عاشقان,2
تناسب,2
طوطی,2
می‌دید,2
زنخدان,2
آمده‌ام,2
ظریف,2
طبعی,2
پندار,2
تحاشی,2
لغت,2
پرداز,2
همخانه,2
مستان,2
حلقه,2
مگس,2
نزاع,2
یکدگر,2
فریب,2
عام,2
مرآت,2
زده_است,2
نیامد,2
مریدان,2
عجز,2
لسان,2
حکمی,2
شکسته,2
مهجور,2
مؤمن,2
عجوزه,2
آنگه,2
اضطراب,2
فرموده‌اند,2
اعراب,2
نداند,2
گوئیا,2
دریدن,2
میش,2
دیوانگی,2
زید,2
سایه,2
می‌نوشت,2
مزدی,2
والله‌ای,2
پنداشت,2
بارک,2
سبلت,2
غسل,2
پیاده,2
برگردن,2
محبوس,2
رساند,2
ودیعت,2
جولاه,2
نابینایی,2
روشنی,2
زدی,2
بینا,2
عمرو,2
اسبی,2
گوشت,2
که‌گر,2
استخوان,2
فربه,2
مرکوب,2
علویی,2
قحبگان,2
قحبه,2
فساد,2
فرزدق,2
اندیشیدم,2
مسخ,2
ایزد,2
می‌گفتم,2
فرموده_بود,2
نجات,2
دملی,2
کمر,2
احتمال,2
مکاره,2
کشیدن,2
هرزه,2
نشسته_بودند,2
شنیده‌اید,2
حمالة,2
الحطب,2
ذات,2
طیبات,2
طیبین,2
آراسته,2
پدرش,2
لایق,2
مکرمت,2
سباحت,2
فسردگی,2
وزرا,2
حقیر,2
تاراج,2
خاطرش,2
موت,2
غسال,2
رعایت,2
پدرم,2
کوژ,2
چشمی,2
ممتاز,2
طامع,2
انباز,2
خلا,2
پختن,2
بدانم,2
بهره‌ای,2
اندازی,2
حریص,2
مساعدت,2
خفته,2
مالش,2
نیارد,2
جوحی,2
امامی,2
بطلب,2
گربه‌ای,2
وجدان,2
گورستان,2
رای,2
عامه,2
وبا,2
متعجب,2
خواهد_که,2
گذر,2
مژدگانی,2
کای,2
مضموم,2
آورده_بود,2
مکسور,2
ذم,2
فتح,2
ضم,2
حمیم,2
جهنم,2
حرارت,2
آورده‌ای,2
صله,2
درمها,2
زبانش,2
خوانی,2
مزه,2
منفذ,2
حذف,2
الف,2
گفتمش,2
عرف,2
نفسه,2
صادق,2
لعلی,2
زنبور,2
تخیل,2
الشعر,2
السحر,2
طراز,2
معجز,2
نفی,2
رفعت,2
متفنن,2
متقدمان,2
مدایح,2
مواعظ,2
مشاهیر,2
نصر,2
احمد,2
میی,2
عقیق,2
نشناخت,2
بنگری,2
جیحون,2
سنجر,2
دقیقی,2
کمابیش,2
رسانیده,2
عماره,2
سامانیان,2
سیمین,2
مارگیر,2
بوسه,2
برند,2
صحن,2
کوثر,2
طشت,2
نظمی,2
تعدی,2
ملازمان,2
معلوم,2
شاعران,2
رابع,2
سنان,2
گیو,2
پشن,2
تخلص,2
شصت,2
حمام,2
فقاعی,2
نهادی,2
تاج,2
بزرگان,2
وزارت,2
خلعتهای,2
نامزد,2
خمیده,2
حادثه,2
صناعت,2
بلغاریان,2
مثال,2
ستاره,2
الدنیا,2
خرگاه,2
می‌انداخت,2
نسرین,2
تازی,2
ربع,2
اطلال,2
دمن,2
نمی‌بینم,2
وطن,2
عبدالواسع,2
جبلی,2
کرده‌ام,2
ادیب,2
صابر,2
ترمذی,2
سنایی,2
سبیل,2
دوات,2
حالت,2
جفا,2
می‌دهند,2
باقی,2
سلک,2
عمعق,2
بدیع,2
مویم,2
موران,2
سوزنی,2
رهنمای,2
بازی,2
حمید,2
الفاظ,2
مقطعات,2
گیتی,2
فاریابی,2
ریشهای,2
نه‌ایم,2
متقدم,2
فطرت,2
اعجاز,2
اصفهانی,2
مبالغه,2
روانی,2
سلمان,2
ساوجی,2
بلیغ,2
استادان,2
افزون,2
مصنوع,2
تبریزی,2
خواهی_به,2
خجندی,2
بحرهای,2
سبک,2
ردیفهای,2
ممتنع,2
خمسه,2
عماد,2
عصمت,2
سمرقندی,2
ساکن,2
آذری,2
اسفراینی,2
کاتبی,2
سبزواری,2
سیل,2
یکدست,2
هموار,2
نبرد,2
نوایی,2
شریفش,2
گردانیده,2
الافاضل,2
بزرگتر,2
جهانگرد,2
جستجویت,2
باغی,2
سوراخی,2
چوبدستی,2
تنگنای,2
زهر,2
برهانم,2
بربود,2
موشی,2
بقال,2
حرصش,2
موش,2
دنبال,2
چنگال,2
جمعیت,2
موجبی,2
فکندن,2
غذا,2
ترسد,2
گرگان,2
قفا,2
کشند,2
جفتی,2
غوک,2
مناسبت,2
قعر,2
ساحل,2
کبوتر,2
خانگی,2
چوژه,2
مزبله,2
غذای,2
حلال,2
فرع,2
عورت,2
گاوان,2
سروی,2
درازگوش,2
رفته_است,2
مجادله,2
نباشی,2
شکال,2
دیباچه,1
امر,1
بالی,1
برنخیزد,1
داستان,1
منابر,1
اغصان,1
اصوات,1
طیب,1
الدوام,1
خوانند,1
مسامع,1
مجامع,1
ناظران,1
مناظر,1
انس,1
مرالشهور,1
الاعوام,1
صانعی,1
حسنش,1
خوانانش,1
طبقی,1
جلت,1
عظمة,1
جلاله,1
کلمة,1
کماله,1
درود,1
تحیت,1
سرود,1
گلوی,1
عندلیبان,1
بستانسرای,1
مطربان,1
شهود,1
مغنیان,1
عشرتخانه,1
وجد,1
وجودند,1
ابلاغ,1
زاوراق,1
جمالش,1
سبقی,1
صحبه,1
المقتبسین,1
مشکاة,1
علومه,1
احواله,1
امابعد,1
ضیاء,1
عصمه,1
عما,1
یفضیه,1
التلهف,1
التأسف,1
آموختن,1
اندوختن,1
طفلان,1
نورسیده,1
کودکان,1
نادیده,1
تعلم,1
اصطلاحاتی,1
مأنوس,1
مألوف,1
وحشتی,1
دهشتی,1
می‌نشیند,1
تلطیف,1
تشحیذ,1
انفاس,1
متبرکه,1
بزرگوار,1
سطری,1
خوانده_می‌شد,1
عبیر,1
بابهایش,1
درها,1
فیض,1
هاش,1
کوثرها,1
هایش,1
پرورده,1
اشجار,1
نم,1
تحتهاالانهار,1
تبرکا,1
نفاسه,1
الشریفة,1
تتبعا,1
شعاره,1
اللطیفة,1
ساخته_شود,1
منوال,1
پرداخته,1
داستانی,1
غایبان,1
ارمغانی,1
انجامید,1
سازم,1
نوعروس,1
خواستگارانش,1
فزاید,1
زیب,1
درهای,1
کامگار,1
نصرة,1
الدینا,1
کهف,1
الخافقین,1
اختر,1
برج,1
دوده,1
تیمورخان,1
ذرات,1
پسندد,1
اعز,1
انصاره,1
ضاعف,1
اقتداره,1
ادام,1
اولاده,1
ظلال,1
سلطانه,1
انام,1
کافة,1
الانام,1
کنف,1
عدله,1
احسانه,1
گلستان‌گر,1
تمامش,1
غلامش,1
گذری,1
گلستانها,1
گلستانی,1
گلها,1
ریحانها,1
شقایق,1
ریاحین,1
شقایقش,1
خزان,1
پژمردگی,1
ریاحینش,1
دستبرد,1
افسردگی,1
مرغزارش,1
جوانب,1
زارش,1
شبنم,1
غنچه,1
می‌در,1
صراحی,1
غزیر,1
الدمع,1
السواقی,1
کثیرالضحک,1
ثغر,1
الاقاحی,1
می‌نوش,1
فان,1
العفو,1
للزلات,1
ماحی,1
مباحی,1
تماشائیان,1
ریاض,1
اعواض,1
بگذرند,1
بنگرند,1
تنمیت,1
دعایی,1
ثنایی,1
بختان,1
رس,1
سایه‌ای,1
میوه‌ای,1
بچیند,1
گزاری,1
سپارد,1
گزیند,1
رب,1
نپوید,1
نجوید,1
نگوید,1
نبیند,1
خاتمهٔ,1
زودی,1
انجامد,1
مقاصد,1
حالیا,1
گوینده,1
ملالت,1
شنونده,1
نپذیرفت,1
بدینقدر,1
بسط,1
جامیا,1
بسیط,1
درکش,1
را‌گر,1
نشاطی,1
کافی,1
نشاط,1
ناظمی,1
منسوب,1
نگشته,1
محرر,1
رساله,1
مقاله,1
نامه‌ای,1
عاریت,1
نخواست,1
صنع,1
پرکالاست,1
دلالی,1
کالای,1
کسانش,1
خللی,1
ذیل,1
بپوشند,1
نکوشند,1
نگویی,1
آخراندیشان,1
پوشی,1
قطع,1
اسهاب,1
پوی,1
آزمایی,1
هجرت,1
نهصد,1
فزایی,1
مسئول,1
الجلال,1
الاکرام,1
الظفر,1
بنیل,1
المرام,1
الفوز,1
بحسن,1
الاختتام,1
الصلاة,1
البررة,1
سیدالطایفه,1
المشایخ,1
جند,1
جنودالله,1
راسخ,1
لشکریست,1
لشکرهای,1
هردل,1
تابد,1
مخالفان,1
هزیمت,1
هوا‌گر,1
شیطانند,1
خداپرست,1
جنود,1
رهنمایان,1
تاب,1
رهزنان,1
نقص,1
انباء,1
الرسل,1
مانثبت,1
فؤادک,1
می‌خوانیم,1
قصه‌های,1
پیغمبران,1
ثابت,1
گردانیم,1
نفخ,1
صور,1
حیاتش,1
متزلزل,1
ثباتش,1
سخنی,1
نتوانید,1
کویت,1
مفلسی,1
مایگی,1
شرمنده,1
عارف,1
می‌شناختی,1
می‌شناختم,1
بخشیدم,1
پستتر,1
گدایان,1
درت,1
سقطی,1
دلخواه,1
کاغذپاره‌ای,1
سمعت,1
حادیا,1
یحد,1
البادیة,1
یقول,1
مایدریک,1
یبکینی,1
تفارقینی,1
تقطعی,1
حبلی,1
تهجرینی,1
می‌گریم,1
شادان,1
النهار,1
فرح,1
ابالی,1
أطال,1
قصرا,1
خواهی_شب,1
خواهی_کوتاه,1
حلاج,1
نپردازد,1
بشتافته‌ام,1
هامون,1
ببریده,1
بشکافته‌ام,1
تافته‌ام,1
یافته‌ام,1
ابوهاشم,1
نوک,1
بیخ,1
بیفکندن,1
کبری,1
پنهانتر,1
ذوالنون,1
آخرین,1
بیاموزی,1
خالق,1
برگرفتی,1
پنداشتمت,1
داشتمت,1
بگذاشتمت,1
جوینده,1
می‌تازاند,1
بگرفته,1
کشان,1
پایکوبان,1
فشان,1
فضیل,1
عیاض,1
پرستم,1
نشکیبم,1
نپرستم,1
پرستد,1
پرستی,1
جانا,1
عشقم,1
سوز,1
قتیلت,1
وفایت,1
قمری,1
آسا,1
کرخی,1
تقاضای,1
جفاست,1
باادب,1
منتظر,1
بنهاده,1
کرمت,1
منتظرم,1
بایزید,1
خداوندان,1
فرضم,1
تافتن,1
شوری,1
بیمارستان,1
کیانید,1
بگریختند,1
بازآیید,1
نگریزند,1
جفایشان,1
نپرهیزند,1
دوستدار,1
دوستدارتر,1
ستم‌گر,1
عشقش,1
استوارتر,1
معالجت,1
خیزی,1
عرضه,1
اثری,1
پنداشتم,1
فرستاده‌ام,1
فرستاده,1
بوده‌ام,1
مریض,1
لقای,1
شفا,1
تستری,1
بیداری,1
وانکه,1
خراز,1
اوایل,1
می‌کردم,1
بیابانی,1
سبع,1
تفرقه,1
یکرنگی,1
کاخ,1
نگسلد,1
جانان‌گر,1
بفرض,1
رنجی,1
نپیموده,1
وصلت,1
ندید,1
نوری,1
نرساند,1
واسطی,1
مستوری,1
فوشنجی,1
خواهد_یا,1
وصلش,1
ایستادی,1
خواهد_ناکس‌تر,1
مرادی,1
خواهد_بخش,1
دقاق,1
پدید,1
آمده_بود,1
برآمدی,1
سرگردان,1
گذرانیدی,1
اندوهگین,1
تافتی,1
زبر,1
شدگان,1
رهرویم,1
ببخش,1
بودش,1
دردی,1
خرقانی,1
شیخا,1
دلکی,1
ننگاشت,1
گرفتش,1
ابو,1
سعید,1
صوفیگری,1
برهی,1
برادران,1
زلتی,1
سویم,1
گویمت,1
رفیقان,1
درگذاری,1
هیچگاهی,1
عذرشان,1
حافی,1
مریدی,1
آورم,1
عافیت,1
پرورشی,1
طبعش,1
عافیتش,1
خورشی,1
شقیق,1
بلخی,1
پروردگاری,1
ممسکی,1
مشمار,1
مدبری,1
الحسین,1
نیکوییها,1
بدیها,1
خیرها,1
بغیر,1
شرها,1
هان,1
احتیاط,1
معرض,1
نیفکنی,1
سمنون,1
المحب,1
نیفکند,1
ازلت,1
مسلم,1
شودت,1
وراق,1
پرسند,1
پدرت,1
مقدرات,1
کردگاری,1
اکتساب,1
گرفتاری,1
راکت,1
اقدار,1
کارت,1
محنتهای,1
کاهی,1
روزیست,1
ضایع,1
مگردان,1
الهیست,1
اوامر,1
نواهی,1
رزقت,1
ازل,1
پراکندگی,1
زندگیت,1
بندگیست,1
رودباری,1
تنگترین,1
زندانها,1
اضداد,1
تنگتر,1
ابوالعباس,1
قصاب,1
می‌دوخت,1
درزی,1
نیامدی,1
بگشادی,1
بدوختی,1
دوزیش,1
بازاریست,1
کاریست,1
جنباند,1
رشته‌اش,1
زناریست,1
حصری,1
الصوفی,1
الذی,1
لایوجد,1
عدمه,1
لایعدم,1
وجوده,1
طبیعی,1
الفانی,1
یرد,1
حقانی,1
الفنا,1
محقق,1
نامد,1
همدانی,1
نظامیه,1
وعظ,1
فقیهی,1
السقا,1
مسئله,1
رایحهٔ,1
اسلام,1
مدتی,1
نصرانی,1
نصرانیت,1
پرورش,1
ارشاد,1
عبدالخالق,1
غجدوانی,1
انتخاب,1
رد,1
هرکجا,1
رامتینی,1
بپسندی,1
پیوندی,1
بهاء,1
نقشبند,1
دلق,1
عصا,1
صفایی,1
سبحه,1
ریایی,1
هردم,1
سلسله‌ات,1
بدانی,1
اوان,1
جهانگیری,1
حصاری,1
حل,1
مشکلات,1
توانا,1
بیامد,1
شکلی,1
هیکل,1
مهیب,1
برآشفت,1
آشفتگی,1
تنگنایی,1
جنب,1
بزمگاهی,1
غصه,1
ممتحن,1
شحنه,1
بدخو,1
زندانش,1
حسود,1
پروردگار,1
جهاندار,1
خاکش,1
بردارد,1
بگذارند,1
افشاند,1
اندوخت,1
فسوس,1
آویختن,1
آبروی,1
ریختن,1
انگیختن,1
گرگیت,1
بزرگیت,1
زیردستان,1
لگدکوب,1
زبردستان,1
دانان,1
نامهربانی,1
نامهربانان,1
حصار,1
برتافت,1
افریدون,1
نکشت,1
توقیع,1
صفحات,1
اعمار,1
منویسید,1
اعمال,1
آثار,1
گماشت,1
نوشتم,1
منتفع,1
نگشتم,1
نیاوردم,1
برگزیدم,1
می‌طلبیدم,1
نگردان,1
معتمدان,1
معتمدی,1
دینش,1
هرگزش,1
حوادث,1
بارد,1
داشتنی,1
لازم,1
دیده‌ام,1
دوستیها,1
فرانگیری,1
بزهمند,1
میری,1
بگریز,1
ضروریست,1
گرای,1
گزیر,1
جستجو,1
مقفع,1
کتبخانه,1
حکمای,1
می‌کشیدند,1
اختصار,1
استدعا,1
پروری,1
آسایش,1
نالد,1
بیدلی,1
کیشی,1
نیکوکاری,1
فرمانبرداری,1
نافرمانی,1
ابدان,1
نشوند,1
نیارند,1
بخورند,1
بدارند,1
مرض,1
پرهیزی,1
ننگ,1
طبیبان,1
دغل,1
ناگشته,1
ننشینی,1
پرکنی,1
برخیزی,1
نامحرمان,1
ویست,1
پرداخته‌اند,1
انداخته‌اند,1
خفته‌ام,1
خامشی,1
گفتنی,1
قیصر,1
ناگفته,1
بتوانم,1
حریفان,1
آسانی,1
کانچه,1
خاقان,1
سختر,1
افتدت,1
بیانش,1
نگاشتن,1
غرامت,1
مشکل‌تر,1
ندامت,1
جسته_است,1
بسته_است,1
اویم,1
خواهم_بگویم,1
خواهم_نگویم,1
قبضه,1
تحفه‌ها,1
مهارت,1
نشاید,1
خضابی,1
نگردددویم,1
معجونی,1
اعتدال,1
نیفتد,1
ترکیبی,1
بصر,1
لحظه‌ای,1
تأمل,1
داناتر,1
زیرکتر,1
می‌پنداشتم,1
خضاب,1
غرور,1
پیرایه,1
کوشد,1
بپوشد,1
ابلهی,1
دولتند,1
معجون,1
نادیدنی,1
ناشنیدنی,1
نابوییدنی,1
بویید,1
بیماریست,1
تیمار,1
اشتها,1
وانگه,1
پخته,1
فرمودی,1
شعبه,1
دخترکی,1
چاپلوسی,1
گیسوی,1
زنجیر,1
زنکی,1
کون,1
هندی,1
بازآمدند,1
پیریست,1
سومین,1
آدمیزاد,1
شتابد,1
چندانکه,1
بیشی,1
دارنده‌ای,1
خواهی_و,1
نادار,1
هرگاهی,1
طعامی,1
نگشایی,1
سیری,1
بردباریست,1
مغزی,1
آزار,1
آش,1
آشنایان,1
نشینی,1
طامعه,1
از‌تر,1
بخوری,1
عطای,1
خسان,1
آشامی,1
بکش,1
تره‌ای,1
نهادند,1
پنجم,1
برآوردند,1
شهره,1
فراغ,1
همدم,1
حساب,1
نوح,1
نعمتی,1
جاودانه,1
برکرانه,1
جانت,1
مسرور,1
گورت,1
سنگت,1
پاکیزه‌تر,1
پاکیزگان,1
گناهکاران,1
ترسند,1
نیکوان,1
مسلط,1
نخواهید_رست,1
بسیارند,1
آینه,1
پرسم,1
نفاق,1
نمی‌داری,1
پندها,1
زری,1
حیله‌گری,1
کارداران,1
عزل,1
خسیس,1
می‌بینی,1
بکوش,1
بلندی,1
توانگران,1
نگارد,1
نگارنده,1
دارنده,1
ناحیت,1
روشنایی,1
طلوع,1
فرسنگی,1
ظلام,1
عیشی,1
تنگی,1
اختلاطی,1
سابقه,1
خودگرانی,1
تفرس,1
کثرت,1
تردد,1
سببی,1
درچید,1
درنوردید,1
ممری,1
ملاقات,1
مقالات,1
ناآمدن,1
ملال,1
پیشم,1
دیرها,1
بگفتا,1
نامدی,1
نصفت,1
بیگانه,1
یگانه,1
سرور,1
کاینات,1
الصلوات,1
تفاخر,1
ولدت,1
انا,1
زمن,1
السلطان,1
العادل,1
پیمبر,1
ساده‌ام,1
زاده‌ام,1
ناصح,1
نیکخواه,1
ستمکاره,1
آزمون,1
عدلت,1
فره,1
گبران,1
مغان,1
می‌کردند,1
نمی‌داشتند,1
داوود,1
وحی,1
عجم,1
نگویند,1
ندهند,1
دیندار,1
قرین,1
فکرت,1
ندیم,1
درجات,1
درکات,1
داننده,1
گوهریست,1
بامدادی,1
موبد,1
موبدان,1
همعنان,1
فضلات,1
قوایم,1
همرکابی,1
همعنانی,1
خواهد_کرد,1
علف,1
ندهد,1
راکب,1
استحسان,1
ناخردمند,1
صواب,1
آموز,1
دواب,1
مقربان,1
می‌روند,1
زلازل,1
نوازل,1
خواهند_افتاد,1
افتادن,1
بلندتران,1
فروتران,1
سهل‌تر,1
والا,1
درافتی,1
افتاده‌ای,1
محکمتر,1
افتی,1
منهیان,1
اردشیر,1
بیامدندی,1
کنیز,1
کرده_بودی,1
بردندی,1
فرشته‌ای,1
آگاهی,1
آگهی,1
فسق,1
ارسطاطالیس,1
مردارها,1
مرداری,1
کرگسان,1
نفع,1
منقارها,1
نوروز,1
مهرجان,1
بغل,1
تغافل,1
برشکست,1
شرابدار,1
نرود,1
نخواهد_داد,1
نمامی,1
نخواهد_کرد,1
مثقال,1
معترف,1
طهارت,1
فروشی,1
بخر,1
می‌فروشی,1
خریده,1
بیارامد,1
درده,1
نینجامد,1
دوام,1
محبتشان,1
خاری,1
مودتشان,1
درکشید,1
عذرخواهان,1
مطلب,1
اعلای,1
عبدالمطلب,1
اقصای,1
قصی,1
آهوی,1
نافه,1
عبدمناف,1
منبع,1
آیت,1
پشیمانم,1
پریشان,1
هدف,1
ناوک,1
صدقت,1
قلت,1
حقا,1
انی,1
اراک,1
ترانی,1
لست,1
اقول,1
لکنی,1
اصد,1
جفانی,1
برنجد,1
کنج,1
بدگویی,1
گشاید,1
جدایی,1
آتشی,1
معاودت,1
بنیاد,1
عمارتگریش,1
خشت,1
تلی,1
جنبندگان,1
می‌چیند,1
می‌چرند,1
بدیدند,1
برمیدند,1
خشمناک,1
درخشان,1
علیکم,1
نوکر,1
نمی‌گنجد,1
مشرق,1
فاسق,1
فاجر,1
گماشته,1
مرغی,1
ایهاالامیر,1
نمی‌گویم,1
بسم,1
اصلح,1
الامیر,1
گذشته_است,1
مکوش,1
فرستم,1
اخبار,1
خواهد_آن,1
سلامت,1
فسون,1
موضعی,1
بنشان,1
سیزده,1
ساله,1
ندانست,1
ببینم,1
تازیانه‌ات,1
بزنم,1
پوشانید,1
آستان,1
عبور,1
ضمیر,1
حرمت,1
عزش,1
پرید,1
شاپور,1
دریابار,1
خریده‌ایم,1
شنیده‌ام,1
نمی‌خواهد,1
بازرگان,1
می‌خردو,1
بازرگانی,1
دیواری,1
یهودیی,1
متاعی,1
صدهزار,1
خریده_است,1
تعلل,1
سفالی,1
حسابند,1
شکرگزارندگان,1
موجبات,1
حکومت,1
کتبه,1
الخطاب,1
طغرایی,1
صولت,1
هیبت,1
خاطرها,1
سفال,1
گستاخان,1
ذلیلی,1
روبهان,1
لنگ,1
سیلی,1
بنالید,1
چپم,1
حدیست,1
مساهله,1
مسلمانی,1
دستیاری,1
می‌آورم,1
دسترنج,1
می‌خورم,1
روزیم,1
نمی‌گذرانم,1
معاصی,1
آمرزش,1
بگذاریدش,1
نکته‌ای,1
مستحق,1
عالیتر,1
برین,1
عمش,1
سفیهی,1
خروج,1
انداخته_بود,1
دوخته,1
مبین,1
دریست,1
بگشاده,1
رحمتی,1
نیفتاده,1
صغر,1
سن,1
حداثت,1
استمالت,1
غایله,1
تافتند,1
تعاهد,1
استحکام,1
سکندر,1
دوستر,1
برنشسته,1
سنتهای,1
سیرتهای,1
یقین,1
خیل,1
سیرت,1
بخشیدن,1
بایستی,1
غرض,1
جزیل,1
جزاست,1
کرمی,1
آوازه,1
جوادی,1
سایلان,1
می‌ریزی,1
رعونتی,1
فقیران,1
منتی,1
می‌یابی,1
می‌دهد,1
دهندگی,1
نمی‌برد,1
خوران,1
صفتی,1
شناسایی,1
آرست,1
ملیک,1
می‌شمارد,1
خورندگان,1
مهمانسرای,1
طفل,1
فقیرم,1
حله,1
بایستاد,1
فصاحت,1
انشا,1
عنهما,1
دادش,1
توانگرترین,1
گردانیدی,1
قیمة,1
امرء,1
مایحسنه,1
می‌آراید,1
محاسن,1
افعال,1
اقوال,1
قدرش,1
سفری,1
نگاهبان,1
نکردی,1
مسافت,1
گذارم,1
خواهی_خورد,1
خواهم_داشت,1
سخاوت,1
سخی‌تر,1
بخشید,1
خواجگان,1
بندگیش,1
عامل,1
گذرش,1
نخاسین,1
حیرت,1
فریفته,1
غنایش,1
صحرای,1
نوایش,1
فسحت,1
بیخودی,1
یکجای,1
لباس,1
دانایی,1
بیفکند,1
پلاس,1
رسوایی,1
پوشید,1
خلیع,1
العذار,1
می‌گردید,1
حالش,1
متکلم,1
مترنم,1
دلاویز,1
پرهیز,1
آتشم,1
آموخته‌ای,1
شده‌ای,1
بیخود,1
دیدید,1
افتادیم,1
ندانسته_بودیم,1
رسیده_باشی,1
معشوقه,1
بشنوم,1
بشناسی,1
نشناسم,1
توراست,1
نکرده‌ام,1
آبم,1
فراقم,1
فگار,1
خوابم,1
اشکبار,1
ببر,1
ننشیند,1
المال,1
می‌دادند,1
یزید,1
ملامتش,1
نمی‌دارد,1
قرض,1
اوفتد,1
صدبار,1
موکب,1
مدیح,1
دیوانه,1
خرما,1
بخورم,1
بدهند,1
سخاور,1
انتقال,1
می‌گرفتند,1
می‌کشتند,1
نشسته_بودم,1
علمهای,1
جماعت,1
متنکروار,1
نمی‌شناختم,1
ایستاده,1
خادمان,1
درآمده‌اند,1
کیستی,1
گریخته,1
خصمان,1
می‌ترسم,1
درآورد,1
حجره‌ای,1
مطاعم,1
مشارب,1
ملابس,1
نمی‌پرسید,1
می‌روی,1
کشته_است,1
قصاص,1
برسانم,1
ادبار,1
انداخته_است,1
قتل,1
باور,1
کشته‌ام,1
نشانیها,1
افروخته,1
چشمان,1
گردید,1
رسی,1
خواهد_، ,1
زنهاری,1
داده‌ام,1
باطل,1
گزندی,1
رسانم,1
نگرفتم,1
جوانمردا,1
بدگویان,1
نکویی,1
نکوکاری,1
جامع,1
بسوخت,1
نصارا,1
انداختند,1
انداخته_بودند,1
نوشتند,1
بریدن,1
افشاندند,1
بکشتند,1
فدای,1
دربانی,1
نشانده,1
ناداریست,1
بنوشتم,1
اللئیم,1
دربان,1
رسان,1
بنوشته,1
قلیل,1
تستر,1
بالحجاب,1
الغریم,1
صره‌ای,1
قصه‌ای,1
غریبتر,1
نگذشته_است,1
تحفه,1
خواهم_ساخت,1
می‌رسی,1
کریمترین,1
احیاء,1
ساخته_است,1
نهادم,1
خوفی,1
تفرقه‌ای,1
قاصد,1
بازگردانم,1
بازگردانیده,1
ملحق,1
تکمیل,1
شمر‌گر,1
بستن,1
مدخل,1
کریمتری,1
الحال,1
پخت,1
بخوردم,1
می‌کشت,1
می‌پخت,1
می‌آورد,1
ریخته_است,1
کریمتر,1
ندادم,1
زایده,1
برکنار,1
ابا,1
ناج,1
معنا,1
بحاجتی,1
سواک,1
شفیع,1
تخته,1
بگرفتند,1
بگریخت,1
درش,1
ببخشد,1
رؤسای,1
امدد,1
تعود,1
بطنها,1
النوال,1
ظهرها,1
التقبیلا,1
دستی,1
تقبیل,1
طیبت,1
موهای,1
بخراشید,1
ژیان,1
خارپشت,1
زیان,1
مدحت,1
سرگذرانید,1
نکوتر,1
مقتبسات,1
مشکات,1
وعف,1
کتم,1
فمات,1
شهیدا,1
جاذبه,1
آمیزد,1
شهید,1
میرد,1
شرط,1
آلوده,1
وسایط,1
توسل,1
جویند,1
شهوات,1
حیوانی,1
منقبت,1
آدم,1
لوازم,1
سباع,1
بهایم,1
محنتکش,1
بلاسنج,1
آشتی,1
ندیده‌ای,1
نچشیده‌ای,1
لطیفتر,1
کثیفتر,1
حجت,1
طلبد,1
نادانی,1
حجتم,1
الجنس,1
یمیل,1
اکبر,1
کوچه‌های,1
گریه‌ای,1
سرشک,1
لبم,1
می‌خوردم,1
بکوفت,1
می‌خواندی,1
می‌راندی,1
پیغمبر,1
برندارم,1
نیارم,1
جوانان,1
بداد,1
معشوقش,1
کامت,1
بنال,1
نوا,1
حسنی,1
می‌نواخت,1
نوجوانی,1
تأملی,1
تمایلی,1
دلداده,1
دیدار,1
ناگه,1
گهری,1
می‌سفت,1
طره,1
می‌بست,1
می‌گشاد,1
بوس,1
جانبین,1
ندا,1
خدایی,1
عزیزتری,1
خوریم,1
خلاه,1
یؤمئذ,1
بعضهم,1
لبعض,1
المتقین,1
بیفزاید,1
خواهم_که,1
برنمی,1
گزین,1
دانشمندان,1
مستمعان,1
می‌کاشتم,1
ملازم,1
ملازمت,1
تخلف,1
نمی‌نمود,1
اشکش,1
نمی‌گسیخت,1
طلبیدم,1
کنیزان,1
می‌خریدم,1
می‌فروختم,1
می‌اندوختم,1
صغیر,1
ناب,1
منیر,1
بخریدم,1
برافروخت,1
بازارش,1
بردم,1
خریداران,1
اخلاقش,1
برشمردم,1
صلاح,1
نازنین,1
زیبانگاری,1
دیاری,1
می‌دانی,1
می‌توانی,1
العیار,1
درنهفت,1
مبلغ,1
داده_بود,1
بشتافتم,1
نفیس,1
بیاراستم,1
بوهای,1
معطر,1
گردانیدم,1
بکوفتم,1
مبهوت,1
آورده_است,1
راهنمونی,1
ابنای,1
می‌سپارم,1
مهمی,1
ضروری,1
گذاشتم,1
ببستم,1
بنشستم,1
لرزان,1
نموده_است,1
رفتی,1
خوردم,1
بشستم,1
گلاب,1
بخوابانید,1
محبوب,1
مرغوب,1
می‌کاهد,1
بدبخت‌تر,1
نهایت,1
آمال,1
امانی,1
اجمل,1
اکمل,1
بجنبانیدم,1
مرده_بود,1
نظافت,1
ظرافت,1
نمی‌رود,1
مخایل,1
خواهم_سپرد,1
میرم,1
خواهم_مرد,1
فراقش,1
زردم,1
سلاله,1
کرام,1
قبایل,1
شیران,1
دلیران,1
هوایی,1
وسوسه,1
سودایی,1
عمرها,1
مطلوب,1
نکرده_بود,1
جرعه‌ای,1
نخورده,1
موطن,1
تازه‌تر,1
دلش,1
مرحله,1
منزلی,1
سلاح,1
مقاتله,1
زخمهای,1
دخترعم,1
ببینمت,1
نظری,1
ریزم,1
ریزند,1
لبت,1
نریزی,1
خواهم_ریخت,1
خواهم_آمیخت,1
پیشدستی,1
عقده,1
گشتن,1
نادرست,1
بنگر,1
ویم,1
گلویی,1
زه,1
حمایل,1
افروز,1
یکدم,1
مالید,1
روزان,1
دران,1
مویه,1
بشتافتند,1
مقابر,1
قبر,1
سپردند,1
جزا,1
دژم,1
ته,1
بسترشان,1
بخسبند,1
ملقب,1
دختری,1
جمیله,1
مهتران,1
وداد,1
می‌پوشیدند,1
اختفای,1
حسب,1
المقدور,1
می‌کوشیدند,1
سریست,1
نشیمن,1
کمون,1
جنگها,1
انگیخته,1
خونها,1
توطن,1
برکندند,1
افکندند,1
اشتیاق,1
مددگاری,1
انجامیده,1
سمعا,1
طاعتا,1
بنده‌ام,1
فرمایی,1
شتابنده,1
بیاراستند,1
بریدند,1
شعب,1
کوهی,1
بخوابانیدند,1
سراغ,1
فلانه,1
راعی,1
رازهای,1
برسان,1
گرفته_است,1
پشته,1
خفتن,1
برخاستیم,1
می‌کشیدیم,1
معهود,1
رسیدیم,1
انتظار,1
حلی,1
خیزید,1
کامد,1
چارده,1
استقبال,1
بوسید,1
برتافتم,1
شتافتم,1
ناشایستی,1
گفتگوی,1
بنشستند,1
درپیوستند,1
نخراش,1
دشوارتر,1
واقعه‌های,1
ابواب,1
آلام,1
نمی‌گذارم,1
دامنت,1
خواهد_گو,1
بشو,1
رچه,1
نهم,1
بپوش,1
خواهد_آمد,1
قدحی,1
خواهد_آورد,1
خواهد_گفت,1
تعللی,1
خواهد_داد,1
خواهد_نهاد,1
نخواهد_آمد,1
سرنگون,1
شیرها,1
بریخت,1
تازیانه‌ای,1
چرم,1
گوزن,1
سرپنجه,1
شدت,1
جلادت,1
برهم,1
پیچیده,1
سطبری,1
افعی,1
قرینه,1
ثعبان,1
عریان,1
طبل,1
طبال,1
ضربات,1
نفرات,1
بنواخت,1
زهره,1
می‌ترسیدم,1
می‌اندیشیدم,1
بدراند,1
برخیزم,1
خنجر,1
حنجره,1
ببرم,1
بریزم,1
فتنه‌ها,1
نشاندن,1
برنیامد,1
جیدایم,1
کشی,1
چشی,1
خواهم_فرستاد,1
دمساز,1
همراز,1
برگرفت,1
زننده,1
بخفت,1
بگرفتم,1
فضیحت,1
می‌شوید,1
مؤانست,1
بدمید,1
خواهریست,1
فرصت,1
برگرفتم,1
پیوستم,1
درآمدیم,1
بگفتم,1
جراحتهای,1
دلا‌گر,1
آیدت,1
غمی,1
باشدت,1
غمخوار,1
نخاسی,1
درآوردی,1
بخریدند,1
عزم,1
رحلت,1
حدی,1
بیگنه,1
شوریده,1
سالی,1
احضار,1
پروازی,1
دسترس,1
دلشده,1
شیدا,1
کویش,1
سودائیان,1
غوغا,1
نکبت,1
بازچیدند,1
درکشیدند,1
پار,1
جاست,1
برقرار,1
قامت,1
نیرومندتر,1
وقاحت,1
شرمی,1
بیوفایی,1
آزرمی,1
درچیدی,1
هوش,1
می‌ربود,1
روحی,1
اعضاء,1
نعومت,1
جلد,1
ملایمت,1
بازم,1
پژمرده,1
نغمه,1
آغازم,1
خس,1
عسس,1
قفسند,1
قفس,1
دلارامی,1
رفته_بود,1
طالبان,1
رمیده,1
جحامی,1
بجان,1
بردار,1
بردر,1
حجام,1
امرد,1
عشوه,1
ذقن,1
نتراشد,1
تراشیده,1
ساییست,1
نخراشد,1
عاشقی,1
دهشت,1
دلتنگ,1
رقیب,1
ساده,1
برآورده,1
آسود,1
تمنای,1
بربست,1
صید,1
هویی,1
گریخت,1
قید,1
گسیخت,1
خوانده‌ام,1
دانشور,1
وکر,1
نهال,1
سرسبزی,1
سبزت,1
مویت,1
سرزده,1
یکسانت,1
پیران,1
جفاکیشی,1
می‌دوید,1
اشکی,1
آهی,1
مرحمت,1
نگاهی,1
نمی‌دید,1
همخوابه,1
می‌پرستان,1
معتقدان,1
مصاحب,1
می‌شاید,1
درچینی,1
نخورم,1
غصه‌گر,1
تجمل,1
خارکش,1
چیند,1
کمند,1
مرکز,1
صوفیان,1
آرمید,1
رخش,1
قبله,1
خداجویان,1
فوطه,1
پوشان,1
غلو,1
می‌آراست,1
عشقبازان,1
کوفتن,1
طائفان,1
کعبه,1
شوق,1
تیزگام,1
نمد,1
کلاهی,1
میامیز,1
ریسمان,1
ناکس,1
میاویز,1
خدانمایی,1
گشایی,1
رخسار,1
صقیل,1
زنگار,1
ترش,1
بهانه‌ای,1
الم,1
الماس,1
مژه,1
سفتند,1
افتقار,1
آ,1
خواهی_می‌نشین,1
خواهی_می‌گذر,1
بازآ,1
تسکینی,1
طفیل,1
تندخویی,1
ماندگان,1
دیدگان,1
رحمت,1
عذاب,1
وصلی,1
وفایی,1
صلحی,1
رضایی,1
عتاب,1
منافق,1
ترشرو,1
باک,1
بدخویی,1
ترشرویی,1
عجایز,1
نیایند,1
جوانتر,1
برانگیزاند,1
انصار,1
برس,1
فرموده_بودند,1
مقبلی,1
شغلیست,1
مباح,1
کلفت,1
امکان,1
ندیده_باشند,1
نشنیده,1
بگذران,1
اجابت,1
مؤمنان,1
می‌باشد,1
الزانیه,1
هرسو,1
الزانیین,1
قصر,1
بنشاندند,1
بدهم,1
می‌مانست,1
نخورده_است,1
مکرم,1
فاکهة,1
همچنانکه,1
غنی,1
درمش,1
چاشت,1
بشره,1
میشومی,1
خوردنیست,1
می‌نگری,1
رحیم,1
می‌نگرد,1
خطری,1
فداشان,1
المثل‌گر,1
دندانش,1
دندانت,1
رخنه‌ای,1
تهیگاه,1
دیوانگان,1
بشمار,1
حیز,1
عاقلان,1
بشمارم,1
معدودی,1
عاقل,1
حادثات,1
شادمان,1
نشسته_بودی,1
نمی‌خواندی,1
بنوشتمی,1
مولانا,1
نخواندم,1
هرآن,1
دزدیده,1
شایدش,1
لیسیدن,1
خدمتگار,1
بول,1
الله‌ای,1
سیدی,1
بشویی,1
شرابخواره,1
می‌بیالاید,1
مثانه‌گر,1
ابریق,1
آدینه,1
اعزک,1
طلاق,1
ملعون,1
رم,1
دیوارها,1
مزاحمت,1
روندگان,1
می‌دانسته‌ای,1
اصلحک,1
سزای,1
پیادگی,1
برهاند,1
مرکوبی,1
دردهد,1
عربده,1
گیردت,1
رفق,1
کاردان,1
موییست,1
مپسندش,1
نابخردان,1
جولاهی,1
دانشمندی,1
ودیعتی,1
یکچند,1
تدریس,1
شاگردان,1
مستعجل,1
می‌جنبانید,1
جنبانیدن,1
نایب,1
می‌جنبانم,1
اشارتی,1
بجنباند,1
چراغی,1
سبویی,1
کوردلان,1
نزنند,1
سبوی,1
نشکنند,1
بوعلی,1
سینا,1
بینایی,1
لیث,1
اسبکی,1
نیافته,1
جوهر,1
عزیر,1
نروییده,1
بجویی,1
گرش,1
بکاوی,1
فروج,1
ساختند,1
مرکوبان,1
بگداختند,1
استبصار,1
فرج,1
گماری,1
سرین,1
لاغرتر,1
کرایمندی,1
بارگیر,1
ران,1
علوی,1
ولایت,1
قم,1
کاشان,1
ندهی,1
خواهی_طمع,1
مملوکه‌ای,1
قفایش,1
جایز,1
پیشگان,1
عیش,1
رخصت,1
خدات,1
اندازاد,1
قبیح,1
هیئتی,1
کریه,1
مرضی,1
اصرار,1
فسخ,1
شومی,1
ایستاده_بودم,1
درگذشت,1
بپرس,1
گناهی,1
می‌خواستم,1
نیافتم,1
چشمم,1
شسته,1
آبش,1
رهد,1
زآتش,1
عذابش,1
جاحظ,1
خجل,1
ندیدم,1
ریخته‌گر,1
متحیر,1
تمثالی,1
بساز,1
بوالعجب,1
گونه‌ای,1
می‌طلبید,1
نبینی,1
آتشت,1
فکنند,1
زشتترین,1
برآورده‌ام,1
نگریست,1
عضوهای,1
زشت‌تر,1
بپوشی,1
خواستگاری,1
خفت,1
نبودی,1
نتوانستی,1
باریست,1
هرلحظه,1
سجده,1
ظریفی,1
موی‌ها,1
موچینه,1
برگیرد,1
سرگیرد,1
تبت,1
لهب,1
ابولهب,1
وامراته,1
عمه,1
منقصتی,1
باهش,1
مأموری,1
صلوات,1
فرستی,1
اللهم,1
صل,1
الطیبین,1
الطاهرین,1
بیرونی,1
می‌شمری,1
گواهت,1
صفات,1
می‌زنی,1
سمت,1
مدعیی,1
علویان,1
عالی,1
برخاسته,1
عیان,1
گیسوان,1
گواهان,1
صاحبدلی,1
صدر,1
نعال,1
خروجش,1
مشایعه,1
می‌شناسیم,1
شهرگرد,1
گداست,1
دوک,1
تراش,1
ارذال,1
طویله,1
اوباش,1
صاحبدل,1
صادقان,1
فراخور,1
تعظیم,1
محبتش,1
ببازی,1
نظرش,1
خورنده,1
نگرد,1
نخورد,1
بنهد,1
ببیند,1
رجال,1
عروسی,1
زیبا,1
نمی‌دانست,1
مقدمه‌ای,1
پرداختی,1
انداختی,1
فتاد,1
سردی,1
مردانش,1
نامردی,1
الرشید,1
بشارت,1
قرده,1
خنازیر,1
رعایای,1
شهریاری,1
مژده,1
رعیتی,1
لشکریانم,1
خرس,1
خوگ,1
ظالمان,1
گذاشته_است,1
منال,1
وارثان,1
کبیر,1
ایده,1
فقیر,1
بگشایم,1
بربایم,1
فرعون,1
شنیدستی,1
واعظ,1
گفتا,1
کوته,1
کدخدای,1
سرات,1
بیارید,1
بشوید,1
نمرده_است,1
شتاب,1
احمقی,1
احمق,1
نبودمی,1
ولدالزنا,1
بودمی,1
فرزندی,1
استر,1
گواست,1
بزرگتری,1
بزرگترم,1
حاصلت,1
می‌پرسی,1
نمی‌دانی,1
ابخری,1
بالینش,1
تلقین,1
شهادت,1
می‌تافت,1
الحاح,1
نزدیکتر,1
ناپاکتر,1
بیالایی,1
؟! ,1
نایابند,1
فضول,1
ریا,1
لبش,1
نفسش,1
نمی‌شناسی,1
نمی‌کنی,1
حیران,1
خواستگار,1
می‌بودم,1
برم,1
بری,1
فریضه,1
خامی,1
پختگی,1
تنگدلی,1
کوژپشتی,1
نگریسته‌اند,1
نگرم,1
مبتلا,1
گزارد,1
پیرزنی,1
می‌شنید,1
ضرب,1
بمیران,1
پیرزن,1
بیامرز,1
ناراست,1
ناپسندیده,1
قسمتی,1
آسودگی,1
انبازی,1
فرسودگی,1
منصف,1
کامی,1
وگر,1
ناکامی,1
نمی‌گذارد,1
ملا,1
خمیر,1
می‌گزارم,1
شوهرش,1
خواسته‌ام,1
ایهاالقاضی,1
حسبة,1
تعیین,1
شبانه,1
نمی‌خواهی,1
بفرمای,1
زانیه,1
وایه‌های,1
وکیل,1
عزیزی,1
ذلیل,1
قحبگی,1
پاکدامنی,1
کامرانی,1
خرید,1
فرصتش,1
آلتش,1
ننمود,1
لطفی,1
بنمای,1
برگشای,1
مالشی,1
برخیزان,1
برانگیزان,1
سست,1
یاریی,1
ده‌ای,1
نمالی,1
سوفار,1
جنبانید,1
نگشاد,1
می‌نهفت,1
لاشه,1
بخسبد,1
خیزانی,1
نجنبد,1
گواه,1
سوگندش,1
دوغ,1
پرهیزگار,1
نیکوکردار,1
بفروشد,1
آویخت,1
می‌خرد,1
نمی‌فروشم,1
ارزان,1
قلاده,1
بخشدت,1
قلاده‌ای,1
گردنش,1
سرباری,1
خروار,1
حلاوت,1
نچشیده‌اید,1
معذورید,1
مگوی,1
طلبش,1
تافته,1
شناس,1
رسیدی,1
کشیدی,1
مردگان,1
می‌گذرم,1
می‌نگرم,1
علیل,1
ستدن,1
برداشته‌ای,1
عزرائیل,1
المنة,1
خوشنودند,1
کفن,1
فروش,1
حفار,1
وباست,1
عجب‌گر,1
نفرینت,1
نفرین,1
فصل,1
بهاران,1
رفتیم,1
ساختیم,1
انداختیم,1
اندازند,1
توقف,1
بدبختان,1
می‌خورند,1
افکنده,1
زانجا,1
بیدرنگ,1
مسکین‌گر,1
بیچاره,1
پسری,1
بکشند,1
خونبهای,1
خواهد_ز,1
کشندش,1
دیت,1
کردش,1
زرم,1
زیرکی,1
پسند,1
مادرت,1
آمده_شوی,1
راء,1
مهمله,1
زاء,1
معجمه,1
یکجا,1
زاست,1
بنگرید,1
عجبم,1
شعیر,1
پالوده‌ای,1
گرمتر,1
غساق,1
خواهی_آشامید,1
بیاسایی,1
خنک,1
نار,1
برودت,1
یخ,1
عباد,1
دیوانی,1
سخندانی,1
قطار,1
مهارشان,1
عذبم,1
انگبین,1
دیوانت,1
نبینم,1
هریک,1
بیتش,1
هجو,1
لقد,1
غرنی,1
باب,1
ولم,1
ادر,1
للوم,1
حشو,1
اهابه,1
ولست,1
اخطات,1
باول,1
انسان,1
خری,1
ثیابه,1
پیچیدم,1
شعار,1
لوث,1
حدث,1
مدحش,1
نموده‌ای,1
آلوده‌ای,1
بجای,1
مادح,1
رشحه‌ای,1
سخنور,1
کدر,1
صفا,1
مشام,1
نسیمی,1
اعضای,1
نخوانده_باشی,1
خنکی,1
سرایت,1
بپرسی,1
محرق,1
لرزه,1
واعظی,1
مزه‌تر,1
ترویج,1
مجلسیان,1
گفته_شده_است,1
نمازی,1
گفته_شده_باشد,1
بوده_باشد,1
سفل,1
وضو,1
پرخلل,1
صنعتی,1
حروف,1
خواندی,1
مطلعی,1
سزد,1
خواندنش,1
نیاری,1
نوشتن,1
طبعت,1
آوری,1
خصلت,1
پیغمبری,1
قدما,1
کلامیست,1
مؤلف,1
مخیله,1
اندازد,1
داشته_باشد,1
خمر,1
مذاب,1
یاقوتی,1
سیال,1
متأخرین,1
فاما,1
جمهور,1
معتبر,1
کلامی,1
مقفی,1
ولله,1
درالشعر,1
اعظم,1
شانه,1
ارفع,1
مکانه,1
لیت,1
ایة,1
فضیلة,1
اجزل,1
هذا,1
خطش,1
صعب,1
تسلی,1
دامانش,1
ردیف,1
افزاید,1
تشبیه,1
تجنیس,1
بشکافد,1
گیسو,1
بافد,1
ترصیع,1
ریز,1
جعد,1
ایهام,1
چشمک,1
وهم,1
فکن,1
مای,1
وما,1
بقول,1
آلایش,1
مطهر,1
موردش,1
حضیض,1
تدنس,1
بل,1
اوج,1
تقدس,1
علمناه,1
ینبغی,1
افراخته,1
اثبات,1
ذاته,1
امری,1
مذموم,1
منظوم,1
معاتب,1
ملوم,1
قاصران,1
معاندان,1
متصدی,1
تحدی,1
نشمارند,1
واضحترین,1
دلیلی,1
منزلت,1
آفرینان,1
آرا,1
نعت,1
پیمبری,1
تصحیح,1
ممارست,1
متفاوت,1
متأخران,1
حصر,1
تفاصیل,1
احاطه,1
متجاوز,1
چندی,1
کرده_می‌شود,1
لنهر,1
ذکی,1
تیزفهم,1
سالگی,1
بتمام,1
قرائت,1
مطربی,1
سامانی,1
دویست,1
مکنت,1
نبوده,1
والعهدة,1
الراوی,1
برآمده,1
یمینی,1
عقیقی,1
گداخته,1
جوهرند,1
بیفسرد,1
بگداخت,1
نابسوده,1
رنگین,1
ناچشیده,1
تارک,1
تاخت,1
آزادوار,1
پند,1
مخور,1
کسا,1
شاهجان,1
مکث,1
ارکان,1
قصور,1
بساتین,1
تقبل,1
مشوق,1
مرغب,1
محلی,1
ترنم,1
سحری,1
صبوحی,1
مولیان,1
مهربان,1
ریگ,1
آمو,1
درشتیهای,1
پرنیان,1
شگرفیهای,1
خنگ,1
نزدت,1
تأثیر,1
شقه,1
حکایت,1
اعلم,1
ماتقدم,1
ابتدای,1
گزیدم,1
نژاد,1
لشکر,1
لشکرشکن,1
گشتم,1
ماندن,1
شمر,1
عفونت,1
عمارهٔ,1
مروزی,1
برف,1
زمرد,1
توده,1
نگارخانه,1
کشمیریان,1
بهار,1
غره,1
جهانت,1
جهانجوی,1
گهی,1
دمار,1
الطریقه,1
قوال,1
خواهم_گشتن,1
چونش,1
بخوانی,1
برخیزید,1
عصر,1
ملاحظات,1
شرق,1
غرب,1
جهود,1
گبر,1
تسبیح,1
تهلیل,1
واین,1
بزدود,1
موم,1
مثنویات,1
موشح,1
موسوم,1
وامق,1
عذرا,1
مادحان,1
هندوستان,1
خورده,1
سومنات,1
معجزات,1
خربوزه,1
زبرجد,1
طعمش,1
طعم,1
دیبا,1
نبری,1
فواضل,1
انعامات,1
مالی,1
خطیر,1
خطه,1
قطاع,1
ببردند,1
نعیم,1
راغ,1
وادی,1
جیب,1
امل,1
فرش,1
خرمی,1
شهری,1
شنیده_بودم,1
یکیست,1
تشنه,1
خواهم_گشت,1
دهقنت,1
غزنین,1
تختگاه,1
باغستان,1
نشسته‌اند,1
سلطانند,1
کیفیت,1
متوحش,1
منغص,1
خواهد_ساخت,1
پادشاهیم,1
نمی‌داریم,1
نداشته_باشد,1
می‌داریم,1
مخمر,1
ساخته_بودند,1
بگفتند,1
مصراعها,1
گفته‌اید,1
بخوانید,1
همرنگ,1
مژگانت,1
جوشن,1
نمودند,1
مشروح,1
فردوس,1
ساختی,1
مأمور,1
تحسینها,1
سرخش,1
حاسدان,1
خوض,1
سرافراز,1
برنجید,1
حمامی,1
آورده_بودند,1
مذمت,1
نیارست,1
تبارش,1
درختی,1
ورش,1
نشانی,1
میوه,1
اپس,1
مخفی,1
نیافتند,1
میمندی,1
بتقریبی,1
طالع,1
عطیه,1
درآوردند,1
تابوت,1
وارث,1
مانده_بود,1
ورزید,1
موجود,1
عمارت,1
رباطی,1
قدرشناسی,1
سهام,1
قوسی,1
ناصرخسرو,1
الانصاری,1
زندقه,1
الحاد,1
متهم,1
سفرنامه,1
معموره,1
محاوراتی,1
القضات,1
زبده,1
الحقایق,1
منظومات,1
مادامم,1
بگویم‌گر,1
شنیدن,1
خدایا,1
نمی‌یارد,1
چخیدن,1
ترکان,1
بلغار,1
نبایست,1
آفریدن,1
گزیدن,1
قوانین,1
عارضه‌ای,1
حادث,1
ساقط,1
اطبا,1
معالجه,1
الفیه,1
شلفیه,1
شبکه‌ای,1
حایل,1
صورتهای,1
شبکه,1
غریزی,1
مانع,1
منقطع,1
پنیر,1
منجمد,1
احلیل,1
ساقی,1
بیار,1
زار,1
شعاع,1
خوشبوی‌تر,1
عنبر,1
رنگین‌تر,1
روشن‌تر,1
صافی‌تر,1
ملکشاه,1
مداحان,1
درجه,1
اقبالها,1
قبولها,1
محمودیان,1
سنجریان,1
وفات,1
تیری,1
خطا,1
سنبل,1
سمن,1
پرچین,1
صورتگران,1
سرکشی,1
ننهاد,1
مورچه,1
برگ,1
ساربان,1
گلگون,1
خرگهی,1
قد,1
سهی,1
دلستان,1
روبه,1
مکان,1
کوف,1
نیامده,1
معشوقی,1
چابک,1
دلفروزتر,1
سوزتر,1
سیراب,1
پرخواب,1
لاله‌ام,1
وصالت,1
نرگسم,1
فراقت,1
لبیب,1
ملاحتی,1
تقدم,1
معترفند,1
تعداد,1
مجرد,1
آخر‌گر,1
صابرم,1
آنک,1
دجله,1
خدم,1
تند,1
رام,1
لام,1
فصیحی,1
شمه,1
مسطور,1
مشعر,1
نوشته_می‌شود,1
عاشقکی,1
بیفشاندم,1
گمراهی,1
خم,1
درآن,1
خسته,1
تسلیش,1
زبونی,1
حاشا,1
گوشه‌ای,1
نجاتی,1
سمع,1
تودد,1
تلطف,1
صریح,1
نمی‌توانست,1
مکتوبی,1
بیتها,1
تقول,1
بملاء,1
فیها,1
بطشی,1
فتکی,1
یغررکم,1
طول,1
ابتسامی,1
فقولی,1
مضحک,1
الفعل,1
مبکی,1
وسیله‌ها,1
انگیخت,1
گذرانید,1
وعده,1
موکل,1
ناچار,1
می‌ارزد,1
رایگان,1
نمی‌ارزد,1
پاشم,1
پیشوای,1
حدایق,1
صنایع,1
تصنیف,1
وزیری,1
مدحتی,1
بگذاشتم,1
شستم,1
نشستم,1
کران,1
دگران,1
نکوست,1
هموست,1
بخارایی,1
سخنگویم,1
تنم,1
مویست,1
غالیه,1
شبانروزی,1
همره,1
گنجم,1
خواهد_مرا,1
مورم,1
نسف,1
تحصیل,1
شاگرد,1
سوزنگری,1
شاگردی,1
مهارتی,1
هذیانات,1
زنیم,1
چندانم,1
بدم,1
بترم,1
پنهانم,1
صغیره,1
کبیره,1
شیطانم,1
کرشمه,1
غازی,1
نوازش,1
بنوازی,1
یکم,1
نپردازی,1
مستوفی,1
جوهری,1
فضلای,1
موقوف,1
مخترع,1
مستو,1
الجو,1
مصرع,1
می‌افتد,1
اجزا,1
مستقل,1
فضلا,1
لفظی,1
چار,1
مف,1
حا,1
جت,1
متصف,1
فضی,1
لت,1
خواهمت,1
شادی,1
عید,1
اع,1
غمکده,1
مع,1
ذورم,1
دل‌گر,1
مح,1
بوسیست,1
عیدیم,1
حقایقی,1
شروانی,1
کمالی,1
حسان,1
العجم,1
سپرده_است,1
مسابقت,1
اقران,1
مفاخرت,1
مبدع,1
مراست,1
ریزه,1
رشیدالدین,1
سریر,1
بوالفضایل,1
فزای,1
کاه,1
خاقانیا,1
سودا,1
خیرگی,1
تحفة,1
العراقین,1
ماییم,1
نظارگان,1
غمناک,1
سبز,1
جایند,1
سرکیسه,1
می‌گشایند,1
منست,1
بوالعجبان,1
قاقم,1
قندز,1
سیلاب,1
حمال,1
بنهند,1
محفه,1
مرکبان,1
انجم,1
نعل,1
بیفکنند,1
فخرالدین,1
اسعد,1
گرگانی,1
فخری,1
جرجانی,1
اماثل,1
ویس,1
رامین,1
مواضع,1
متعدد,1
شناسان,1
درخور,1
شاخ,1
بدبار,1
تندرستی,1
نگر,1
چشیدن,1
نیکوتر,1
نابوده,1
سرکش,1
پیل,1
شیری,1
سوزان,1
دلیری,1
دوران,1
زبانها,1
اتابک,1
تربیتها,1
ورد,1
ملایکه,1
نیام,1
قضای,1
شاها,1
نسق,1
رمق,1
رافضی,1
سنی,1
بوبکر,1
مردکی,1
بشنود,1
بمثابه,1
اختلاف,1
داشته‌اند,1
وقار,1
خجسته,1
پیکر,1
منظری,1
ناقدان,1
الجمله,1
نزاعند,1
داوری,1
یکطرف,1
بدیشان,1
نما,1
نگین,1
سالک,1
مسالک,1
تمییز,1
گستری,1
مبتدی,1
می‌نهد,1
نشناختند,1
موسوی,1
سامری,1
گنجه,1
دقایق,1
حقایق,1
مقدور,1
روایت,1
گندمگون,1
کاهم,1
پرخون,1
دانه,1
سنبل‌تر,1
کمترین,1
خوشه,1
سنبله,1
گردون,1
نخوردم,1
رهی,1
ترازوی,1
زلفش,1
گندمی,1
خواهم_افزون,1
شده‌ام,1
خلاق,1
المعانی,1
دقیق,1
متأخر,1
تدقیق,1
گزار,1
اشارات,1
بتخصیص,1
مرغوبتر,1
دگرگون,1
کسوت,1
پسین,1
گرنه,1
خوبیش,1
کهن,1
پشمین,1
برش,1
بدر,1
اکسون,1
جمشید,1
فراقنامه,1
کتابی,1
نمی‌نماید,1
زاد,1
بلغزد,1
سعادت,1
مشتری,1
خطی,1
نازنینی,1
ید,1
ستونی,1
عنبرآگین,1
جذع,1
منبت,1
شوشه‌ای,1
نقره,1
زنبق,1
ناشکفته,1
یاسمین,1
مجو,1
شورستان,1
نخیزد,1
ملایک,1
می‌گریزد,1
غربال,1
غداری,1
نبیزد,1
نیکی,1
کینت,1
بدتر,1
ستیزد,1
قدوه,1
متغزلان,1
نورزیده,1
طوایف,1
الحق,1
سفته,1
پیمبرانند,1
لانبی,1
بعدی,1
قریب,1
سرحد,1
قهستانی,1
غث,1
سمین,1
الغیب,1
متصور,1
امثال,1
قافیه‌ها,1
دیوانهای,1
دیده_شده_است,1
حسنم,1
بوده‌اند,1
ورزیده,1
نرسیده,1
گذرانیده,1
غزلهای,1
ورای,1
مثنویهای,1
طریقی,1
قافیه‌های,1
اجتماع,1
حالتی,1
می‌نماید,1
ولهذا,1
معاصر,1
می‌داشته‌اند,1
مباسطات,1
می‌کرده‌اند,1
بپذیرد,1
سخنم,1
اینست,1
خواجو,1
متغزل,1
واردان,1
می‌خوانده,1
اصلاح,1
می‌کرده,1
اهالی,1
خواجوست,1
تزیین,1
جهدی,1
لهذا,1
می‌خوانند,1
چاشنیی,1
مکتسبه,1
عاری,1
خیالی,1
آنجمله,1
غمت,1
خلقی,1
معتکف,1
می‌طلبم,1
نیشابوری,1
امیرشاهی,1
خراسان,1
طامات,1
مطلعهای,1
شبیخون,1
نیشاپوری,1
اسلوبی,1
عباراتی,1
عارفی,1
چوگان,1
نظمهای,1
سرآمد,1
چوگانی,1
بستی,1
جستی,1
هربار,1
عرق,1
غرق,1
برق,1
بگریخته,1
آذر,1
آویخته,1
صرصر,1
هرپی,1
دویده,1
گردیده,1
سرعتش,1
صبا,1
میرنوایی,1
دولتی,1
مراتب,1
مناقب,1
معنوی,1
موهوب,1
مکتسب,1
جودت,1
توصیف,1
منخرط,1
مرتفع,1
نویسند,1
معما,1
اسم,1
منبی,1
سرت,1
دهرا,1
احرزت,1
الفضائل,1
بالفواضل,1
باسمک,1
فقت,1
الفضل,1
طرا,1
صورته,1
صدف,1
اشعارش,1
معمای,1
مفهوم,1
می‌گردد,1
کنه,1
تخلصها,1
نیابد,1
یابندگان,1
قابلیت,1
مثنویاتی,1
وقوع,1
نسفته,1
مسماست,1
دریای,1
ابرار,1
دقیقه,1
خیالات,1
لطیفه,1
آتشین,1
خسروان,1
اخگری,1
آیندگان,1
حجاز,1
نوشته_بود,1
بده‌ای,1
مینافام,1
خرام,1
جهانتاب,1
دافع,1
پرورد,1
تسکین,1
تجدید,1
گفتگویت,1
حرمم,1
حضور,1
غیبت,1
سویت,1
ندیدی,1
داروی,1
گرگی,1
مصادقت,1
می‌نهاد,1
گذشتند,1
استوار,1
گردیدند,1
فراخ,1
زحمت,1
انگورهای,1
گوناگون,1
میوه‌های,1
رنگارنگ,1
زیرک,1
باریک,1
چندانش,1
بزد,1
دریده,1
کنده,1
کآخر,1
فربهت,1
بیندیش,1
ندانم,1
کژدمی,1
مضرت,1
خباثت,1
پهناور,1
گذشتن,1
بازگشتن,1
پشتی,1
شناکنان,1
گوشش,1
کژدم,1
می‌زنم,1
می‌دانم,1
کارگر,1
نمی‌آید,1
سرشتان,1
آسیب,1
عوانی,1
بزمگه,1
تار,1
فنا,1
غوطه,1
رهند,1
نقلهای,1
میوه‌های‌تر,1
مالامال,1
نعمتهای,1
دون,1
دلیر,1
مفلسانش,1
گرسنگان,1
کمین,1
اندازه,1
بدانست,1
دکانچه,1
صرافان,1
آمیخته,1
جزای,1
ناشناسی,1
حریصان,1
رست,1
فزونیست,1
دردسری,1
مراقبت,1
درنده,1
فریبی,1
دغدغه,1
آسیبی,1
احترام,1
الحمد,1
مبدل,1
باعث,1
امنیت,1
مستغنی,1
بیان,1
رفاقت,1
رمه,1
بدویدم,1
نرسیدم,1
بازآمدم,1
رنجانید,1
بگسستم,1
بپیوستم,1
نخراشدت,1
بستانی,1
پیغامی,1
سگان,1
رسانی,1
کشتی,1
ورطه,1
خاربنی,1
محبوبان,1
افعیی,1
بگذشت,1
خاربن,1
اجتناب,1
تیزی,1
پوشیده_است,1
ترس,1
پیکان,1
هول,1
خوردمی,1
کردمی,1
بترسد,1
خبث,1
خاکستر,1
قرصی,1
دوان,1
کرده‌ای,1
پلنگان,1
احرام,1
بسته‌ام,1
مترسان,1
نهنگ,1
رفته‌ای,1
آنم,1
آرزویت,1
بگردی,1
نشوم,1
جانشان,1
دونان,1
خورند,1
دوند,1
پایک,1
پیکران,1
افتادی,1
کجروی,1
تجربه,1
راستروی,1
سرکوفته,1
آغوش,1
سنگین,1
زنندش,1
غوکی,1
جفتیش,1
کناره,1
غمدیده,1
ماهیی,1
بشتاب,1
مقراضی,1
سبیکه,1
سطح,1
هلالی,1
متمایل,1
دربایست,1
نابایست,1
ناشایست,1
خروش,1
قبح,1
لقا,1
نخواهد_که,1
خوف,1
برافروزد,1
دوزد,1
منند,1
وحوش,1
صیادان,1
جستجوی,1
شست,1
آرزومندی,1
منشین,1
ناجنس,1
برنیاری,1
راهگذر,1
گشاد,1
عیال,1
سراچه,1
گنجشکی,1
موروثی,1
فرجه,1
آشیان,1
لک,1
لکی,1
جثه‌ای,1
حقیری,1
جانوری,1
همسایه,1
استقامت,1
همپایه,1
دانسته,1
همسایگی,1
ماریست,1
برآرم,1
بپرورم,1
تازد,1
گریخته‌ام,1
آویخته‌ام,1
بیداد,1
جوار,1
آستانه‌ای,1
خسبی,1
طمعی,1
نانی,1
قانعم,1
بریانی,1
استخوانی,1
سخره,1
مدعی,1
جوع,1
منکر,1
هفته‌اش,1
انبان,1
یکشبه,1
جنبان,1
روزه‌اش,1
عصای,1
دریوزه‌اش,1
ببست,1
متاع,1
بچه‌ای,1
حیله‌ای,1
مانم,1
سفله‌ای,1
مکر,1
جنگش,1
زنبوری,1
کانی,1
سرچشمه,1
بتابد,1
ملخی,1
برداشته,1
بینید,1
ناتوانی,1
گرانی,1
می‌کشد,1
بازوی,1
حمیت,1
ضخامت,1
سرکشید,1
یاوری,1
جسم,1
مدد,1
رهروان,1
مهارکشان,1
صحرایی,1
چرید,1
مهارش,1
مفطور,1
جبلت,1
مجبول,1
مخالفت,1
عناد,1
محال,1
خردتر,1
درگیرد,1
مجالست,1
زینسان,1
اشتروارها,1
بارهای,1
میشی,1
دنبه,1
بز,1
سالها,1
نخندیدم,1
نپسندیدم,1
عمری,1
دیده‌ای,1
سرزنش,1
پیچیده‌ای,1
برنیارد,1
لعن,1
نیالاید,1
گاوی,1
سالار,1
آفتی,1
بدیدی,1
خزیدی,1
زآن,1
دلاوری,1
حربه,1
اشتری,1
درازگوشی,1
می‌رفتند,1
نشناسدت,1
بستایدت,1
نابخردی,1
بشناس,1
طاووسی,1
زاغی,1
فراهم,1
طاووس,1
زرکش,1
دیبای,1
منقش,1
می‌آمدیم,1
پوشیدن,1
غلط,1
کرده‌ایم,1
کیمخت,1
پوشیده‌ام,1
عدیم,1
پوششهای,1
آلودگی,1
برزده‌ای,1
کشفی,1
مراقبه,1
برده_بود,1
می‌شنود,1
تمیز,1
بگذارید,1
طایل,1
بدارید,1
مرادات,1
خاصه‌ای,1
نداده,1
خاصیتی,1
خوشنود,1
بگسل,1
کفتاری,1
قله,1
سربلندی,1
شکستگی,1
اشکال,1
پیمای,1
بگشای,1
مشتی,1
استخوانم,1
آزردن,1
راند,1
حقی,1
برآوردم,1
کفتار,1
شنیع,1
بجوشید,1
گشادن,1
گریز,1
نهادن,1
رهایی,1
ناخوشی,1
قفل,1
آهستگی,1
شکستنش,1
گرایی,1
شکالی,1
خروسی,1
مونس,1
بیدارانم,1
مؤذن,1
داران,1
مریز,1
بریزی,1
خواهی_بی,1
ستیزی,1
نایستم,1
بپرداختم,1
ساختم,1
خواهی_لقمه,1
شریر,1
تضرع,1
مسپر,1
بدش‌گر,1
گذرانی,1
بتری,1
الله,1.0
دست,0.9125
<PIL.Image.Image image mode=RGB size=1600x800 at 0x7F1B055FAB30>
