الله,155
دل,93
علی,80
عالم,76
دست,73
جان,71
آب,60
فی,58
رسول,45
بهر,44
چشم,40
نور,40
قال,38
عقل,38
خاک,37
نفس,37
شب,35
دریا,35
جهان,34
صلی,33
خلق,33
استکه,33
عن,32
پادشاه,32
رحمت,31
زمین,31
سخن,31
آتش,31
خبر,31
آسمان,30
تعالی,29
ترا,29
سلم,28
نی,28
علم,28
همهٔ,28
سلیمان,28
دنیا,28
عمر,27
پر,27
کار,27
قدم,27
ملک,27
وقت,26
حیات,26
حمزه,25
نظر,24
آفتاب,24
خدمت,24
بند,24
آدم,23
هرکه,23
حضرت,23
السلام,22
اهل,22
دید,22
دختر,22
میفرماید,21
اندر,21
روزی,21
نباشد,21
بیند,21
مرغ,21
راکه,21
عزیز,20
پاک,20
لطف,19
زبان,19
گر,19
مرگ,19
وحشی,19
بنده,19
الذی,19
عشق,18
دین,18
فرمود,18
مرد,18
پای,18
بندگان,18
میگوید,18
معنی,18
له,18
درد,18
آواز,18
دریای,17
جواب,17
بیابان,17
بسم,17
محمد,17
ایمان,17
مار,17
ثم,17
تاج,16
قوت,16
آدمی,16
جمال,16
لشکر,16
مشغول,16
طلب,16
دوست,16
مصطفی,16
خدا,16
ساعت,16
آرد,16
شیطان,16
بلقیس,16
برصیصا,16
گوش,15
پوست,15
میکرد,15
توست,15
تن,15
ماهی,15
دشمن,15
زن,15
دام,15
اله,15
غیب,15
دور,14
الذین,14
ترازوی,14
خانه,14
دانه,14
زر,14
ماند,14
آینه,14
شاه,14
شرح,14
صحت,14
دیدم,14
ظاهر,14
پناه,14
گردان,13
انا,13
امت,13
معصیت,13
میرود,13
خداوند,13
روان,13
وار,13
شوق,13
یار,13
بینی,13
زین,13
فرمان,13
دیو,13
طاعت,13
جمع,13
امر,13
باقی,13
خدای,13
روح,13
هنر,13
روشنایی,13
ترازو,13
حجاب,12
جلاله,12
امید,12
قبول,12
زد,12
رنج,12
خون,12
ذره,12
حقیقت,12
ذوق,12
لا,12
مغز,12
تخت,12
بانگ,12
نیاید,12
سیاهی,12
خواب,12
مقصود,12
صلوات,12
گور,12
داند,12
سنگ,12
دولت,12
نشود,12
سعادت,11
دود,11
فساد,11
آغاز,11
همی,11
نماند,11
اثر,11
زخم,11
عدل,11
نیم,11
قطره,11
بنی,11
هوای,11
شهر,11
قل,11
پیغامبر,11
مال,11
مبارک,11
شادی,11
الرحمن,11
سه,11
بلند,11
نهاد,11
بهشت,11
غم,11
نقش,11
دیدۀ,11
زندان,11
حبیب,11
الحمدلله,10
محمدا,10
فراق,10
پایان,10
انه,10
یوم,10
موسی,10
فریاد,10
شکار,10
سیاه,10
رود,10
کان,10
عنایت,10
حدیث,10
گرد,10
دکان,10
جل,10
کز,10
رنگ,10
قومی,10
صفت,10
بندگی,10
میگفت,10
گوشت,10
رضی,10
ره,10
شتر,10
نوحه,10
نماز,10
خانهٔ,10
مقام,10
زاهد,10
خیال,10
حرص,9
آه,9
ارواح,9
دوستان,9
صدق,9
قدیم,9
صدهزار,9
مه,9
پنهان,9
جنگ,9
فرق,9
صحبت,9
زنگی,9
عاشقان,9
زشت,9
ولایت,9
خوار,9
بیگانه,9
ماه,9
روزگار,9
قیامت,9
ابد,9
عرش,9
زنان,9
ابلیس,9
نوح,9
همچو,9
دراز,9
دعوی,9
حاصل,9
عارف,9
محبت,9
امیران,9
گویمی,9
الناس,8
آله,8
روشن,8
سید,8
عند,8
عیسی,8
خلعت,8
سرای,8
الارض,8
خلوت,8
عاشق,8
میزند,8
قطرهٔ,8
شهوت,8
نعمت,8
ابراهیم,8
سود,8
انگشت,8
فانی,8
الرحیم,8
رسد,8
مرده,8
زنده,8
جوش,8
النبی,8
غلام,8
دوزخ,8
شکم,8
حکایت,8
سگ,8
خورد,8
زندگی,8
قالب,8
کافران,8
درم,8
طاق,8
اشارت,8
آیت,8
میکردند,8
توبه,8
وحی,8
حرمت,8
سجود,8
نداند,8
بازی,8
مراد,8
العالمین,8
صبح,8
زان,8
مهتر,8
درخت,8
وگفت,8
باشدکه,8
استخوان,8
صانع,7
اذا,7
الحق,7
ذی,7
شراب,7
فلک,7
قیل,7
دشمنان,7
کاسد,7
نهاده,7
غلط,7
نهایت,7
باغ,7
مرکب,7
موی,7
رحمة,7
خاطر,7
صحرا,7
طبل,7
صادق,7
اصل,7
وجوه,7
ضعیف,7
طالب,7
کمال,7
کژ,7
ربی,7
کشتی,7
سوراخ,7
طالبان,7
الدنیا,7
فرشتگان,7
آنگه,7
رخ,7
جوان,7
وز,7
صدر,7
نامی,7
بن,7
ابوجهل,7
مکر,7
نهد,7
لقمه,7
خرج,7
عنه,7
شیر,7
زره,7
خوف,7
ظلمت,7
جفت,7
مست,7
ساعتی,7
برون,7
لمن,7
خداوندا,7
فضل,7
افکند,7
اندرون,7
مردی,7
نکردی,7
مگردان,7
رب,7
بیدار,7
غذای,7
عذر,7
ثعلبه,7
عیال,7
امی,7
لما,6
ابی,6
مناجات,6
انوار,6
اسرار,6
صحرای,6
وصال,6
گمان,6
چراغ,6
خاص,6
انفسهم,6
تاب,6
پا,6
ببینند,6
هوا,6
کردهام,6
فرو,6
ضلالت,6
علیهم,6
انی,6
ربک,6
دانا,6
جگر,6
بارگاه,6
عادل,6
مرغی,6
سنگی,6
سلطان,6
یاران,6
سیل,6
مانده,6
کمر,6
تحقیق,6
چندانکه,6
مهر,6
امتحان,6
شیطانی,6
صف,6
زده,6
لم,6
زندگانی,6
بحر,6
زرین,6
پند,6
فهم,6
ترک,6
طبیعت,6
سیه,6
پدر,6
بوی,6
حلاوت,6
بروی,6
سینه,6
جبرئیل,6
سینهٔ,6
اسلام,6
برآورد,6
فارغ,6
غایت,6
خلقان,6
میرفت,6
جمله,6
نامه,6
خلاص,6
شاد,6
مردار,6
حیله,6
آمده_است,6
برخاست,6
سو,6
میبینم,6
طمع,6
چپ,6
باری,6
الذنوب,6
اشهد,6
فرزندان,6
قهر,6
مشرق,6
خطاب,6
ذات,6
میگویند,6
قلم,6
بیامد,6
جماعتی,6
مؤمن,6
دفع,6
سیر,6
آراسته,6
نیک,6
عهد,6
عاشقی,6
میدان,6
توانگری,6
سال,6
لیک,6
بندهای,6
بلا,6
وگل,6
نمیتوانست,6
دیگرکه,6
الملک,5
قلبه,5
اصحابه,5
بکر,5
الصدیق,5
الفاروق,5
عثمان,5
النورین,5
ملکا,5
پادشاها,5
وحدت,5
معرفت,5
مرغان,5
میخواهند,5
امتی,5
آلود,5
یخ,5
عامل,5
مثقال,5
السماء,5
تیز,5
عدد,5
عارفان,5
شمار,5
بازار,5
معدن,5
دهان,5
بیم,5
ربنا,5
جانم,5
کوه,5
سایه,5
خنک,5
جانی,5
حکم,5
میگویی,5
ندا,5
گل,5
خشکی,5
قصد,5
فراموش,5
جوابش,5
یاد,5
شده_است,5
زهر,5
کاری,5
سپید,5
سپیدی,5
هان,5
فیها,5
ازل,5
نهان,5
عقبی,5
شمشیر,5
فرعون,5
قصهٔ,5
رنجور,5
درآید,5
گردن,5
آوردند,5
دیدی,5
بهم,5
اطراف,5
شمع,5
گوهر,5
نادر,5
جلال,5
برود,5
کاروان,5
مؤمنان,5
نتوان,5
پهلوی,5
برد,5
نومید,5
میشود,5
کشته,5
سبیل,5
تنگ,5
میدانی,5
خویشی,5
چاره,5
نان,5
تدبیر,5
مر,5
صاحب,5
دربند,5
کفر,5
غنیمت,5
کمین,5
میزد,5
دیدیم,5
افکنده,5
بدو,5
گذشت,5
درآمد,5
دعا,5
آنکس,5
موج,5
سوخته,5
کلمهٔ,5
داوود,5
دانهٔ,5
کلمه,5
افتد,5
مترس,5
دیوار,5
هدهد,5
منقار,5
هذا,5
عزت,5
بهار,5
عین,5
تاریکی,5
اشکال,5
غرض,5
سؤال,5
جنبانیدن,5
باطل,5
اندک,5
شریعت,5
اماره,5
زدند,5
فعل,5
صورتهای,5
التفات,5
خالص,5
افتتاح,5
طریقت,5
ماییم,5
راز,5
شاخ,5
نقد,5
سبز,5
تیغ,5
یعمل,5
دانش,5
باران,5
بنور,5
العارفین,5
فرشته,5
آنهاکه,5
پرده,5
عازم,5
راگرفته,5
شیخ,5
منهم,5
عجبت,5
بلبل,5
بک,5
ماهیان,5
العالم,4
العقل,4
المهاجرین,4
الانصار,4
کثیرا,4
منور,4
سوز,4
بام,4
افصح,4
تمسک,4
بسنتی,4
کونین,4
لولاک,4
تفضیل,4
تقوی,4
ذلک,4
برآید,4
گرداند,4
مشتری,4
شعر,4
اشک,4
خار,4
گلستان,4
دیدند,4
صید,4
جام,4
وهم,4
مع,4
اعلم,4
تقدس,4
تسبیح,4
سالکان,4
مجاهده,4
سفر,4
مالک,4
تیر,4
انصاف,4
مشکل,4
عرب,4
موجودات,4
نعره,4
آرزوی,4
بیچاره,4
ضعیفم,4
هیبت,4
خطر,4
آثار,4
دمی,4
یوسف,4
میآید,4
رفتی,4
نشسته_بود,4
پران,4
لایق,4
شکر,4
افتاد,4
زانکه,4
نیکو,4
شهوات,4
سازد,4
اخلاص,4
که‌ای,4
قوم,4
قطرهها,4
ظلمات,4
افتاده,4
بینا,4
نسیم,4
کرده_است,4
جنس,4
سبب,4
بگفت,4
نیستی,4
خوبان,4
اصلی,4
ننگ,4
عادت,4
النار,4
ببرد,4
گندم,4
آینهٔ,4
مادر,4
بچه,4
عاجز,4
داروها,4
درمان,4
جست,4
همت,4
نتواند,4
حلقهٔ,4
خراب,4
طاعات,4
وفا,4
صفا,4
سلامت,4
مفسران,4
صومعهٔ,4
آمدهام,4
نامهای,4
نهادهایم,4
پارهای,4
الاالله,4
آمدند,4
سحر,4
پاره,4
القمر,4
برکت,4
هوش,4
کلام,4
عبادی,4
حلال,4
حیران,4
مخالف,4
خویشان,4
مشوید,4
امکان,4
حساب,4
استاد,4
جامه,4
هلاکت,4
مجلس,4
قدح,4
حرکت,4
زنی,4
قاضی,4
برهاند,4
کشتن,4
منهزم,4
قایم,4
تصرف,4
خاکستر,4
شده_بود,4
ندید,4
دندان,4
برداشت,4
لعین,4
صبر,4
یغفر,4
فرزند,4
وعده,4
بیامرزم,4
محبوب,4
پشیمانی,4
کرده_بود,4
دیدهٔ,4
بادا,4
شفیع,4
عرضه,4
حجت,4
یکان,4
چرخ,4
خارش,4
دزدی,4
حسد,4
چشمش,4
میبیند,4
غیرت,4
منتظر,4
لحظه,4
القرآن,4
شک,4
یقین,4
دروغ,4
نشست,4
نمود,4
طناب,4
منک,4
بدی,4
کشند,4
پادشاهی,4
بودو,4
گیاه,4
ثابت,4
سوال,4
پیشانی,4
قرآن,4
خاموش,4
آرند,4
کردهاند,4
یافتند,4
داروی,4
هو,4
سایهٔ,4
شربت,4
مغرور,4
بزرگی,4
انبیا,4
زهره,4
عظیم,4
زار,4
چار,4
نیاز,4
شاهان,4
روباه,4
شخص,4
عالمی,4
ادهم,4
لذت,4
اندوه,4
بستان,4
رسانیدی,4
نفسی,4
برگوشهٔ,4
بودکه,4
نشسته,4
نشهد,4
عبده,4
روزیکه,4
کیف,4
فرمودکه,4
تی,4
محو,4
هنری,4
میفرمایدکه,4
تقاضای,4
بترس,4
میکندکه,4
مینهد,4
خیرا,4
قاب,4
دیدکه,4
سوار,4
عجایبها,4
منا,4
زرد,4
بندۀ,4
توبهٔ,4
مقبل,4
آمدکه,4
عظیمتر,4
العلم,4
القلوب,4
دیده_باشد,4
آدینه,4
آنگاو,4
صحف,4
ایقن,4
اعرف,4
مادرزاد,4
بغیر,3
بعث,3
الباطل,3
دون,3
المرتضی,3
تسلیما,3
مشتاقان,3
مشرف,3
سوختگان,3
سمع,3
استماع,3
پاسبانان,3
بخشش,3
خلاصهٔ,3
میزنند,3
کرم,3
خبری,3
مصطفوی,3
المرسلین,3
افضل,3
فله,3
پیشوای,3
ثقلین,3
الخاص,3
فصیح,3
القیمه,3
اطلس,3
آسمانی,3
گرمی,3
سرد,3
سرگشته,3
سنت,3
خارزار,3
درهای,3
برهنه,3
بدانند,3
بجویند,3
برف,3
همچنانکه,3
هدایت,3
عشرت,3
پادشاهان,3
مملکت,3
اولئک,3
آویخته,3
ذرة,3
خداوندی,3
توکل,3
کرده_باشد,3
مشکلات,3
تویی,3
موافق,3
قطرهای,3
صعب,3
افزار,3
مدد,3
خصم,3
السموات,3
الجبال,3
منها,3
طاقت,3
دلیری,3
بیچارهام,3
کش,3
یومئذ,3
رویم,3
مایه,3
بیان,3
مغزی,3
میآیی,3
عروس,3
یگانه,3
مپرس,3
الریح,3
سرش,3
گشت,3
میشد,3
رخت,3
گم,3
شیشه‌گر,3
ذوالجلال,3
البحر,3
جانان,3
گشته,3
الاسلام,3
وسوسهٔ,3
درختان,3
بیخ,3
بو,3
رنگی,3
رفتند,3
میبرد,3
خودی,3
سرگردان,3
سیم,3
مده,3
بدید,3
آیینه,3
برند,3
مسکن,3
رویی,3
زنگیان,3
بیکس,3
میمالید,3
جوی,3
خفته,3
جامهٔ,3
نمای,3
بسته,3
خوی,3
خورشید,3
لامکان,3
ملوک,3
اقبال,3
افمن,3
نرم,3
حرم,3
کینه,3
هنرها,3
رونده,3
نیزه,3
آهن,3
خشک,3
اسرائیل,3
خواند,3
منکر,3
سئوال,3
شدندی,3
آمدی,3
چهارده,3
مکه,3
خشم,3
ساحر,3
خواجه,3
بگرفت,3
جادوی,3
میآمد,3
حیوان,3
علف,3
میرسید,3
واقعه,3
نکرد,3
میشدند,3
کیست,3
سگی,3
اسرفوا,3
لاتقنطوا,3
خالق,3
دلان,3
نطق,3
آوازی,3
بینند,3
میدهد,3
مینگرند,3
ظلم,3
فرشتهای,3
اسراف,3
نشناسد,3
خصمان,3
درنگری,3
آورده‌اند,3
بنویس,3
کودک,3
رسم,3
ببرید,3
عبرت,3
تراست,3
سهل,3
غرقاب,3
آیات,3
عم,3
غزا,3
خوردن,3
بشکند,3
کور,3
منزل,3
رفتن,3
آرزو,3
بزرگان,3
اسب,3
دستم,3
فرد,3
کوزه,3
فرصت,3
میجست,3
حمله,3
تیراندازان,3
مسلمانان,3
درافتادند,3
طایفه,3
رها,3
خالی,3
صحابه,3
حالت,3
الیه,3
شهادت,3
وفات,3
انتقام,3
مسجد,3
هفتاد,3
گناه,3
آمرزش,3
گناهی,3
ساحل,3
فرستاد,3
جمیعا,3
خرمن,3
حد,3
گناهان,3
خسته,3
خندق,3
خاصه,3
امداد,3
کریم,3
سجده,3
خیزد,3
آخرین,3
ولیکن,3
فخر,3
کرسی,3
محنت,3
بچهٔ,3
جانش,3
بچگان,3
چینه,3
برگیرد,3
کام,3
خام,3
نیارد,3
شر,3
مینگرد,3
خواری,3
غافل,3
شبی,3
خوک,3
لطیف,3
دلم,3
می‌کند,3
پیر,3
لهم,3
نشسته_است,3
نیازی,3
حیوانی,3
دک,3
دلی,3
رسیده_بود,3
دیوانه,3
برید,3
مدتی,3
حامله,3
قصه,3
دفنش,3
نهادند,3
میبودی,3
بحقیقت,3
بیزار,3
دادست,3
حبل,3
فمن,3
عاصی,3
نظاره,3
بنا,3
فصل,3
واجب,3
باطن,3
رسته,3
بادی,3
قلب,3
آتشی,3
ذکر,3
رجا,3
مکنید,3
شبهت,3
بدانی,3
خاریدن,3
دارو,3
ریا,3
نفاق,3
عبادت,3
نصرت,3
بشارت,3
مضمر,3
اخبار,3
نیکی,3
نیکنامی,3
دلها,3
عظمت,3
نبودند,3
دمار,3
ساخت,3
نکردند,3
وحده,3
لاشریک,3
العمل,3
غفلت,3
اصناف,3
رایت,3
انصار,3
جاه,3
افزون,3
احوال,3
احادیث,3
میخواهد,3
بخت,3
خواهد_بود,3
ذل,3
المعاصی,3
مسند,3
خلقت,3
منشور,3
شنیدی,3
شهود,3
قضا,3
لمعان,3
نبوت,3
آمدم,3
خاشاک,3
دامن,3
فتح,3
ادب,3
بوستان,3
سنایی,3
شور,3
صنع,3
سکهٔ,3
غدار,3
بتراست,3
درگوش,3
دهل,3
زیبا,3
طبع,3
زلف,3
آهو,3
زندانی,3
شنیدم,3
خواهی_، ,3
بهکار,3
وصل,3
نامهٔ,3
نظرکرد,3
آوازۀ,3
پیرزن,3
القضاء,3
هشام,3
هرکجا,3
اینت,3
عهدۀ,3
فیما,3
ازکجا,3
تلبیس,3
خداییکه,3
بگوی,3
جفا,3
بسته_است,3
ملکی,3
رضای,3
آدمیان,3
مسلمانی,3
دلش,3
نبینا,3
الظلام,3
رسوله,3
جمیع,3
دانی,3
انداز,3
بزم,3
حدیثیکنیم,3
حارثه,3
فما,3
انظر,3
الجنه,3
اقبل,3
سرمهٔ,3
پردۀ,3
بیکبار,3
دان,3
الزاهد,3
العارف,3
البر,3
ذاک,3
شاهد,3
احسانه,3
خیرات,3
وسوسه,3
برادران,3
فضیلت,3
غیبت,3
محققان,3
رسوا,3
رحمی,3
برادر,3
خندان,3
تیره,3
رسیدن,3
برخیزم,3
البصر,3
ماطغی,3
عجایب,3
ابدی,3
خرقه,3
شخصی,3
نیابی,3
رحم,3
آیدکه,3
کشت,3
سبک,3
خداوندان,3
بهگوش,3
فرود,3
چادر,3
مدینه,3
شرم,3
چهل,3
جانها,3
متی,3
بلال,3
عذاب,3
الاکرمین,3
بساط,3
قلوب,3
الجنة,3
رحمته,3
یره,3
قوسین,3
سرما,3
ثواب,3
عبدالمطلب,3
نوری,3
آگاهی,3
اکرم,3
آفرید,3
طبیب,3
چوب,3
نرسد,3
سبحان,3
بدمد,3
هاویه,3
بعض,3
حکمت,3
عروسان,3
زنجیر,3
خالصی,3
ترازویی,3
تمییز,3
چهکار,3
میکشند,3
میوهای,3
نگه,3
آموختی,3
زاییده,3
نقشها,3
خواستمکه,3
آلة,2
المنزه,2
الیها,2
شهد,2
مصنوع,2
ماله,2
وفق,2
الخلق,2
اطلع,2
کتابا,2
ایها,2
قد,2
ربکم,2
شفاء,2
لایبصرون,2
بکم,2
لاینطقون,2
التقی,2
النقی,2
الزکی,2
الوفی,2
شکارهای,2
سحرگاه,2
شنود,2
سلطنت,2
نصیب,2
فرما,2
اجورهم,2
شرفات,2
عالیتر,2
بیکران,2
نذیر,2
لقد,2
جاء,2
اصح,2
الانبیاء,2
الصلوات,2
اعلاها,2
کساد,2
اجرمائة,2
اکمل,2
التحیات,2
اسناها,2
شهید,2
لعمرک,2
تشریف,2
دونه,2
لوائی,2
الفقر,2
فخری,2
نبیی,2
دینی,2
منسوخ,2
یافتهاند,2
التقوی,2
دیبای,2
محمدی,2
متغیر,2
قیمت,2
اعمال,2
ندهد,2
برگ,2
غرور,2
درویش,2
چارهٔ,2
متاع,2
کیسه‌های,2
الامن,2
بهٔ,2
خارستان,2
نهند,2
کارها,2
افتادند,2
نشانها,2
مسافران,2
نشوند,2
دوند,2
عنان,2
افتند,2
شاهدان,2
همنشین,2
النبیین,2
فاضلان,2
انما,2
فاما,2
ثقلت,2
ذرهای,2
مزد,2
مزدور,2
نمیکنی,2
دانای,2
لافی,2
مور,2
تاریک,2
مطلق,2
رفتار,2
میانه,2
پیشگاه,2
مقعد,2
خسروان,2
حقارت,2
جزو,2
عیار,2
روا,2
عادلی,2
گشای,2
حل,2
رمز,2
وگر,2
شهنشاه,2
صحابهٔ,2
بدانید,2
غلطان,2
پیوندد,2
یکدیگرند,2
عجیب,2
غریب,2
وپا,2
شودو,2
جانب,2
سیلها,2
زنهار,2
امانت,2
روبه,2
خوان,2
نحیفم,2
چاره‌گر,2
قاف,2
نظرم,2
بیچارگان,2
نباشم,2
دوستتر,2
دریابد,2
کسان,2
میروی,2
مطلوب,2
عیبی,2
می‌گوید,2
قبه,2
ظلمنا,2
وجد,2
افسرده,2
ذوقی,2
زاید,2
روحانی,2
پری,2
گازر,2
بزند,2
حجابی,2
نعمة,2
بخشاینده,2
بخشنده,2
دیگرگون,2
آمدیم,2
لو,2
والعاقل,2
یکفیه,2
الاشاره,2
غریبا,2
برگها,2
سودای,2
السابقون,2
جبار,2
پروردگار,2
عدوا,2
امة,2
پرسیدند,2
چاه,2
نابینا,2
برگی,2
نهادهاند,2
سلسله,2
غره,2
جنت,2
دوزخی,2
گلرخی,2
الحذر,2
گرفته_است,2
نیابد,2
واعظان,2
آینهاند,2
هذه,2
زشتی,2
خو,2
رسوایی,2
روحانیان,2
حسرت,2
کانکه,2
ننگش,2
طفلی,2
اسیری,2
دشمنی,2
حالی,2
خال,2
ببیند,2
لااقسم,2
میماند,2
ضرورت,2
دختران,2
چهرهٔ,2
بخورد,2
عاریتی,2
بشویید,2
کهن,2
خطیئته,2
فاولئک,2
تبیض,2
تسود,2
سیاهکاری,2
بشویند,2
برآرند,2
متمکن,2
روزنند,2
آبی,2
برو,2
مگوی,2
بشو,2
میخندند,2
تسخر,2
کانوا,2
آمنوا,2
القراء,2
الدین,2
کون,2
مکان,2
پشهای,2
قصر,2
فرستند,2
پرستند,2
سیراب,2
برج,2
جهل,2
خودپرستی,2
گردانیدهام,2
حواله,2
جواهر,2
دگر,2
دردل,2
آینده,2
عمران,2
زبر,2
نکیر,2
برکرد,2
نگوید,2
اوراد,2
علت,2
منزلهای,2
بجوشید,2
کف,2
شفقت,2
برهانم,2
قاصد,2
امین,2
علیک,2
میندیش,2
میخواهی,2
پشیمان,2
عزی,2
مقدس,2
یزل,2
لایزال,2
قدرت,2
اقتربت,2
الساعه,2
انشق,2
تضرع,2
نیمه,2
غصه,2
زیادت,2
پیکان,2
بشکافت,2
پردههای,2
تابش,2
میسوخته,2
نورا,2
واقعهٔ,2
قلوبهم,2
قوی,2
لیزدادوا,2
ایمانا,2
ایمانهم,2
خاصیت,2
الاعلی,2
جزیل,2
حکما,2
ندای,2
جادهٔ,2
بشنوند,2
حیف,2
مینمود,2
آشنائی,2
شیوه,2
گرسنگی,2
تشنگی,2
معصوم,2
مجتبی,2
دینار,2
نیابند,2
مهلت,2
جوهر,2
خریدن,2
سرمایهٔ,2
ظالم,2
کباب,2
درپرید,2
درآویخت,2
خواران,2
بدرید,2
تفسیر,2
گفتندی,2
سن,2
طبیعتی,2
حیاتی,2
پوشیده,2
آماسیده,2
راح,2
درمی,2
ولاتحسبن,2
بل,2
احیاء,2
درچه,2
نوش,2
ماندیم,2
نگری,2
بینایان,2
میکشید,2
دیدن,2
میبینی,2
خاکی,2
پاکی,2
میرفتم,2
پیرهن,2
کشته_بود,2
بکشی,2
آزاد,2
سرمایه,2
بخشیم,2
حاکمی,2
ببندد,2
مظلوم,2
میآرند,2
عنها,2
جادوست,2
جفتی,2
مثال,2
اجزای,2
سویی,2
کاسه,2
دربست,2
احد,2
بایستید,2
شکست,2
سلاح,2
اذ,2
راویان,2
لشکرگاه,2
سلاحها,2
برکه,2
گریزم,2
سوگند,2
حربه,2
کشید,2
رفته_بود,2
نحن,2
راجعون,2
واقف,2
زخمی,2
مبارکش,2
میخورد,2
بکشم,2
عفو,2
مردان,2
گریان,2
دستها,2
کرده_بودند,2
پیغامبران,2
پیوند,2
مایی,2
تعزیت,2
شریک,2
میفرمایی,2
میبینیم,2
دستگیر,2
نادانی,2
برده,2
کبریت,2
گوگرد,2
آشنایی,2
امان,2
گذری,2
موجهای,2
حروف,2
یاسمین,2
گردانید,2
یبدل,2
سیئاتهم,2
حسنات,2
سقر,2
آوازهٔ,2
بشنید,2
دوان,2
بکش,2
مذهب,2
حقایق,2
گردنم,2
خلایقی,2
تدارک,2
مسخر,2
روشنی,2
موجود,2
قفص,2
پرد,2
اختیار,2
شریف,2
نبات,2
حاجت,2
آشیانه,2
نقل,2
بروم,2
فتنهٔ,2
مرغک,2
بمانی,2
دانهای,2
بنشیند,2
دزد,2
کسب,2
نشیند,2
نگرد,2
مینگرم,2
گربهٔ,2
جاسوسی,2
زهد,2
مغرب,2
رنجوری,2
فرستادندی,2
داروست,2
طبیبان,2
ملعون,2
چارهای,2
دامی,2
جوید,2
دیواری,2
رسند,2
بیگانگان,2
تختهٔ,2
برنخیزد,2
بیندازد,2
درنگرد,2
تلف,2
خر,2
عاقل,2
روشنتر,2
نگار,2
گلزار,2
گنج,2
دستان,2
مزاحمی,2
بما,2
میکشد,2
سرادقات,2
پردهٔ,2
مانع,2
وانگه,2
مگس,2
زاهدی,2
بردند,2
قول,2
بگذاشتند,2
نکردندی,2
الشیطان,2
موضع,2
نیایند,2
نیافت,2
خادمان,2
باور,2
دعای,2
عظیمی,2
احسنت,2
آویختند,2
مردمان,2
ودر,2
آلوده,2
خندد,2
بندد,2
بستانم,2
وفای,2
اخوه,2
گسسته,2
عاقلان,2
مهری,2
غرضی,2
پوسیده,2
صحیح,2
مطیع,2
درماندگی,2
آمنت,2
المسلمین,2
خواهی_که,2
بریدن,2
غرغره,2
بیگانگی,2
ولیک,2
محل,2
مایهٔ,2
تهلیل,2
فویل,2
مینمایند,2
داعیه,2
الباقیات,2
الصالحات,2
لفظ,2
عکس,2
فسادی,2
ببینی,2
شومی,2
فاذا,2
شنیدن,2
باریکی,2
نبرد,2
الغیب,2
زایل,2
مبر,2
خواندن,2
الطیر,2
عنقای,2
مستمع,2
گوینده,2
محرومی,2
بازیها,2
ونه,2
اندرونی,2
نصیحت,2
میگفتند,2
اندیشهٔ,2
گلشن,2
محفوظ,2
قلعه,2
ظفر,2
تشنگان,2
زهراب,2
ملت,2
مقرب,2
ترسی,2
ترس,2
شیاطین,2
نهٔ,2
قوتی,2
جالوت,2
شکسته,2
ممالیک,2
السؤال,2
عرض,2
الناصرین,2
حرف,2
اختلاف,2
نمیدانم,2
بال,2
نمیآید,2
نمرود,2
سالهای,2
نگوسار,2
دوستی,2
گشتند,2
معظم,2
تعظیم,2
میخواهید,2
دماغ,2
برآوردند,2
برخوان,2
الم,2
شبه,2
پرست,2
نگرند,2
نمیبینید,2
نمیکنید,2
زند,2
فوائده,2
موائده,2
بحسن,2
الطیبین,2
الطاهرین,2
آمدهاند,2
طغرای,2
ناصح,2
مفتی,2
مشفق,2
دعاگوی,2
دادهای,2
ختم,2
نشاید,2
مادری,2
حضور,2
دارالسلام,2
صراط,2
الخطاب,2
اغناه,2
بلامال,2
زهرهٔ,2
دیانت,2
چرب,2
حوادث,2
مخاطب,2
عتاب,2
الافلاک,2
رسالت,2
شمهای,2
فضایل,2
روایت,2
قمر,2
درر,2
مشعلهٔ,2
افلاک,2
صفهٔ,2
فراشان,2
نزده_بودند,2
گشتم,2
پایهٔ,2
ورای,2
صفحات,2
درس,2
خلیل,2
آمدهای,2
زنم,2
سرور,2
حلقه,2
بازرگانان,2
جانباز,2
تهمت,2
پرهیزگاری,2
مس,2
چین,2
خیز,2
کبر,2
المال,2
مبدع,2
کشیده,2
هنگی,2
پیشه,2
زمانه,2
فریب,2
بلندی,2
بتر,2
ضایع,2
سرمه,2
جویند,2
سامان,2
نویسند,2
اعظم,2
یمن,2
تراب,2
القبر,2
خاتم,2
کوس,2
لی,2
اوج,2
طوطی,2
درپیش,2
خضر,2
لااحب,2
وجودت,2
تلخ,2
زدی,2
پست,2
پسر,2
پرسد,2
تذرو,2
رنگین,2
مباش,2
خاکیان,2
انس,2
می‌گویی,2
انبان,2
پیرزنی,2
بریخت,2
وسخرناله,2
تاوان,2
نگردد,2
بروید,2
حبس,2
عما,2
ویل,2
گرم,2
مصلحت,2
عام,2
عمره,2
جوانی,2
بردی,2
داغ,2
عالمیان,2
تبلی,2
السرائر,2
خطرات,2
مکرو,2
مرصع,2
عافیت,2
دهدکه,2
مستی,2
خوری,2
زنار,2
میآیدکه,2
خلقی,2
پیک,2
تقدیس,2
روزن,2
دعوت,2
برکنارش,2
درگوشهٔ,2
وجودش,2
افتادهکه,2
آهنین,2
بازکرد,2
نقطهٔ,2
پیکی,2
خودگفت,2
هین,2
خمار,2
اجمعین,2
افاض,2
علینا,2
انعامه,2
الضیاء,2
الزوال,2
الفناء,2
تقدیر,2
العلماء,2
رسان,2
شوره,2
گشته_است,2
توفیق,2
خیل,2
بیکسان,2
الاخبار,2
اصبحت,2
فقال,2
اصبت,2
فالزم,2
حقیقتی,2
تشنه,2
عبد,2
نفی,2
اثبات,2
روزه,2
مبین,2
دارالملام,2
دستوری,2
طفلان,2
بگوکه,2
ابناء,2
یقولکیف,2
الزاهدین,2
الاعمال,2
حجی,2
بشریت,2
تابه,2
نظری,2
جوهری,2
صافی,2
دیوان,2
قدرتی,2
احب,2
میدانستند,2
گویدکه,2
قامت,2
ور,2
هفته,2
بگویدکه,2
عاشقیم,2
زانو,2
مفتاح,2
الدعاء,2
بهکوی,2
شادمان,2
یفرح,2
رحمتکه,2
صنعت,2
وگفتند,2
توکه,2
روکه,2
تقصیر,2
آنکسکه,2
اقرار,2
نبودی,2
بشنود,2
برتر,2
گام,2
ازگناه,2
روشنائی,2
انداختند,2
دلیل,2
برهان,2
زاغ,2
سپاه,2
معزول,2
لک,2
مشغولیم,2
الوهیت,2
زندۀ,2
نورنا,2
الفلک,2
مظهر,2
تبارک,2
تسلیماکثیرا,2
لقای,2
مرهم,2
تماشای,2
شبروان,2
اهبطوا,2
لله,2
وقع,2
اخرج,2
کلید,2
الست,2
رستند,2
خواجگی,2
میرسد,2
حواس,2
الرب,2
مردگان,2
زندگان,2
بدیشان,2
بارد,2
درو,2
اولیا,2
باریدن,2
دلهاست,2
شیرین‌تر,2
فلکی,2
هاشان,2
حجرۀ,2
رسیدند,2
بت,2
پنداشتی,2
نجویی,2
نباشی,2
آیدکه‌ای,2
لوح,2
نداندکه,2
دادکه,2
همهگل,2
آوردهاند,2
تیمار,2
میکوشید,2
برگرفتن,2
اکنونکه,2
گوسفندی,2
دنبهاش,2
ماده,2
عازمگفت,2
میخواستکه,2
عملهای,2
بکرد,2
درکدام,2
الاعتبار,2
الاعتذار,2
فروماند,2
بنگرید,2
معصیتهای,2
نبودکه,2
بالش,2
نبیند,2
اللهم,2
انت,2
خواستگفتن,2
آنگناه,2
ریگ,2
تواندکردن,2
تمار,2
بقصد,2
ربه,2
سلمان,2
شبان,2
الامان,2
خجالت,2
السلامگفت,2
حسنه,2
قلبی,2
الموت,2
اصعب,2
الذیکل,2
دولتیکه,2
ولقدکرمنا,2
شفاعت,2
خجل,2
مطیعان,2
انعام,2
صدف,2
قاهران,2
محروم,2
ساقی,2
اندیشه,2
بیفزا,2
عبدالله,2
ظهور,2
بیارید,2
زادگان,2
حیوة,2
العملکفارة,2
رجلان,2
ربانی,2
متعلم,2
النجاة,2
ریاض,2
الذکر,2
گوییکه,2
میخواهدکه,2
مرده_باشد,2
حس,2
آیی,2
اندیشیدیکه,2
فلانکس,2
سرپ,2
حلقههای,2
قلاوز,2
میشنود,2
بادست,2
ازین,2
شکرستان,2
چشیده,2
شبانگاهیکه,2
عبادتگاه,2
شبانگاه,2
شام,2
عذرگویم,2
هفتهای,2
همسایگان,2
گفتندکه,2
مزدوری,2
میاندیشید,2
میزنندکه,2
وگوسفندان,2
انداختیم,2
پرگیاه,2
گیاهها,2
شودکه,2
خزاین,2
الفت,2
رقم,2
لفی,2
ورد,2
خودکشد,2
جهنم,2
وحل,2
قرآنکریم,2
فردوس,2
القدیم,2
سقی,2
قوله,2
قدکان,2
الحرام,2
صلوة,2
هنگامه,2
نمانیم,2
درختکه,2
میگویدکه,2
دنی,2
فتدلی,2
اوادنی,2
مهیا,2
لایموت,2
بندهایکه,2
بندهکه,2
آورده_باشد,2
آویختهاند,2
هرچ,2
وچه,2
والله,2
صیر,2
نفوس,2
محبته,2
ذکره,2
صبره,2
معرفته,2
الرسل,2
خلقه,2
الحسن,2
ادبر,2
علوی,2
درگاه,2
بربسته,2
ویند,2
هنرهای,2
ممتاز,2
میبایستکه,2
میوه,2
بدانیکه,2
محتاج,2
المیزان,2
کاهی,2
جذب,2
سینهٔگرم,2
صاف,2
نهال,2
بریان,2
گوهری,2
ترشی,2
بدیدندی,2
محبوسان,2
اینگوهرها,2
بنمایند,2
تقاضاها,2
وگوشت,2
میانکشتزار,2
دنبه,2
مخفیا,2
گنجی,2
بیخود,2
ازکدام,2
یتیم,2
مکتب,2
زاویه,2
جنسیت,2
دروغی,2
قبولکند,2
هرجا,2
نقشهاستکه,2
احببت,2
بودهایم,2
میدانستیم,2
اینکیمیای,2
خواستمکهگنج,2
ظاهرکنم,2
پیداکنم,2
آهوست,2
حکمگرگ,2
بیندازیم,2
موران,2
آر,2
کرا,2
میکن,2
آوردیم,2
وکف,2
بکل,1
خطرة,1
قطرة,1
قالة,1
حالة,1
صفة,1
ینطرق,1
جواز,1
استحاله,1
فلیس,1
لأحد,1
أن,1
یخالف,1
حکمه,1
مثاله,1
اشعر,1
بالهیته,1
اضح,1
الدلاله,1
بوحدانیته,1
صادف,1
سداده,1
اعتداله,1
غلبت,1
قدرته,1
قدرة,1
مخلوق,1
احتیاله,1
وقضت,1
ارادته,1
ارادة,1
فانجح,1
سعیه,1
اصلح,1
باله,1
کشف,1
الشبهة,1
سره,1
لیشاهد,1
خذل,1
فاورده,1
الحیره,1
الجهاله,1
وضیع,1
وقته,1
فاحبط,1
اعماله,1
حرمه,1
لطفه,1
اکرامه,1
افضاله,1
باللواء,1
المنشور,1
الحسام,1
المشهور,1
لیخلص,1
ورطات,1
الهلک,1
الثبور,1
شمس,1
نبوته,1
محفوفة,1
برهط,1
کالبدور,1
انزل,1
شافیا,1
للقلوب,1
یضیء,1
اضاءة,1
النور,1
ارسله,1
جائتکم,1
موعظه,1
الصدور,1
مطبقون,1
عمی,1
صم,1
لایسمعون,1
ایعبدون,1
مالا,1
یخلق,1
شیئا,1
یخلقون,1
فشقی,1
بتکذیبه,1
المکذبون,1
سعد,1
بتصدیقه,1
المصدقون,1
سائر,1
آتشهای,1
بنشان,1
بچشان,1
ضمیردل,1
دامهای,1
سعت,1
توبازگشادهایم,1
کرامت,1
مکرم,1
عاطفت,1
بیدلان,1
مجمع,1
برتابخانهٔ,1
برمیآید,1
عطر,1
معطر,1
یوفیهم,1
بغیرحساب,1
چوبک,1
اجرای,1
درگذران,1
دشمنکامی,1
میبرند,1
خزانهٔ,1
پهنای,1
ابتدای,1
تذکیر,1
اخیار,1
بشیر,1
الانباء,1
العرب,1
والعجم,1
لافخر,1
دینهای,1
تقدم,1
شرفی,1
پوشیدهاند,1
درکونین,1
تابان,1
ولباس,1
زیبای,1
اشتری,1
المؤمنین,1
خریداری,1
کالهٔ,1
شدهٔ,1
نخرد,1
بهای,1
لیوفیهم,1
بمانند,1
مثلت,1
فروش,1
نیشابور,1
تموز,1
یخک,1
خریدار,1
گدازان,1
دردناک,1
میبارید,1
نخرید,1
گداختن,1
فروشان,1
بستیزهم,1
ندوانند,1
اللجاج,1
گشادهایم,1
ستیزه,1
آسیاش,1
ریزه,1
بنگرند,1
علامات,1
علامتها,1
چوبها,1
بردهام,1
سنگها,1
درهم,1
نامش,1
طلبند,1
صیادان,1
غوایت,1
قدمهای,1
بدایت,1
بکوبند,1
رانند,1
بگردانند,1
شهیدان,1
معاشران,1
ابدند,1
سرمد,1
حریف,1
انعم,1
الصدیقین,1
الشهداء,1
الصالحین,1
شهدا,1
عاملند,1
لیس,1
للانسان,1
ماسعی,1
اجرک,1
قدرتعبک,1
نصبک,1
موازینه,1
مزدوران,1
میداری,1
روزبیل,1
اجرت,1
میدهی,1
مالاتعلمون,1
یعزب,1
برسنگ,1
باریک,1
میافتد,1
میخیزد,1
بینای,1
می‌بیندش,1
دیجور,1
آهسته,1
اندازهٔ,1
کوشش,1
عاصیان,1
پرحسرت,1
وعدد,1
قطره‌های,1
چکان,1
انفاس,1
پاس,1
مسبحان,1
اقدام,1
باقدام,1
مالکان,1
رقصان,1
ترانه,1
گویانند,1
روند,1
بجان,1
سوارونه,1
پیاده,1
دلداده,1
زواده,1
نثار,1
نسخهٔ,1
نشمرده_باشد,1
ننوشته_باشد,1
نکتب,1
قدموا,1
آثارهم,1
شمرده_باشد,1
نوشته_باشد,1
قدمها,1
ودمها,1
ندمهای,1
اولیان,1
آخریان,1
عدلش,1
آماج,1
اصابت,1
منصفی,1
دهدو,1
وآن,1
وزمین,1
للعالمین,1
نشانستی,1
ترجمانستی,1
رهی,1
وبال,1
عیانستی,1
مسلم,1
هزاران,1
کاروانستی,1
ترجمان,1
عجم,1
کائنات,1
کوهسار,1
آبها,1
همدیگرکوه,1
ببرند,1
جیحونها,1
پیوندند,1
ارجعی,1
راضیه,1
دشوار,1
کوهساری,1
غاری,1
زنهاری,1
رامیبرد,1
میدواند,1
مقصدت,1
دریاست,1
دورست,1
اعدا,1
خواهی_رفتن,1
شوقی,1
تأثیرعنایت,1
وحملها,1
الانسان,1
ظلوما,1
جهولا,1
اندرین,1
میلرزند,1
فروماندن,1
عرضنا,1
الامانة,1
فابین,1
یحملنها,1
اشفقن,1
بلرزید,1
بترسید,1
کوهها,1
برنتابیم,1
رهروانم,1
بربست,1
شیری,1
کرمنا,1
جهانم,1
ترکش,1
ناتوانم,1
ضعیفان,1
ضعیفتر,1
ترم,1
گردانیدی,1
ننگرم,1
نگرم,1
ناضرة,1
ربهاناظرة,1
چوآمدروی,1
خودآن,1
گرمایهای,1
برو‌گر,1
سایه‌ای,1
چواوبامن,1
چومن,1
بااوسخن,1
چوموسی,1
لن,1
اوبامن,1
آنجاچون,1
بازآمدیم,1
وسر,1
لذتی,1
درطلب,1
می‌آیی,1
کرانه,1
غیبی,1
نمودی,1
دلدار,1
مشوش,1
هجرانش,1
سخنم,1
صلواة,1
وسخرنا,1
پرآورده,1
نتابد,1
غدوها,1
رواحها,1
اندیشه‌ای,1
بگذشت,1
درسجود,1
ایستاد,1
زوهستی,1
زحق,1
پریرویان,1
عقلانی,1
رویان,1
نفسانی,1
انگشتری,1
صلح,1
کارگه,1
دستگه,1
گازری,1
شیشههای,1
کوبهای,1
لرزد,1
شیشهها,1
شکند,1
تحبط,1
اعمالکم,1
انتم,1
لاتشعرون,1
نبینی,1
محبوس,1
سوداها,1
برآری,1
کجایی,1
میکوشی,1
بازآید,1
بان,1
مغیرا,1
انعمها,1
یغیروامابانفسهم,1
معطی,1
ملال,1
بخشایندهٔ,1
خدایم,1
بخشندهام,1
آفرینم,1
نعمتی,1
هرگزآن,1
معامله,1
تمامت,1
مدادا,1
لکلمات,1
لنفد,1
تنفد,1
کلمات,1
جئنا,1
بمثله,1
مددا,1
عندفساد,1
مشتاق,1
محجوب,1
ودل,1
میطپد,1
قطرههای,1
نمیشوند,1
بدأ,1
سیعود,1
درآمیختند,1
درآویختند,1
قطره‌ها,1
چارمیخ,1
دایگی,1
خیاطی,1
کفشگری,1
اخیی,1
سماع,1
چنگی,1
ویکی,1
ازدریاش,1
پهنا,1
یارو,1
پیشکار,1
دشتها,1
وادیها,1
سیلهای,1
بریدند,1
اوتنها,1
واحد,1
کالألف,1
عنی,1
قلیل,1
کثیر,1
شدوا,1
هزارقطره,1
میپرسی,1
خودامت,1
وصدهزار,1
یوسفم,1
ماهئی,1
فتاد,1
می‌طپد,1
شوریده,1
شیدا,1
ناپروا,1
ناپیدا,1
قرار,1
گرفته_باشد,1
نمیکند,1
میآویزد,1
درخاک,1
میآمیزد,1
ادبی,1
سیمین,1
مجوهر,1
اوعاشق,1
نمیبیند,1
سختتراست,1
مرحله,1
سبکرو,1
سلسلهٔ,1
چاهی,1
دشت,1
صورتش,1
افعئی,1
نقشش,1
ناقصان,1
کوبه,1
منافذ,1
ادراکات,1
سوزنی,1
دهنده,1
ناصحان,1
رویانند,1
چهرگانند,1
واتبعنا,1
لعنه,1
المقبوحین,1
زنگبار,1
زنگیند,1
همدیگرند,1
ولایتش,1
اجل,1
بچهرگان,1
نورانیند,1
کرام,1
برره,1
رومیان,1
خورند,1
زنگئی,1
بینیی,1
پخش,1
عیبش,1
ننهفت,1
زمینش,1
بفکندست,1
زنگبارش,1
بردهاند,1
سیاهئی,1
مالیده,1
عجبا,1
مالیدهاند,1
بیوم,1
بالنفس,1
اللوامه,1
میبودند,1
نرمند,1
ازواجکم,1
اولادکم,1
لکم,1
دخترچگان,1
لذتها,1
شربتهای,1
عدوی,1
آیید,1
بزدایید,1
همرنگ,1
سرخی,1
رویتان,1
بپوسد,1
جدایی,1
بجویید,1
تباه,1
یادگار,1
محیط,1
واحاطت,1
اصحاب,1
خالدون,1
طهور,1
برخیزند,1
رویها,1
برخیزد,1
بشوید,1
فاغسلوا,1
وجوهکم,1
روهافرو,1
شویند,1
رومیاند,1
اصلیند,1
سیاهتر,1
عیان,1
دنیای,1
مکارغدار,1
جوفروش,1
سیاههٔ,1
سپیده,1
برکرده,1
عجوزهٔ,1
خفاشی,1
وآفتاب,1
روزولیک,1
شعاع,1
خاطرند,1
روشنند,1
کرهای,1
چونکه,1
خوریم,1
صفیری,1
مادرچه,1
بیهده,1
ریش,1
سیاهرویی,1
میمالیم,1
طعنه,1
بیارای,1
جمیل,1
یحب,1
الجمال,1
اجرموا,1
یضحکون,1
موافقت,1
بارگه,1
هرجان,1
کوی,1
جاودان,1
خروش,1
عاشقانت,1
نمیتوان,1
بنالید,1
هرچیز,1
ذروهٔ,1
فرش,1
نسنجد,1
صوت,1
وصیت,1
کلبهای,1
تافت,1
کنگرهٔ,1
کلبهٔ,1
مشرب,1
عذب,1
عمرانات,1
بصرو,1
بصیرت,1
دیرینه,1
اقصای,1
بدرآید,1
صدره,1
للاسلام,1
مؤمنی,1
گزیدهام,1
بخریدهام,1
پسندیدهام,1
اوصاف,1
پسندیده,1
بخشیدهام,1
دقایق,1
پسندیدهٔ,1
آداب,1
اجتبا,1
اصطفا,1
بسرشتهام,1
وسع,1
قبیلند,1
اللهام,1
بخود,1
کرده‌ام,1
نگذاشتم,1
میکائیل,1
نکردم,1
صدرهٔ,1
کعبهٔ,1
الامور,1
اوسطها,1
قلاده,1
کنارها,1
آفتی,1
خزینهای,1
للأسلام,1
لام,1
تملیک,1
دانشها,1
عاریت,1
کنیزکان,1
گنده,1
پیران,1
حاجبه,1
شمشیرزن,1
خای,1
عصایی,1
دوازده,1
شاهراه,1
گذشتن,1
مریم,1
منکری,1
کفن,1
لنگ,1
مبتلا,1
بامدادی,1
خواندی,1
مهتاب,1
کعبه,1
طواف,1
می‌کرد,1
گرما,1
حسدش,1
گمراهان,1
ریزهها,1
برگرفته,1
سلام,1
میرساند,1
برکاته,1
گفته‌ایم,1
نگفته‌ایم,1
کلم,1
عقولهم,1
ادبار,1
زاده,1
آویزند,1
کیستم,1
راند,1
قویتر,1
کیستی,1
طایفه‌ای,1
سنگریزهها,1
بستیزه,1
لات,1
گفتندش,1
اگراین,1
بشکاف,1
مطهر,1
بخواان,1
مبارکت,1
چپش,1
بمردند,1
حیوانات,1
ایستادند,1
میلرزیدند,1
فراهم,1
اعادت,1
جانفزا,1
برفت,1
بجلدی,1
رابگرفت,1
شهرهای,1
ازاین,1
وفدها,1
کاروانها,1
نامه‌ها,1
بردوستان,1
اسمان,1
فاطر,1
گنبد,1
افروخته,1
وجعل,1
الشمس,1
ضیاء,1
آبا,1
اجداد,1
کتابی,1
ننوشتند,1
شهرها,1
امثال,1
روتر,1
مرض,1
فزادتهم,1
رجسا,1
رجسهم,1
آورده_بودند,1
دل‌تر,1
ایمان‌تر,1
میفشاند,1
جرم,1
ارکان,1
بخار,1
بخوان,1
ارشاد,1
جادهای,1
جلیل,1
واهب,1
دارای,1
جزوو,1
رازق,1
الاطلاق,1
باستحقاق,1
پژمرده,1
دورافتادگان,1
کاروانی,1
آنسوی,1
معتمد,1
مشفقانه,1
وغره,1
فتنههاست,1
حیرانی,1
مشفقانهٔ,1
خویشانه,1
میخواند,1
خواهند_که,1
غول,1
رهزن,1
بگذارم,1
گمراهی,1
گرمتر,1
غمخوار,1
نایستاد,1
نداد,1
برویم,1
آمده‌اند,1
دورند,1
عناد,1
نسق,1
بروند,1
بازگشتن,1
مراجعت,1
بمیرند,1
گرگان,1
دورافتادیم,1
بفرستد,1
مصطفای,1
رفتید,1
مپندار,1
می‌بگزاف,1
خروار,1
میراثی,1
بگزاف,1
ساعته,1
الیواقیت,1
تشتری,1
بالمواقیت,1
المواقیت,1
لاتشتری,1
بالیواقیت,1
قوتها,1
گوهرها,1
بدست,1
یواقیت,1
مواقیت,1
نخریدهای,1
ازآن,1
قدرش,1
نمیدانی,1
هندو,1
رایگانی,1
پنداشتید,1
زدیت,1
سوختید,1
میبودیت,1
میسوزیم,1
بدافتی,1
افتی,1
قصابی,1
نسیه,1
کودکی,1
نویسنده,1
فرمودی,1
یکپاره,1
بربود,1
چارکی,1
قصاب,1
اندیشیده_بود,1
درماند,1
قناره,1
نوشتم,1
اسفرواعلی,1
نویسم,1
سرخواهند,1
افتادیت,1
ائمهٔ,1
کشندهٔ,1
لیث,1
وغا,1
فرزندش,1
درنپوشیدی,1
توانا,1
میپوشیدی,1
مینهادی,1
ضعیفی,1
انداختهای,1
نمی‌بازد,1
متابعت,1
پروانه,1
ابراهیمی,1
مستسقی,1
می‌بیند,1
می‌پوشاند,1
نمی‌اندیشد,1
حمزه‌ام,1
شجاعت,1
مردی‌ها,1
می‌کردم,1
غریزت,1
میدیدم,1
آوردم,1
ودلم,1
زندگیهاست,1
مجرد,1
ارتیاح,1
می‌نوشند,1
می‌گیرند,1
آشامند,1
سراندازی,1
بیپای,1
میکوبند,1
قتلوا,1
امواتا,1
ربهم,1
راحتند,1
یرزقون,1
فرحین,1
میخورند,1
میآشامند,1
معده,1
نومیدان,1
شدهایت,1
بمانیم,1
آشامیدن,1
گرفتار,1
نگرید,1
کافرانه,1
مؤمنانه,1
شیرکی,1
اذامتنا,1
کناترابا,1
منزلها,1
قبلهٔ,1
زور,1
گذاره,1
دیده_است,1
پلیدست,1
آنی,1
میپوشیدم,1
می‌آیم,1
میروم,1
نپوید,1
گلرخ,1
نخسبد,1
بدهم,1
کینهها,1
میفریفتند,1
کنیزک,1
مومیبیند,1
رشوت,1
خطبهٔ,1
أحذرکم,1
فانها,1
غرارة,1
غداره,1
مکارة,1
سحاره,1
رابعه,1
خدمتکار,1
بخور,1
دهانم,1
نهید,1
معاذالله,1
ایندرم,1
جادو,1
بهمدیگر,1
فتنهای,1
بیندیشند,1
یتعلمون,1
منهمامایفرقون,1
المرء,1
زوجه,1
جداکنند,1
پیکر,1
زوج,1
پاینده,1
جفتش,1
آفاق,1
بباخت,1
طاقی,1
بوفاق,1
خواهی_یا,1
اوباشی,1
متفرق,1
نفساند,1
گوشه‌ای,1
اسخوان,1
طرفی,1
گزید,1
نیشی,1
پراکنده_شدند,1
خمره,1
ماندند,1
شده_بودیم,1
زجاجات,1
اتتنا,1
فرغا,1
ملئت,1
بصرف,1
الراح,1
خفت,1
وکادت,1
تطیر,1
بماحوت,1
وکذا,1
الجسوم,1
تخف,1
بالارواح,1
مالها,1
فریفته,1
حرب,1
باول,1
بشکستند,1
جماعت,1
فرموده_بود,1
مروید,1
غنیمتها,1
میستدند,1
اشتران,1
اسبان,1
غلامان,1
ایستادهایم,1
ستدن,1
نتوانیم,1
تأویل,1
کمینگاه,1
دربندها,1
ابوسفیان,1
درپوشیدی,1
برنشستی,1
کشته_شد,1
میدید,1
میپنداشت,1
میگریختند,1
برجایم,1
تصعدون,1
ولاتلون,1
الرسول,1
یدعوکم,1
اخریکم,1
ونشسته,1
نمیگریزی,1
میبایست,1
چنانش,1
گذشتیم,1
دوانیدن,1
نیمش,1
خوردند,1
مبارزان,1
براند,1
پنداشتیم,1
خطا,1
مبارز,1
کله‌های,1
تلها,1
جوقی,1
دررسیدند,1
بینداخت,1
کمرگاه,1
ازخ,1
ود,1
بقوت,1
رمقی,1
مانده_بود,1
بخشید,1
دیدار,1
قسمت,1
شادانیم,1
قسمنها,1
بینهم,1
انالله,1
ساق,1
خویشتنش,1
شکسته_بودند,1
کشته_شده_بودند,1
آستین,1
عوض,1
هلاک,1
حصر,1
دولتها,1
رسانیدیم,1
مکش,1
کشتگان,1
میگریستند,1
می‌فرمود,1
حمزهٔ,1
نمیگرید,1
سزاوارتری,1
بدانکه,1
برتو,1
گریند,1
پیامبر,1
گریست,1
شهیدی,1
ذریتش,1
نخواهد_شد,1
ملایکهٔ,1
همدگر,1
بندند,1
ایوب,1
صابر,1
پذیرد,1
آمرزیده,1
دودش,1
نوحه‌گری,1
می‌کردی,1
باعورتان,1
میگریستی,1
مردهٔ,1
تعزیتی,1
تعزیتهای,1
آیتهای,1
لایغفران,1
یشرک,1
مادون,1
یشاء,1
همباز,1
بیامرزد,1
خواهد_، ,1
رسانیدند,1
رسیده_است,1
انباز,1
خواهم_. ,1
دانم,1
نخواهی_خواستن,1
چشمهاش,1
بجوش,1
جویهای,1
مالامال,1
پرها,1
بازگشادند,1
مغفرت,1
گوهرهای,1
خواهد_انداختن,1
ولوله,1
عطابخش,1
عطاهای,1
بیعدد,1
رحمه,1
سوختهٔ,1
زندانیان,1
حزن,1
خونباران,1
گشتهاید,1
نواز,1
کارساز,1
گفته_بود,1
خواهم_؛ ,1
نفرمود,1
خواهم_، ,1
نیش,1
خواهم_جگر,1
جگرم,1
پرآتشی,1
میدارم,1
برگذرم,1
آلودهٔ,1
گناهم,1
اثیر,1
هیزمی,1
سعیر,1
رحیم,1
خندقهای,1
وفروغش,1
ریحان,1
شکوفه,1
معشوقه,1
بسامان,1
کفرش,1
فشاندی,1
تکبر,1
شکرافشان,1
صبرش,1
چاک,1
کنان,1
می‌بکشی,1
خلایق,1
نهادهام,1
توانستمی,1
کمند,1
لایزالی,1
افکندی,1
کشانم,1
بدترین,1
خلایقم,1
گلیمی‌گر,1
زیان,1
جرمی,1
کرمی,1
جنایتی,1
عنایتی,1
اهن,1
خدایی,1
بگزید,1
کلمهای,1
لطیفتر,1
شریفتر,1
گردم,1
خجلت,1
برم,1
لااله,1
مینهاد,1
سقف,1
عرصهٔ,1
منم,1
زادبیر,1
همراه,1
است‌گر,1
بگاه,1
نوزاده,1
مانده_باشند,1
پریده,1
جستن,1
ترسیده,1
بمانم,1
قفس,1
حریص,1
معدهاش,1
میسوزد,1
سوزش,1
جو,1
خوفی,1
صیاد,1
ضرر,1
پنجهٔ,1
گربهای,1
نبندند,1
احمق,1
زیرکان,1
براو,1
بخندند,1
مرغکی,1
بنگرد,1
یمین,1
یسار,1
بداندیش,1
صدیقی,1
پیوسته_بود,1
خمارش,1
سویدای,1
گلوی,1
منگر,1
اندربتان,1
نگرستن,1
گرستن,1
خرد,1
صیصا,1
عابدی,1
بخوردی,1
دانستندی,1
نکشیدی,1
معروف,1
بیکار,1
شده_بودند,1
حسود,1
میخایید,1
برهاندو,1
خامی,1
فرزندانش,1
نویس,1
شناس,1
گردانم,1
راستین,1
سفری,1
ماورای,1
زری,1
ویی,1
بدزدی,1
کاله,1
دوسوی,1
ایستاده_است,1
تبرهای,1
گرفتهاند,1
سرهای,1
تبر,1
ملامت,1
میپیوندد,1
بگشاید,1
حریفی,1
کنیزکی,1
نگشاید,1
میگشت,1
حسب,1
نسب,1
پرنمک,1
می‌گزید,1
قوادگی,1
جویندهٔ,1
جستنش,1
بیرزد,1
جوینده,1
یابنده,1
صیدهای,1
پشم,1
تیرها,1
کرای,1
بیر,1
زیدی,1
بیرزیدی,1
جنگش,1
ذوقش,1
آبستنتر,1
حسنش,1
مخمور,1
رنجورش,1
گنجور,1
سرمستش,1
شیوهٔ,1
غصهٔ,1
غارت,1
فلا,1
تعلم,1
اخفی,1
قره,1
اعین,1
جزاء,1
یعملون,1
میداند,1
خاطرش,1
رقعهٔ,1
قدوم,1
مقدمی,1
تااین,1
میگویم,1
میشنوید,1
شنو,1
میشنوند,1
کراما,1
کاتبین,1
یعلمون,1
ماتفعلون,1
وجودی,1
نمیپرد,1
نمیدرد,1
میمالند,1
آدمیی,1
وزد,1
کهٔ,1
پارهها,1
پارههای,1
ولاء,1
ذرهها,1
معلق,1
لوانزلنا,1
جبل,1
لرأیته,1
خاشعا,1
متصدعا,1
خشیة,1
نمیشود,1
عجایبی,1
مینویسد,1
برقرار,1
توبی,1
جویندگان,1
کنه,1
وادی,1
خبردهنده,1
دیار,1
مختل,1
اطبا,1
علاج,1
لباس,1
اگرخواهید,1
بربرصیصا,1
افسون,1
بخواند,1
ندیدند,1
شنیدند,1
دیوباری,1
اعتماد,1
بازآوردند,1
بازش,1
میاورید,1
مدید,1
نبرید,1
صدها,1
گفته‌اند,1
نمودهاند,1
وبازگشتند,1
صومعه,1
لاتخلوا,1
امرأة,1
رجل,1
ثالثهما,1
میانجی,1
القصة,1
بطولها,1
میل,1
متفکر,1
موجب,1
فکرت,1
بازگفت,1
دختررا,1
صورتی,1
بیافت,1
حاجبان,1
بیامدند,1
بازگشتند,1
بردیم,1
کشته_است,1
دفن,1
کاوید,1
ببینید,1
مینشست,1
وباز,1
آشفته,1
نرسیدم,1
خلاف,1
درشتی,1
یافته_بود,1
کاویدند,1
بستند,1
وریسمان,1
درگردن,1
مستجاب,1
شاباش,1
میترسیدی,1
کژدم,1
پرزهر,1
آوردندش,1
زیردار,1
نردبان,1
بنهادند,1
میانداختند,1
وهنوز,1
قادرم,1
اشارتی,1
نیت,1
گردنش,1
بری,1
خواندو,1
منفعت,1
خواهد_بودن,1
توییم,1
دمدمه,1
فاسد,1
غمخوارگی,1
یاری,1
هرآنکو,1
برتودلبندد,1
جزهمچون,1
تونااهلی,1
دلدارنپسندد,1
ورازنو,1
کیسه,1
عشقیرابهدستآری,1
شوخی,1
قباها,1
بردرد,1
کمرها,1
وگرتو,1
چشمت,1
گریدددگرچشمت,1
نخوری,1
المؤمنون,1
اخوتی,1
وبرادری,1
انداخته_است,1
دژم,1
عارضی,1
رسن,1
درآویزی,1
بسکلد,1
عرضی,1
یکفر,1
بالطاغوت,1
یؤمن,1
بالله,1
فقد,1
استمسک,1
بالعروه,1
الوثقی,1
جاهل,1
سفیه,1
کافر,1
اسباب,1
نکو,1
نگفت,1
بنواسرائیل,1
سرایی,1
تابستان,1
خریف,1
کاه,1
وقد,1
عصیت,1
ناهنگام,1
الغرغره,1
شایستهٔ,1
نبوده_باشد,1
مستقیم,1
کیفر,1
تصدیق,1
کتب,1
الایمان,1
لکن,1
تعلقی,1
دمیدن,1
مادهای,1
طیبه,1
رانی,1
بیفزاید,1
دردمی,1
غبار,1
للمصلین,1
صلوتهم,1
ساهون,1
یراؤن,1
درمیدمیم,1
پف,1
تف,1
میافروزد,1
تنورهٔ,1
قولهم,1
بافواههم,1
داعیهٔ,1
دانندهای,1
گردنده,1
گرداننده‌ای,1
مطیعی,1
خایف,1
مطبوخ,1
پخته_نشود,1
گفتهاند,1
الخوف,1
الرجاء,1
انثی,1
یتولد,1
تولد,1
تفهیم,1
درخوف,1
معطل,1
سستییی,1
صلاحی,1
ازحق,1
سؤالهاست,1
بتمام,1
صیقل,1
بناگوش,1
راترک,1
کرده_باشی,1
قرئ,1
فاستمعواله,1
وانصتوا,1
صحابهاید,1
لعلکم,1
ترحمون,1
اشکالها,1
بنگر,1
متکلمان,1
تصنیفها,1
رسانیدهاند,1
زیرک,1
نیامدهاند,1
وعنده,1
مفاتح,1
نشدند,1
کاملان,1
شطرنج,1
چنانکه‌گر,1
گینی,1
میخارد,1
که‌گر,1
خوشی‌گر,1
خوشی,1
حکیم,1
میمالم,1
مخار,1
میخاردت,1
خارشهای,1
مشرقی,1
مغربی,1
انکار,1
علتها,1
رنجوریها,1
ازدل,1
ایمانی,1
ننزل,1
للمؤمنین,1
گزارد,1
افسانه,1
نگفتندی,1
کردندی,1
معنیش,1
بودیمی,1
کأن,1
رؤوسنا,1
لطیفی,1
مقصودها,1
پریده_باشد,1
مویی,1
نجنبد,1
میدوانی,1
باکودکان,1
میدویدی,1
کودکان,1
حاصلی,1
نکردیی,1
گرفتئی,1
بگریختیی,1
دانستی,1
میدویدیم,1
کنندگان,1
بیرونش,1
ازگوش,1
درآیدبه,1
بپیوندد,1
نورسوی,1
ننشیند,1
بدیدن,1
مودت,1
احسان,1
عطایای,1
مخیله,1
بغض,1
قلعهٔ,1
سهو,1
عطلت,1
دزدان,1
نقاب,1
الأحبار,1
الرهبان,1
لیأکلون,1
اموال,1
بالباطل,1
یصدون,1
میفریباند,1
خنکی,1
حوض,1
کوثر,1
عابدان,1
آفت,1
اصنام,1
جهودان,1
ترسایان,1
برضلالت,1
بطلان,1
نباشند,1
مبشرات,1
بفرست,1
قایمان,1
صایمان,1
مجاهدان,1
سیاهپوش,1
واجلب,1
بخیلک,1
رجلک,1
سیصد,1
پیغام,1
معکم,1
فثبتوا,1
هزیمت,1
انگیزد,1
موسوس,1
ضعفای,1
تأیید,1
گردانند,1
جنگی,1
فهزموهم,1
باذن,1
اسیر,1
مستأصل,1
وقتل,1
داود,1
آتاه,1
پاکوفتهٔ,1
ثمن,1
النوال,1
ضعیفانهٔ,1
عاجزانهٔ,1
نوال,1
زوال,1
متلاقی,1
کران,1
ارزانی,1
اتفاق,1
مضمری,1
ابتدا,1
بندهٔ,1
میگیری,1
ازشیطان,1
میگیرم,1
گریزانم,1
ناقص,1
ابتر,1
بماندو,1
ثمرهای,1
امرذی,1
یبدأ,1
باسم,1
فهوابتر,1
فرماید,1
هرکاری,1
خطری,1
عزتی,1
فایدهای,1
نگیرد,1
جهد,1
خسارت,1
باورت,1
درنگر,1
شداد,1
آلت,1
عدت,1
بازو,1
بکوشیدند,1
اندیشدند,1
خزینههای,1
برخورداری,1
نگرفتند,1
کارخویش,1
کارهاشان,1
باژگونه,1
امیدهاشان,1
بدنام,1
پشه,1
حقیرتر,1
ننگین‌تر,1
هرکار,1
فدای,1
نامشان,1
دیدههای,1
بگشایند,1
بهلید,1
چست‌تر,1
افزون‌تر,1
مرغکان,1
ابابیل,1
پیلان,1
ترکیف,1
باصحاب,1
الفیل,1
کوری,1
منکرند,1
زیور,1
برهم,1
قرص,1
طوفان,1
قبیله,1
معمور,1
نشده_بود,1
نامدار,1
نشده_بودند,1
مینازیدند,1
نمیکردند,1
موجی,1
برآمده,1
چشمهای,1
پرستان,1
نشویند,1
لایمسه,1
الاالمطهرون,1
دیدهها,1
بگریید,1
نابینایی,1
میتوانم,1
نوحه‌گر,1
خواهم_بودن,1
حقیقتهای,1
درغرقاب,1
امیدوارانه,1
نوحهای,1
میدارند,1
نوحهٔ,1
ناامیدانه,1
اغرقوا,1
فادخلوا,1
نارا,1
فلم,1
یجدوا,1
انصارا,1
دلال,1
فقطع,1
دابر,1
القوم,1
ظلموا,1
رزقنا,1
عجائب,1
الفطر,1
الغالب,1
الکون,1
قضی,1
قسم,1
المواهب,1
البشرنافذ,1
مشیته,1
انقاد,1
زمام,1
الذل,1
تقدیره,1
استکان,1
کائن,1
میادین,1
صنعه,1
تدبیره,1
احمده,1
الحمد,1
مدعاه,1
لزواید,1
نعمه,1
اشکره,1
الشکر,1
مستزید,1
لغرائب,1
کرمه,1
الخلاق,1
المبعوث,1
مکارم,1
الاخلاق,1
الباعث,1
الناهی,1
اتباع,1
الهوی,1
الزلل,1
ازواجه,1
عبید,1
نیازمندان,1
نیازهای,1
نیتهای,1
سعادات,1
مرادات,1
الطاف,1
بازمگیر,1
خفتگان,1
تنبیه,1
شجرهٔ,1
ثمرهٔ,1
ملجاء,1
اقاصی,1
ادانی,1
نوائبش,1
قاعدهٔ,1
مستقیمش,1
حفظ,1
تائید,1
مؤسس,1
دولتش,1
نصر,1
فیروزی,1
بهروزی,1
اقالیم,1
ربع,1
مسکون,1
معدلت,1
وارکان,1
کلاه,1
مولانا,1
المله,1
نصیر,1
الملوک,1
السلاطین,1
قامع,1
البدعه,1
ناصر,1
الشریعه,1
منشی,1
النظر,1
البشر,1
مربی,1
داعی,1
آراستگی,1
دنیاوی,1
دعایی,1
فرض,1
حتم,1
نشو,1
نما,1
دهندهٔ,1
نهالند,1
افضال,1
آسوده,1
تربیت,1
بپروریدند,1
پراحسان,1
ناز,1
برحمتک,1
ارحم,1
الراحمین,1
یادش,1
علمای,1
اقامت,1
حدیثی,1
طیبهٔ,1
اولاد,1
مخلص,1
المستقیم,1
زندو,1
منهاج,1
قویم,1
سلوک,1
مدان,1
بحساب,1
عز,1
اعزه,1
بلاعشیرة,1
بالیسیر,1
الرزق,1
بالقلیل,1
ترجمهٔ,1
پارسی,1
امیرالمؤمنین,1
محتسب,1
درهٔ,1
امضای,1
اقتضای,1
طراری,1
جیب,1
بشکافد,1
لیفر,1
ظل,1
وفاق,1
صادقی,1
دهر,1
مداهنت,1
روغن,1
خیانت,1
نکرده_بود,1
طبعی,1
بگردد,1
میپریم,1
لولم,1
ابعث,1
لبعثت,1
حسبک,1
معاتب,1
اتبعک,1
محمدم,1
پیغامبری,1
حجرهٔ,1
نفرستادندی,1
عمری,1
اهمیت,1
بلغ,1
زمانیان,1
ممالک,1
خواجهٔ,1
مسالک,1
بستی,1
درسحرگاه,1
اتحاد,1
نوشید,1
قبای,1
استعداد,1
پوشید,1
گنجینهٔ,1
نامتناهی,1
بنشسته,1
بگرفته,1
زماه,1
گذریان,1
ننشسته_بودند,1
ولولهٔ,1
سمک,1
جنبیده,1
سماک,1
درخشیده,1
نقاشان,1
گچ,1
اندود,1
لاژوردی,1
نکشیده_بودند,1
فضای,1
عناصر,1
بیدای,1
ارسلناک,1
نوبت,1
نوبتیان,1
سراپردهٔ,1
ببوسد,1
مستخبران,1
استفسار,1
توده,1
حقه,1
مهره,1
پیشت,1
توکیل,1
درمن,1
یافته‌اند,1
ادریس,1
مؤانست,1
شیث,1
تبجیل,1
اسماعیل,1
خلت,1
رندان,1
محلت,1
مستان,1
خرابان,1
شرک,1
ادم,1
صدیقان,1
خموشان,1
ناطق,1
فرستاده_بودند,1
شاخگل,1
نوای,1
عاشقانه,1
بسراید,1
درج,1
بگشاد,1
نطع,1
عزالتقوی,1
ترسکاری,1
وکیمیای,1
سحارۀ,1
غدارۀ,1
مکارۀ,1
مشاهده,1
الهیت,1
محض,1
ربوبیت,1
توانگر,1
ببین,1
بخل,1
کین,1
نگین,1
عدو,1
سوسن,1
پیرایهٔ,1
عاملان,1
کثرت,1
زلال,1
الغنی,1
غنی,1
القلب,1
لاغنی,1
دیناری,1
ابداع,1
گلغونهٔ,1
حمرت,1
برصفحات,1
ضرابان,1
رعنا,1
نقشی,1
دایرهای,1
کورهٔ,1
درآورده,1
گشتن,1
عشقبازی,1
دوش,1
بالین,1
غیرتش,1
بکوبم,1
سروپای,1
شبگرد,1
الضرب,1
سبیکهٔ,1
نیازدارند,1
فاعتبروا,1
اولی,1
الابصار,1
لعبت,1
روباهی,1
بیشهای,1
طبلی,1
بجستی,1
رسیدی,1
درخور,1
بکوشید,1
حیلهٔ,1
خارها,1
چربویی,1
صیدم,1
بشد,1
درید,1
چشمان,1
کشیدگان,1
بیشهٔ,1
پروای,1
سوری,1
قربان,1
پلنگ,1
پیروز,1
عندلیب,1
طاووس,1
درنگ,1
کاینجا,1
آواست,1
صادقان,1
ازکان,1
وزر,1
حسین,1
منصوروار,1
بازند,1
ابا,1
یزید,1
سبحانی,1
شأنی,1
چمن,1
اینگل,1
چیند,1
لأجد,1
الیمن,1
مجنون,1
بغمز,1
ارادوالیخفواقبرها,1
محبها,1
فطیب,1
راهرونده,1
کاهل,1
می‌برم,1
می‌آورم,1
هب,1
می‌زنم,1
اناالله,1
میپرم,1
می‌نهم,1
مییابم,1
میبرم,1
وجهان,1
معذورم,1
میننگرم,1
عقلم,1
تلقین,1
میآورم,1
تابخانهٔ,1
نزهتم,1
منظرم,1
ساختم,1
آیینهٔ,1
نایدت,1
اسکندرم,1
نعبدالاصنام,1
الآفلین,1
رهبرم,1
درقلادۀ,1
نژادان,1
مهره‌ام,1
طویلهٔ,1
شیرمردان,1
قیمتی‌تر,1
گوهرم,1
کویها,1
نقدها,1
نبهره,1
نمیدانیکه,1
اینکار,1
کردنی,1
نیگفتنی,1
گذاشتنی,1
داشتنی,1
میآرندکه,1
آشناگشت,1
عیب,1
بیناگشت,1
درباخت,1
ابراهیما,1
افتادت,1
دق,1
رق,1
بگداختی,1
حرارت,1
مرارت,1
هجر,1
مسلسل,1
بلخ,1
صبوری,1
شه,1
حالگدانیست,1
سرافکند,1
صبا,1
شبدیز,1
درافکند,1
دادیش,1
بویش,1
مستیش,1
برافکند,1
سرکوی,1
تحیر,1
مسکین,1
ملکت,1
بلقیش,1
شکوه,1
غوغای,1
ندایی,1
جاویدان,1
درآ,1
برآ,1
منعم,1
میطلبی,1
عاشقیکن,1
یعقوب,1
چندی,1
غایب,1
اقلیم,1
سفرکرد,1
دوران,1
ولشکر,1
بامدادکه,1
دریچهٔ,1
عقبهٔکوه,1
برکردی,1
قراب,1
برکشیدی,1
بخشیدی,1
جن,1
میآمدند,1
درگذاشته,1
گرگ,1
میش,1
آشناگشتهکه,1
شاهین,1
نقار,1
باقیکردهکه,1
موری,1
جوف,1
صخرۀ,1
صما,1
غمی,1
مضمون,1
حرکاتش,1
بشنیدی,1
بدانستی,1
توسنی,1
سرعت,1
تهور,1
تظلم,1
آمدکه‌ای,1
ولیعهد,1
فیصل,1
اعاجیب,1
مقامات,1
مهمات,1
درویشم,1
بادکه,1
ویرسل,1
الریاح,1
نامحسوس,1
آردم,1
ادبکن,1
رست,1
بیوه,1
ضمان,1
غرامت,1
زنبیل,1
بافی,1
مکلف,1
الیوم,1
ظالمانی,1
نخواهدگذاشتن,1
غافلا,1
الظالمون,1
خان,1
الامیر,1
وکاتباه,1
داهی,1
لقاضی,1
فلیتک,1
تحلووالحیاة,1
مریره,1
ولیتک,1
ترضی,1
والانام,1
غضاب,1
ولیت,1
بینک,1
عامر,1
وبینی,1
صح,1
الود,1
فالمال,1
وکل,1
التراب,1
صوفئی,1
کای,1
زما,1
آشام,1
روستا,1
پرزبی,1
نوایی,1
مسجدی,1
گدایی,1
توگر,1
کوفی,1
صجری,1
همیگفت‌های‌های‌گری,1
حلم,1
نوشکرد,1
خواهند_کهتران,1
نز,1
استخفاف,1
بخشودم,1
آنت,1
بخشیدم,1
مالش,1
ستم,1
آفتابی,1
خفاشکی,1
وگنج,1
خفاش,1
ذوالجلالکه,1
برندارند,1
لایرفع,1
المومن,1
قدما,1
یسال,1
ثلث,1
افناه,1
شبابه,1
ابلاه,1
اکتسبه,1
انفقه,1
فردای,1
نگذارند,1
سئوالکنندکه,1
گذاشتی,1
جمعکردی,1
عزل,1
برگوش,1
مدعیان,1
دردهندکه,1
پردهها,1
برداریم,1
آریم,1
زبانها,1
حریقان,1
غریقان,1
قلزم,1
فسق,1
زلات,1
هزل,1
هذیان,1
طامات,1
عادات,1
الهرب,1
رباط,1
آفات,1
بفرستید,1
رمیم,1
رفات,1
زنید,1
برکشید,1
رایات,1
دوزید,1
وصلات,1
وظیفهٔ,1
میقات,1
زرگر,1
حلیهٔ,1
اوقات,1
معذرت,1
بپذیر,1
قلادۀ,1
پوینده,1
بیماریش,1
شکرنوشکن,1
بدرودکند,1
تبرا,1
خانهای,1
دریاکند,1
چشد,1
درنزنی,1
قرأ,1
المقری,1
بیار,1
مقری,1
سلاسل,1
جلاجل,1
الحان,1
بجنبان,1
مسبب,1
الاسباب,1
لعباده,1
مفتح,1
الابواب,1
ورضیت,1
بالرحمن,1
محسنا,1
فهو,1
یعطی,1
رجوت,1
مغفره,1
المرتجی,1
عندالذنوب,1
الغافر,1
التواب,1
هواپرستی,1
گشادی,1
ببستی,1
عهدی,1
شکستی,1
چراکنی,1
شکایت,1
عنا,1
تنگدستی,1
ندارت,1
رستگاری,1
فیض,1
ذلی,1
ازکمال,1
بقای,1
مشیت,1
فنای,1
ارادت,1
عزیزی,1
آراستهٔ,1
خلعتکرم,1
ذلیلی,1
خستهٔ,1
باریککه,1
برمیان,1
وهو,1
العزیز,1
القدیر,1
ریشهٔ,1
طیلسانکه,1
برکتف,1
اللطیف,1
الخبیر,1
بازستد,1
بشنیدکه,1
سبا,1
خودکرده,1
بنوشت,1
خطکه,1
رسولی,1
آنگمراهان,1
منقطعان,1
بادیهٔ,1
پرفر,1
طیرانکرد,1
کنگرۀ,1
ایوان,1
روزنی,1
بازگشاده,1
اشتیاق,1
درجست,1
لرزه,1
بیدارکند,1
خصمی,1
ایوانهای,1
حصین,1
درگذرد,1
وکسی,1
متحیر,1
سطری,1
نبشه,1
بای,1
صمیم,1
میم,1
شعلهای,1
کبک,1
بباید,1
بمالید,1
وگرد,1
بدینکوچکی,1
پیغامی,1
اندیشهای,1
طرب,1
نیکوان,1
ازکعبه,1
شاهدی,1
جرعهای,1
ماهشیار,1
زاب,1
بنشانیم,1
تودۀ,1
ترکتازی,1
شکنیم,1
مزاج,1
نفعنا,1
ایانا,1
ایاکم,1
کلامه,1
عمیم,1
المتوحد,1
بالکبریاء,1
المتفرد,1
بخلق,1
الاشیاء,1
مولج,1
محیی,1
الاموات,1
ممیت,1
الاحیاء,1
تعزز,1
بالمجد,1
الثناء,1
قدمه,1
منزه,1
الابتداء,1
بقاؤه,1
توهم,1
الانتهاء,1
غرقت,1
بحار,1
سرمدیته,1
عقول,1
العقلا,1
برقت,1
وصف,1
صمدیته,1
علوم,1
امام,1
الاتقیاء,1
الأمة,1
الجزاء,1
عرج,1
الکرامه,1
الاصطفاء,1
الصدق,1
الوفاء,1
عمربن,1
المراء,1
الحلم,1
الحیاء,1
ابیطالب,1
السیف,1
السخاء,1
الامناء,1
وکثیرا,1
تحف,1
تحیات,1
صلات,1
بیضههای,1
آسیب,1
چنگال,1
ماهرویان,1
کاهربایی,1
ربوده,1
گشتهٔ,1
طیب,1
وسوسهها,1
کوب,1
مزین,1
تابهٔ,1
صدمهٔ,1
سنگین,1
خواهد_رفتن,1
شاخهای,1
بنما,1
تادر,1
نشاط,1
اکراه,1
قدمم,1
خواهی_از,1
رهاییم,1
آشناییم,1
ستانی,1
دمکه,1
قرین,1
نورگردم,1
دورگردم,1
نهکز,1
رختها,1
نهانی,1
ایکس,1
چندکنم,1
مرگم,1
بنگرم,1
آنچنانکه,1
رای,1
خوردگهی,1
خوابگاهی,1
خوابگهی,1
شاهی,1
والناشطات,1
نشطا,1
مقالات,1
المختار,1
لحارثه,1
صباح,1
مومنا,1
لکل,1
حقیقه,1
حقیقة,1
ایمانک,1
عزلت,1
فاظماءت,1
نهاری,1
اسهرت,1
لیلی,1
فکاءنی,1
بارزا,1
وکانی,1
یتزاورون,1
یتغاوون,1
وقال,1
عبدا,1
حارثهکرد,1
برخاستی,1
برخاستم,1
حقیقی,1
تقلید,1
جایکه,1
احرار,1
نشینند,1
نشستیم,1
وان,1
ابرار,1
گزیدند,1
گزیدیم,1
صدگونه,1
وبالیم,1
خریدیم,1
مارا,1
المنة,1
للهکه,1
رسیدیم,1
نشانی,1
علامتی,1
صبرکردم,1
معین,1
رحمان,1
میبینند,1
زیارت,1
میگیرند,1
غریو,1
فریادشان,1
میشنوم,1
یارانکرد,1
عزو,1
بینان,1
بازکن,1
نشینان,1
کشیده_است,1
گردانیده,1
هستیت,1
بسوزی,1
ریاضت,1
ورطه,1
بعیان,1
آوردکه,1
نمیبینند,1
نمیشنوند,1
بیدارکردکه,1
نهادی,1
تمامگردان,1
پرید,1
توتو,1
میپندارندکه,1
توتوی,1
ندانندکه,1
گوشهٔ,1
ویرانه,1
مگوکه,1
چنینکردم,1
چنانکردم,1
خداوندیکه,1
منورکرد,1
مسترکرد,1
جنبش,1
لاتکونوامن,1
وکونوا,1
الازل,1
زاهدان,1
اندیشندک,1
اندیشند,1
از‌های,1
نیندیشند,1
هورا,1
اصنع,1
یصنع,1
محن,1
تند,1
نگروم,1
دائما,1
اضمحلال,1
صحوة,1
سکرة,1
الاجلال,1
متکا,1
مطمح,1
لدی,1
الواحد,1
ذایری,1
نفسه,1
بفعل,1
للحق,1
السر,1
مدی,1
هادم,1
المحدود,1
یفنی,1
البقاء,1
سماء,1
طارفوق,1
ذا,1
الفرش,1
همة,1
العرش,1
مهی,1
بنمود,1
بنماند,1
اثری,1
التفاتی,1
علل,1
ثری,1
متلاشی,1
متحلی,1
حلل,1
کالبد,1
جانوری,1
قناعت,1
رودگر,1
اوشدد‌گری,1
اندکه,1
رعیت,1
پرسی,1
برداد,1
قلمکه,1
مدبرات,1
تعلیمکرده,1
قلمشان,1
نرفتی,1
تزویر,1
شکنی,1
نبودیکهگرد,1
دفتر,1
قلمشانگشتی,1
دفترهای,1
رزم,1
آهنیم,1
موم,1
مبارکیم,1
غلامی,1
پا‌تر,1
مقربتر,1
اوگفتی,1
نگفتی,1
خلعتها,1
جامگیهای,1
میخاییدند,1
غضب,1
حمیتکه,1
قالوا,1
لیوسف,1
ابینامنا,1
چونکسی,1
بدکسیگوید,1
عداوت,1
بنویسند,1
نابینایان,1
همگمان,1
بینانند,1
می‌دانند,1
پردە,1
ندرانند,1
سان,1
می‌رانند,1
درگفت,1
بداندیشی,1
بدگویی,1
می‌دیدند,1
لابد,1
درچشم,1
منافقانکه,1
ولتعرفنهم,1
لحن,1
القول,1
نادانسته,1
زیبایی,1
درگنجایی,1
رسوائی,1
توبهکند,1
میجوشیدندکه,1
چهکنیم,1
حاکم,1
شبگوید,1
خطاست,1
سرو,1
دوتا,1
جننا,1
بلیلی,1
بغیرنا,1
اخری,1
مجنونة,1
لانریدها,1
صیقلی,1
دماغ‌تر,1
صبرتر,1
سرکنم,1
سرشک,1
چراگلگون,1
پرسیدی,1
خونابهٔ,1
میریخت,1
کارم,1
زغم,1
دودم,1
چونکارد,1
صبرکنکه,1
الصبر,1
الفرج,1
وقتکدام,1
وگشاده,1
اغتنموا,1
عندالرقه,1
ساعتکه,1
دلهای,1
دیده‌های,1
سوزی,1
داریدکه,1
حاجت‌ها,1
زانک,1
ندیدهای,1
بتوبة,1
المؤمن,1
بگریزاند,1
شکارکند,1
نطعی,1
مات,1
بداری,1
ودرهای,1
خدمتش,1
راکشتی,1
عادتکرم,1
مدتهاستکه,1
ریسمان,1
ماگره,1
برگره,1
رشتهٔ,1
تب,1
دودآلود,1
شفق,1
بیاموزکنون,1
بیاموخته‌ای,1
دریدن,1
رس,1
درافتاد,1
صبرگزیدیدم,1
شکاری,1
خفه,1
طپیدن,1
چشیدن,1
نیاریم,1
غمت,1
یکبار,1
زیراکه,1
مزیدن,1
بشنو,1
کارزد,1
توایم,1
عزیزتر,1
نمیداریم,1
چنگ,1
جانبازیهای,1
دیدهای,1
برگزیدهای,1
بندگیت,1
دلت,1
درنمیآید,1
خبرکن,1
بکوشیم,1
بنماییم,1
نتوانید,1
سخنور,1
کاین,1
کاسرار,1
تانشان,1
صغریش,1
قعر,1
مشامی,1
بویی,1
کشد,1
مشک,1
تبت,1
عود,1
معنبر,1
عبره,1
خواهدکرد,1
سرا,1
معبر,1
عطار,1
نقشین,1
اختر,1
امتحانکن,1
عهده,1
نیاییم,1
بشناسیم,1
بدانیم,1
خودکنیم,1
زیست,1
خودگیرد,1
مستغفر,1
عادلگفته,1
ایدیکم,1
الاسری,1
یعلم,1
قلوبکم,1
یؤتکم,1
مما,1
اخذ,1
منکم,1
اسیران,1
بستگان,1
نافذ,1
اسیرید,1
یاوه,1
نمیدارد,1
سهلکاری,1
نگریم,1
سرکارهای,1
خوشترکار,1
سجدهکردند,1
خودگشادند,1
صلاح,1
ماکوی,1
فضلی,1
صفکشیدند,1
مسی,1
بپالوی,1
می‌لافی,1
گردی,1
حاجب,1
آنجاست,1
ازکو,1
دراندازند,1
چنانکردند,1
بانگهای,1
زلزله,1
نگریستندکه,1
ماندکه,1
سیمای,1
امیرانند,1
آسمانند,1
لایعصون,1
امرهم,1
اقطاع,1
اتجعل,1
یفسد,1
آوریکه,1
نسبح,1
بحمدک,1
نقدس,1
خدمتی,1
میدانم,1
معراج,1
جلوه,1
غرایب,1
جلوهکردند,1
برنگرفت,1
مازاغ,1
یکسان,1
صحبتت,1
خدمتت,1
آفتابت,1
قفا,1
خواهی_آن,1
فاش,1
برگشایم,1
هرکسی,1
والحمدلله,1
آخرا,1
صل,1
اسراره,1
لاالله,1
بمشرق,1
انواره,1
مقدر,1
الکائنات,1
مافیها,1
مدبر,1
الموجودات,1
باریها,1
معید,1
الخلایق,1
صعید,1
الحشر,1
لیوم,1
النشر,1
مبدیها,1
مجری,1
الدوارفی,1
لجة,1
الخضراء,1
الماء,1
مزجیها,1
کتائب,1
السحائب,1
اکناف,1
الهواء,1
منشیها,1
سلت,1
البروق,1
سیوفها,1
اعجاز,1
العوادی,1
هوادیها,1
ارسلت,1
سهام,1
الاقطار,1
اغراض,1
الاوطار,1
مرامیها,1
نادی,1
خطیب,1
الرعد,1
منبر,1
الغیم,1
مجریها,1
مرسیها,1
العلیم,1
لایعزب,1
علمه,1
الاقلام,1
مدارجهاو,1
لاخطوات,1
الاقدام,1
مجاریها,1
البصیر,1
لایخفی,1
بصره,1
الدرر,1
اعطاف,1
الاصداف,1
مطاویها,1
السمیع,1
یسمع,1
اصوات,1
الانام,1
غلبات,1
دیاجیها,1
ترصیع,1
الالحان,1
الاطیار,1
اغصان,1
الاشجار,1
مراقیها,1
المتکلم,1
بکلام,1
قدیمی,1
ازلی,1
نغمات,1
اللغات,1
حرکات,1
اللهجات,1
رسوم,1
رفع,1
ظروف,1
یوالیها,1
القراءة,1
تالیها,1
بهکشتی,1
اجتهاد,1
عبور,1
میجویند,1
برسان,1
دردمندان,1
روزیگردان,1
ازهار,1
غیبگشادهگردان,1
ازگمراهی,1
بیراهی,1
محبوسکردی,1
بهکمالی,1
دامگاه,1
گشاد,1
خیرالناصرین,1
ابتدایکلام,1
پیام,1
الاخیار,1
عبادا,1
امجادا,1
محلهم,1
الارضکمحل,1
المطران,1
البروان,1
الدر,1
مصلح,1
رهنمای,1
قاصی,1
طباق,1
بیکیف,1
بندگانند,1
پاک‌تر,1
ربودۀ,1
الستند,1
پایند,1
جانگشاده,1
دستند,1
بیخودی,1
چشیدند,1
غین,1
نبستند,1
چالاک,1
حدوث,1
جستند,1
برخاسته,1
تصدر,1
نشستند,1
طرفهکه,1
طایفهاند,1
توحید,1
شایسته,1
قربگرداند,1
بچشاند,1
باطنش,1
صافیکند,1
اغیار,1
اوگنجایی,1
مشاهد,1
خفیگردد,1
مقدور,1
قادر,1
مصنوعات,1
ملولگردد,1
اوگذر,1
تنش,1
هیجان,1
معبود,1
مینازد,1
میگدازد,1
اعراض,1
اعتراض,1
بمیرد,1
ظاهرش,1
اعضاش,1
طبیعتش,1
ممتنعگردد,1
تغیر,1
بودولیکن,1
اموات,1
عالمند,1
بلاها,1
زینهار,1
خلقند,1
بسته_شود,1
بارانند,1
هرجاکه,1
بارند,1
صدفها,1
درکند,1
رویاند,1
برکات,1
آراستهگردد,1
مرحمت,1
صدقات,1
مسجدها,1
منارها,1
معبدها,1
پلها,1
رباطها,1
غیرآن,1
دزدیدهاند,1
آموختهاند,1
زندهگردانیدن,1
نوعروس,1
عزیزانکه,1
عینند,1
خرابات,1
قوسینند,1
عقبهٔ,1
مجاهده‌اند,1
مشاهده‌اند,1
بادهاند,1
جسمشان,1
اسمشان,1
خمشانی,1
بآیین‌تر,1
ترشانی,1
قند,1
جانفروشان,1
پوشان,1
خانقاه,1
افتقار,1
وله,1
لاشده,1
همیکرد,1
رفیق,1
سقیم,1
پیشم,1
خموش,1
جاکه,1
لایجوز,1
یجوز,1
ساکن,1
بیرونکردند,1
اجسام,1
الاترک,1
درنگریستند,1
ترسایی,1
ثالث,1
ثلاثه,1
برگردن,1
ولاتقولوا,1
بشنیدند,1
داشتندکه,1
می‌خوردم,1
پیمانهٔ,1
شدمکه,1
دیوانهٔ,1
دودی,1
پروانهٔ,1
ینبوع,1
قدس,1
طالع,1
حسن,1
تنا,1
پویی,1
دلا,1
ندانی,1
جویی,1
رهروان,1
لافگاه,1
عاشقیکفر,1
رعناست,1
خویی,1
انگاشتستیکه,1
سبویی,1
اویی,1
نطفه,1
علقه,1
مضغه,1
مسلط,1
مادرانکه,1
الارحام,1
نقشکن,1
برداشته,1
بایستد,1
نقاشیکند,1
عزوجل,1
تمامگشت,1
ترکیبکند,1
رزق,1
بنویسکه,1
شقی,1
سعید,1
بیافرید,1
سرشکه,1
ازگل,1
فضلها,1
تاکشتشان,1
دانهها,1
آکنده,1
درودن,1
سوختند,1
سوختن,1
دخل,1
دریغشان,1
درگذشت,1
بتعجب,1
بردارد,1
بجنبانید,1
نتوانست,1
وگرانتر,1
میتواند,1
پنجکس,1
میداشتند,1
پشتگوسفند,1
یکیگوسفند,1
پستانگوسفند,1
میدوشید,1
سرویگوسفند,1
دستگرفته,1
پرسیدن,1
پیری,1
راکشتکرده,1
مثالی,1
بنماید,1
قومیاندکه,1
طاعتهاکرده,1
آخرکار,1
مفسدهها,1
حبطهکرد,1
ماعلموا,1
فجعلناه,1
هباء,1
منثورا,1
پیرگفت,1
یکگناهکرد,1
میترسید,1
برداشتن,1
اندیشیدنگناهی,1
سبکتر,1
میجنبانید,1
جنبانید,1
همهٔگناهها,1
گفته_شد,1
آنگوسفند,1
دنیاست,1
پادشاهانند,1
آنکهگوسفند,1
درویشانند,1
چیزیگدایی,1
استکهکارش,1
اجلش,1
نمانده_است,1
چندت,1
بوک,1
پیرهنکفن,1
دیدیکه,1
شاخگوسفند,1
مشقت,1
پستانش,1
میدوشیدند,1
آنهاستکه,1
بیوقتگویند,1
بچگانندکه,1
مادرند,1
سروچشم,1
بصر,1
بفروش,1
بخر,1
زبانگویا,1
مینبرند,1
فهمکردم,1
آنچهگفتی,1
فلانهکه,1
محله,1
هوس,1
تفکرد,1
بدبخت,1
پندهات,1
مثلهات,1
نمودند,1
الموتم,1
نمودم,1
جانت,1
ندهمکه,1
آغازکرد,1
گداختنگرفت,1
قبضکرد,1
بفرمان,1
پندگیرید,1
سیاهیتانگرفته,1
خواهید_ای,1
سپیدیتان,1
دمیده,1
عذار,1
آنکاین,1
ازآنکاینچشم,1
زکار,1
بودندکزگردون,1
تیرشان,1
پروین,1
گسل,1
سنان,1
جوزاگذار,1
بنات,1
النعش,1
تیرهاشان,1
تارتار,1
ورحمانی,1
روزشمار,1
صدمت,1
صور,1
سرافیلی,1
خوبت,1
سیرت,1
آشکار,1
سیرتی,1
غالب,1
تصویر,1
حشرت,1
سرگناه,1
بازنگردد,1
بازرگان,1
سودمندتر,1
دوری,1
نزدیکی,1
شادمانهتر,1
زانوی,1
وروی,1
نهالین,1
خودکند,1
بخسبد,1
رفته_باشد,1
توشهٔ,1
قماش,1
وگاهی,1
بنهد,1
همانجا,1
راگم,1
مهار,1
عبدک,1
بارگفت,1
عبدی,1
خطاکرد,1
غلطکرد,1
مردیکه,1
شادتر,1
تائب,1
بودکهگناهکند,1
ایستاده_بود,1
نامهٔگناه,1
دوزخگیرد,1
راگویند,1
برخواند,1
نصوحکردو,1
مبدلگردانید,1
مومکرد,1
مرغگردانید,1
حیض,1
فرزندانگردانید,1
معصیتها,1
مبدل,1
سلمگفت,1
خرما,1
فروختی,1
خرمای,1
بوسه,1
بدکاریکردی,1
عاصیگشتی,1
خواهر,1
خیانتکردی,1
نودانیکه,1
درمانگناه,1
میبایدکردن,1
نصوح,1
والذین,1
فعلوا,1
فاحشه,1
اوظلموا,1
ذکروا,1
فاستغفر,1
والذنوبهم,1
درشأن,1
بهلول,1
نباش,1
جابر,1
عبدالرحمن,1
انصارگذرکرد,1
افتادکه,1
میشست,1
بایستاد,1
مینگریست,1
نبایدکه,1
فرستد,1
رسولعلیه,1
بدانکوهکه,1
شبانه,1
بانکوه,1
زاری,1
میپرسید,1
نمیآمد,1
تاکافرانگفتند,1
ودعه,1
قلاه,1
فارسی,1
عنهما,1
بفرستادکه,1
آرید,1
دقاقه,1
میطلبید,1
مینالدکه,1
بستدی,1
بهکوه,1
گذشته_بود,1
یالیتنی,1
قبضت,1
روحی,1
الاوراح,1
تلاشت,1
جسدی,1
الاجساد,1
بگرفتگفت,1
الخلاص,1
الاوزار,1
قران,1
بیفتاد,1
پرتو,1
بازیافت,1
تشویرگناه,1
گریختم,1
آیتی,1
آموزم,1
تراکه,1
بیامرزند,1
آتنا,1
الاخره,1
قنا,1
بلکلام,1
نزار,1
سروی,1
درکنار,1
درگذرانیم,1
دنیاگذشت,1
نمازکردند,1
ناوک,1
دوز,1
اجلت,1
دمید,1
کتبت,1
الفواد,1
معذب,1
جمر,1
الرضا,1
یتقلب,1
وکنت,1
اظن,1
فرقة,1
ففرقتکم,1
عندی,1
اشد,1
بیانه,1
عرفانه,1
الاول,1
ماوفی,1
حقکبریائه,1
مجتهد,1
ولاجاهد,1
الاخر,1
عتبة,1
الظاهر,1
بهرت,1
آیاته,1
العقول,1
فلایجحده,1
جاحد,1
الباطن,1
وحدانیته,1
قبته,1
ایوانه,1
فراشه,1
میدانه,1
البسیط,1
شاذروانه,1
اکرته,1
صولجانه,1
خازن,1
رضوانه,1
سجنه,1
مالکها,1
سجانه,1
القیامة,1
مجمعه,1
الاکبر,1
مظالمه,1
الاعظم,1
شرا,1
مکیاله,1
میزانه,1
رأفته,1
شمل,1
العاصین,1
غفرانه,1
غاص,1
بحراوصافهکل,1
لسانه,1
جال,1
تقاعس,1
طال,1
جولانه,1
فاحذروا,1
مخالفة,1
شأنه,1
العنایة,1
الازلیة,1
بضاعته,1
انشقاق,1
اشارته,1
یکاد,1
کفروا,1
تعویذه,1
تمیمته,1
همته,1
رتبته,1
مفقوده,1
العقبی,1
موجوده,1
معبوده,1
المعبوده,1
مقصوده,1
عاصمه,1
خادمه,1
البراق,1
مرکبه,1
المعراج,1
سفرته,1
سدره,1
المنتهی,1
مقامه,1
مطلبه,1
مرامه,1
عاشقة,1
مستهامه,1
عدله,1
حسامه,1
ذوالنورین,1
ختنه,1
امامه,1
شجاعه,1
صمصامه,1
رضوان,1
سلامه,1
ذاتت,1
توحیدمان,1
سابقهٔ,1
لاحقهٔ,1
نهادهای,1
ناشکری,1
تاراج,1
برمگیر,1
تکاپوی,1
مکرها,1
میاندیشد,1
برکشد,1
دشمنکام,1
رفیع,1
علیهکمر,1
ایستاده,1
زمرۀ,1
بسلامتگذراند,1
مهربانگردان,1
ستاری,1
زیانی,1
عذابکردن,1
مجرمان,1
سودی,1
جگرهایکبابگشته,1
ازتاب,1
توانیکرد,1
عتابکه,1
فرمایی,1
سزاوار,1
آنیم,1
ندانیم,1
چارهگر,1
آوارگان,1
عامتکه,1
توحیدکرده,1
آلایش,1
آرایشگردان,1
خلف,1
سلف,1
بکام,1
مقهور,1
نیرات,1
درخشان,1
گدای,1
سلاطین,1
زکات,1
منصور,1
واقفکردی,1
بیخودگردان,1
بادۀ,1
دهای,1
لاف,1
شرابیکه,1
ذرات,1
ریز,1
باده,1
رطلی,1
چاشنئی,1
نبایست,1
بگشادی,1
نورش,1
پرکرده,1
میآورندکه,1
قحطی,1
افتاده_بود,1
درمکه,1
آمدندکه,1
بایستیکه,1
بجنبانیدی,1
تقاضاکردیکه,1
قحط,1
خطهٔ,1
عبدالمطلبگفت,1
عدن,1
عدنان,1
ناف,1
مناف,1
گذرکرده,1
ودیعت,1
ایمنه,1
سرپد,1
خواهیم_، ,1
برآرید,1
بیاوردند,1
درصدر,1
نشاند,1
مینشانی,1
بصورت,1
نشستهام,1
غلغله,1
میشنومکه,1
بنواخت,1
مینوازند,1
خانهٔکعبه,1
برمیانداخت,1
براندازند,1
وگریه,1
دایهٔ,1
بجنبید,1
بخاری,1
برآمد,1
ابر,1
باریدنگرفت,1
چاهها,1
وگردابها,1
نباتها,1
طفولیتکافران,1
شفاعتکردنگیرد,1
پایانکی,1
داردکه,1
مومنان,1
عقوبت,1
مهترکه,1
همج,1
ارتعوافی,1
حلق,1
الرتوع,1
الرغبة,1
تکتب,1
قط,1
رسولکاینات,1
مردگی,1
وگرما,1
مرده_است,1
اشارتکند,1
برگیر,1
عذری,1
رنجی,1
نگویند,1
دستیکه,1
نکندکه,1
سرماست,1
یاگرماست,1
آدمئیکه,1
نیابدکه,1
اثرگرمای,1
سرمای,1
بستانها,1
سازند,1
شبکسی,1
پنداردکه,1
پاسبان,1
میدارد,1
خودکسی,1
دانندکهکسی,1
ینظرون,1
الیک,1
درآیی,1
بنگری,1
فراخ,1
حوال,1
ظاهرهاشان,1
باطنشان,1
نعوذبالله,1
العملکفاره,1
صالح,1
پاککند,1
بدکرد,1
دشمناذگیکرد,1
خشمی,1
بزنم,1
زندانکنم,1
نیکوییکرد,1
خدمتکرد,1
جنگکرد,1
وگفتی,1
آزردن,1
خطاکهکرده,1
خواستنگرفتی,1
طاعتها,1
آموخت,1
بیماریها,1
جوشنها,1
زرهها,1
سرپها,1
نیزۀگناهان,1
شمشیرگرکه,1
سرپگرکه,1
تراش,1
زرهگر,1
مرو,1
دیگرچه,1
آخرت,1
قلاوزرا,1
علتهای,1
بیمار,1
فدا,1
منت,1
داروکسی,1
دردی,1
چهکند,1
می‌ارزد,1
شنیدیکه,1
عیادت,1
دندانی,1
حزین,1
چوکوه,1
پولادست,1
فارغی,1
چشیده_باشد,1
افتاده_باشد,1
ازمیان,1
سیبستان,1
خارستانگرفتار,1
شده_باشد,1
حوا,1
خورده,1
بوستانی,1
خاکدانی,1
سالگریان,1
میگردد,1
میگرید,1
هندستان,1
عقاقیر,1
گناهکاران,1
خودنبودی,1
درحقیقت,1
وآتش,1
سوزد,1
نسوزد,1
رویکه,1
دیده‌ای,1
مصیبت,1
رسیدهای,1
فرهاد,1
میسوز,1
میگداز,1
بریدهای,1
بعضیگویند,1
آنگریدکه,1
همخانهٔ,1
میگریدکه,1
رفته_است,1
شبهای,1
دانیکه,1
چونگذرد,1
پرسید,1
طاس,1
زحل,1
میدرخشید,1
نسر,1
طایرگردهامونگردون,1
میگردید,1
لاله,1
راغ,1
میتافت,1
زهرۀ,1
جوزا,1
برکارگاه,1
ثریا,1
چگلی,1
میبافت,1
بگسترانیدی,1
عجمی,1
بودهکه,1
چیزکی,1
درآمدی,1
تهی,1
عرق,1
جبین,1
تشویر,1
آوردهای,1
حبیبگفتیکه,1
استادم,1
وکارفرمایم,1
آدینهکرده,1
می‌ماندند,1
رخشان,1
قیرگون,1
برزد,1
خجالتکنجی,1
می‌نالید,1
درماندگان,1
امیدکرم,1
چندانی,1
وگندمگوسفندان,1
تختهای,1
فرستادکه,1
نمیگنجید,1
ماندندکه,1
ازکجاست,1
آرندگان,1
کارفرمای,1
ماحضری,1
می‌کنید,1
خزینه,1
می‌کشیدند,1
اندازۀکرم,1
میکرده,1
لطفت,1
پیوست,1
نشد,1
بازگشت,1
بهانه‌ای,1
دویدند,1
می‌افتادند,1
زهیکریمیکه,1
اوگزیدی,1
اوکردی,1
بخشایندهکه,1
انار,1
پرگوهرکرد,1
برنمیتابد,1
میبایدکرد,1
برمی,1
شمردند,1
میپنداردکه,1
می‌دهد,1
گریختی,1
مدارید,1
ازگوشهٔ,1
بیگوشه,1
آوازیکه,1
آوازهای,1
خروشانند,1
زنانند,1
ربناگویانند,1
آنکرامت,1
عطای,1
قدوس,1
استهزا,1
زرها,1
وگوهرها,1
جامهها,1
شمعکه,1
فرستادیم,1
حاشا,1
ازکرم,1
استخوانی,1
سگان,1
خصومتگر,1
بیشین,1
بدگمان,1
برنیاورند,1
آنگاویکه,1
آوردهاندکه,1
ساحلی,1
ساحلها,1
تعالیگاوی,1
آفریده,1
بهکنار,1
آنگیاهکهگاو,1
اوگم,1
درافتد,1
جوع,1
البقر,1
خورده_باشد,1
فربه,1
نظرکند,1
خودگوید,1
چندینگیاه,1
ببایست,1
پرکردم,1
خورم,1
آهکند,1
بخوردکه,1
لاغر,1
دریادش,1
نیایدکه,1
خوردهام,1
بهرزه,1
خلافگمان,1
تازهگردانید,1
قادریکه,1
اولیای,1
آشکاراکرد,1
قهاریکه,1
اعدای,1
پیداکرد,1
آنکریمیکه,1
سیادت,1
پوشانید,1
عادلیکه,1
نگوساری,1
بارانید,1
نبی,1
مراکه,1
آفریدگارم,1
هرکنجی,1
صدهزارگنج,1
ناگنجی,1
نامحرمان,1
خواهیم_برگزینیم,1
غیبگردانیم,1
نثارکنیم,1
لطایف,1
ایثارکنیم,1
دثار,1
ویگردانیم,1
تاکلام,1
نامخلوق,1
ازوی,1
هدی,1
للمتقین,1
یؤمنون,1
بالغیب,1
بهگنج,1
آلاء,1
نعما,1
غریق,1
سراپردۀ,1
ازکاس,1
ثریاکشیده,1
الابرار,1
نعیم,1
برگزیدنکس,1
اعتراضی,1
خواهم_بردارم,1
خواهم_فروگذارم,1
عیبهٔ,1
عیبگردانیم,1
کشیم,1
عسلکسل,1
شرابخانهٔ,1
اللعنه,1
مینوشدکه,1
الفجار,1
جحیم,1
بابیکه,1
ایشانگرد,1
باب,1
وصلی,1
ریب,1
سالکی,1
فرع,1
بایدکه,1
طرار,1
خودپرست,1
منگویکه,1
عون,1
آهنگ,1
نهنگ,1
بگریزد,1
متین,1
آویزد,1
واعتصموا,1
بحبل,1
اینکلمه,1
ازگفتهٔ,1
نسازدکه,1
فذلک,1
حرمان,1
جریدۀ,1
جریمهٔ,1
آیتکه,1
فخسفنا,1
بداره,1
باکی,1
ناپاکی,1
حطام,1
ستام,1
چربی,1
طعمهٔ,1
ساختند,1
حطب,1
کالانعام,1
اضل,1
سواء,1
ءانذرتهم,1
تنذرهم,1
لایؤمنون,1
یالیتنیکنت,1
ترابا,1
معاصی,1
رویگردانیدند,1
ردکردند,1
عابد,1
خوانند,1
خبرند,1
بانفاق,1
آشنا,1
گشتهاند,1
سالوسی,1
فمثلهکمثل,1
الکلب,1
فروغ,1
شرع,1
سنة,1
سیئة,1
وزرها,1
وزرمن,1
بها,1
جزا,1
بعضها,1
دنیاکامی,1
عقبیکام,1
مفلسان,1
مخلصان,1
میآیند,1
همیگویندکه,1
انظرونانقتبس,1
نورکم,1
ارجعوا,1
ورائکم,1
فالتمسوانورا,1
خودپرستانند,1
برسید,1
شریعتگوید,1
افرایت,1
اتخذ,1
الهه,1
هواه,1
اضله,1
الایه,1
جهانی,1
مشام,1
قهرکردند,1
اعلی,1
مطلب,1
ایشانگردد,1
تشتهیه,1
الانفس,1
اینگروه,1
نفسگذشتند,1
میراث,1
ابلهی,1
بردندکه,1
خبرکرده,1
البله,1
بقا,1
حقند,1
افتادهاند,1
احدیت,1
وگاه,1
نیستکمال,1
صمدیت,1
بماندند,1
انبیااند,1
معارفه,1
لطائفه,1
المقدس,1
الاضداد,1
الأشکال,1
الأندادو,1
الأمثال,1
المتعالی,1
مقلب,1
مصرف,1
الدهور,1
محول,1
الاحوال,1
لایقال,1
والی,1
فاطلاق,1
العبارة,1
محال,1
ابدا,1
اقتداء,1
لامثال,1
وذریته,1
الطین,1
الصلصال,1
فمنهم,1
للنعیم,1
للجحیم,1
للابعاد,1
للوصال,1
شربة,1
الادبار,1
منکسی,1
ثیاب,1
الاقبال,1
قطع,1
الالسنة,1
الاعتراض,1
المقال,1
لایسئل,1
یفعل,1
یسئلون,1
الممارات,1
الجدال,1
للخلق,1
التعرض,1
معدوما,1
یتلاشی,1
یسیر,1
تری,1
تحسبها,1
جامدة,1
تمر,1
السحاب,1
اتقنکل,1
شیء,1
الاهو,1
الکبیر,1
المتعال,1
الجهال,1
غلبة,1
الکفر,1
الاضلال,1
فنصح,1
لأمته,1
بالقول,1
الفعال,1
اوضح,1
مناهج,1
الحلال,1
جاهد,1
علیکل,1
عاد,1
کالآل,1
فاعتدل,1
سعیه‌ای,1
اعتدال,1
آل,1
صاحبه,1
المنفق,1
علیهکثیر,1
الخاض,1
طاعته,1
غمرات,1
الاهوال,1
المواصل,1
لتلاوة,1
الغدو,1
الآصال,1
طالبکاسرالاصنام,1
قاتل,1
الابطال,1
مارتعت,1
بصحصحها,1
غفرالزال,1
ضوء,1
الحندس,1
بیض,1
الذبال,1
دائمه,1
بالتضرع,1
الابتهال,1
پرورنده,1
پرورکه,1
پروری,1
مرپور,1
میپروری,1
مثالگاو,1
آخری,1
پروریکه,1
پرورند,1
جهتگوشت,1
چینهٔ,1
پرور,1
پریدن,1
جهتگلوبریدن,1
بازیگر,1
بازان,1
خیالات,1
استارگان,1
لعبتان,1
سیارات,1
میآرد,1
برگرد,1
مستغرق,1
شدهایم,1
میبریم,1
برسد,1
هنگامهٔ,1
پیش‌تر,1
سردگردان,1
بهنگام,1
آییم,1
تشنهٔ,1
چندکه,1
قلاوزان,1
شناسان,1
گذرید,1
نمیرد,1
وهرگلکه,1
آنگل,1
نریزد,1
ممات,1
میرد,1
نمیبینیکه,1
بندگانکم,1
عمرترند,1
بیشکشید,1
اینکگل,1
نگرکه,1
سیراب‌تر,1
خندان‌تر,1
ریزد,1
نادرکسی,1
وکمکسی,1
بودکهکسیکرد,1
آبه,1
ناکسان,1
بگذاشت,1
نادرکسانگردان,1
آبهٔ,1
شورابه,1
برسر,1
چشمه,1
نمیریم,1
ابوذر,1
سألت,1
بالموتکیف,1
بالنار,1
یضحک,1
بالحساب,1
السیئات,1
بزوال,1
تقلبها,1
باهلها,1
یجمعها,1
یطمئن,1
ابوذرکه,1
چاکران,1
مستفیدان,1
عتبهٔ,1
فتوت,1
دایرۀ,1
ثمرۀ,1
شجرۀ,1
طغراکش,1
ولسوف,1
یعطیک,1
فترضی,1
رایض,1
براق,1
اسری,1
برگذرنده,1
قدمش,1
اشارتکنان,1
وکان,1
ابوذرگفتکه,1
حجرة,1
المصلی,1
یناجی,1
آمده_بود,1
دعاء,1
بعدکل,1
مستجابه,1
برتخت,1
اناسید,1
ولد,1
متکای,1
تکیه,1
مهاجر,1
مستغفرین,1
بالاسحار,1
قائمون,1
باللیل,1
صائمون,1
بالنهار,1
بهگردش,1
صدیق,1
میسفت,1
فاروق,1
لحد,1
مرتضی,1
رضا,1
ارحنایا,1
صهیب,1
صهبای,1
درمیکشید,1
منکه,1
ابوذرم,1
ذرهگشته,1
انبساط,1
بگشادم,1
وگفتم,1
موسیکه,1
سلوت,1
انیس,1
قفل,1
سکوت,1
حی,1
حقهٔ,1
درکات,1
واعوانش,1
بوتهٔ,1
ابتلا,1
میخندد,1
مهترا,1
فایدۀ,1
بهکران,1
ناساخته,1
سؤالگور,1
ناکرده,1
چگونهگزافکاری,1
چهارم,1
بیوفایی,1
عزیزان,1
مقریان,1
ذائقة,1
رغبت,1
وگور,1
وکفن,1
میچشد,1
دوستانش,1
چشیدهاند,1
تلخی,1
نچشیده_است,1
ندیده_است,1
شناسد,1
جهدکنکه,1
ندم,1
نهی,1
تیزتر,1
برانی,1
نظارۀ,1
درگذری,1
نگشایی,1
جاروب,1
بروبی,1
شاهزاده,1
فراش,1
خاصان,1
میروبد,1
ازراه,1
دورافتی,1
کفرآن,1
ازدوست,1
وامانی,1
خاشاکی,1
فراشی,1
بست,1
چولااز,1
انسانی,1
فکندت,1
حیرت,1
جزکلام,1
مشنو,1
رهگذری,1
برگل,1
فکندم,1
بیخبری,1
بتم,1
شرمت,1
رخسار,1
درگل,1
اسبغ,1
فینا,1
طائرة,1
مطار,1
امتثال,1
امره,1
زجرها,1
بنهیه,1
فانزجرت,1
بزجره,1
العاشقین,1
سکره,1
الهمها,1
ادامة,1
تفتر,1
أری,1
المبتلی,1
بلائه,1
فاستعذب,1
مرارة,1
نصب,1
للغنی,1
لیستدل,1
وجوب,1
حمه,1
شکره,1
جعلکل,1
احبائه,1
مقرا,1
بمحبته,1
مستقرة,1
سویدائه,1
حبته,1
توحیده,1
ألهم,1
الارواح,1
بالارتیاح,1
بحبوبة,1
جنته,1
الاشتیاق,1
نظره,1
رؤیته,1
شهادة,1
تؤمن,1
قائلها,1
عذابه,1
سطوته,1
نسخ,1
الشرایع,1
المتقدمه,1
بشریعته,1
رسالة,1
برسالته,1
عترته,1
الخلفاء,1
الراشدین,1
عقیدته,1
بقضیته,1
نورالله,1
سیرته,1
الحسین,1
خصصهما,1
بقربه,1
اتباعه,1
صحابته,1
البصری,1
حدثنی,1
جماعةکلهم,1
سمعوا,1
الحدیث,1
یقول,1
اقعد,1
فقعد,1
قم,1
فقام,1
فاقبل,1
فادبر,1
تکلم,1
فتکلم,1
انصت,1
فانصت,1
فنظر,1
انصرف,1
فانصرف,1
افهم,1
ففهم,1
وعزتی,1
جلالی,1
عظمتی,1
کبریائی,1
سلطانی,1
جبروتی,1
ارتفاع,1
مکانی,1
استوائی,1
عرشی,1
خلقا,1
اعبد,1
اطاع,1
اعطی,1
اعاتب,1
الثواب,1
العقاب,1
سفیر,1
معلی,1
بینات,1
بیپایان,1
قیاس,1
جعلناله,1
یمشی,1
حدایق,1
کاشف,1
رموز,1
توقیع,1
اعطیناک,1
الکوثر,1
مجتهدان,1
املا,1
ناظر,1
بصیر,1
سمیع,1
زندهایکه,1
قیومیکه,1
محتاجان,1
شتابند,1
قهاریکهگردن,1
غل,1
جعلنا,1
اعناقهم,1
اغلالا,1
رگ,1
لقطعنامنه,1
الوتین,1
شکسته_است,1
قندیل,1
مهین,1
سینین,1
امیر,1
وهذا,1
البلد,1
الامین,1
خلیفهٔ,1
خوشخوست,1
لاهوالاهوست,1
عقلکیست,1
صفوت,1
نشین,1
انبارداران,1
مزرعة,1
الاخرة,1
خوشه,1
مشرحکند,1
گرهگشای,1
عقدههای,1
مشاطهٔ,1
مضمرات,1
معضلات,1
فالق,1
الاصباحکه,1
رمزی,1
ازکتم,1
سعود,1
ضیاگرفت,1
لطایفها,1
غرایبهاکه,1
ضمیر,1
پیداکند,1
جداکند,1
محکی,1
بهگواهی,1
محک,1
موهبت,1
وهنگ,1
هجده,1
بیگواهی,1
دکانها,1
بازارها,1
ترازوهای,1
ارزد,1
ملایکه,1
الاله,1
معلوم,1
پریان,1
الصالحون,1
تلک,1
فضلنا,1
بعضهم,1
ظاهرتر,1
عالمکه,1
قرینکرد,1
نشاندکه,1
برسنجد,1
بدانندکه,1
درجه,1
مقارنه,1
محیط‌تر,1
ترازوست,1
بیانکردکه,1
رفعها,1
لاتطغوا,1
بلندتر,1
تواضع,1
وضعها,1
ازعالم,1
سبکساران,1
عقلان,1
بنمایم,1
عقلی,1
راگوهری,1
وگرانیی,1
ثباتی,1
تمکینی,1
بلرزی,1
اگرکوهی,1
نیرزی,1
گرانی,1
پوستید,1
جسمید,1
وگلید,1
نغز,1
حالکنید,1
همهگیاهها,1
سنبلهایگندم,1
جوز,1
باقلی,1
وگیاهها,1
میرویندکه,1
مردمگرما,1
ازتخت,1
میانگل,1
آبکه,1
خودکشیدن,1
قدرتکه,1
وگیاه,1
آمیخته,1
فرستادهاندکه,1
اگرجگر,1
بچش,1
نشستکه,1
علمنا,1
منطق,1
اوستکه,1
بگستراند,1
ظلمیکهکافر,1
خزان,1
ساکنان,1
رانده,1
خوبرویان,1
فعلان,1
بستاند,1
نباتی,1
زبانی,1
دعویکه,1
سنبل,1
گواه,1
بهارگفت,1
انواع,1
نباتکه,1
دهانهاگشادهاید,1
جنبانیدیت,1
معنوی,1
مدعی,1
ترازوکدام,1
برگیکه,1
سنبلهای,1
قیمتی,1
قامتی,1
وگوهر,1
آشکاراکند,1
درختی,1
وگوهری,1
نمایدکه,1
باسره,1
شیرینی,1
بنمایدکه,1
مسفره,1
ضاحکه,1
مستبشره,1
معنیی,1
میخوردند,1
پرهیز,1
خودگوهری,1
می‌دیدندکه,1
نمیدیدند,1
میگفتندکه,1
دریغکه,1
موزونیها,1
خوبیها,1
جناب,1
عنایتها,1
بیخهای,1
بازاری,1
بنمودیمی,1
نغزی,1
میآمدکه,1
برکار,1
حاصلکنید,1
مباشید,1
مترسیدکه,1
نماندکه,1
میوهها,1
خزینهٔ,1
نهادیم,1
خوبیهاکه,1
میبینید,1
میتافتند,1
میشتافتند,1
پیشهوری,1
استادکاری,1
زرگری,1
سیمیاگری,1
وکیمیاگری,1
وران,1
عالمان,1
محققانکه,1
آشکاراکنند,1
نهادهایمکه,1
بیقرار,1
شدهاند,1
نوبالغ,1
خانهها,1
می‌آرایند,1
بدرانند,1
دلگیر,1
هنرمندانکه,1
میجوشند,1
وکمال,1
دکانی,1
میطلبند,1
پیداکنند,1
دنبهای,1
صیادی,1
ازکشتزار,1
نروید,1
عالمکشتزار,1
آدمیکه,1
آنجاگوشت,1
روید,1
همتها,1
صفات,1
سؤالکرد,1
زمانیکه,1
تاختن,1
وحیران,1
عالمیم,1
شهرما,1
اینکان,1
نقدۀ,1
طراران,1
چنینگوهر,1
نفیس,1
خسیس,1
بردن,1
کنت,1
کنزا,1
فاحببت,1
بشناسند,1
موسیگفت,1
اهلگنج,1
میشناختند,1
الورد,1
الاحمر,1
عرقی,1
رخسارگل,1
خوشعذار,1
سرمست,1
نطقش,1
نوایگوناگون,1
نسراید,1
پردهکه,1
مغنی,1
مطرب,1
تعلیمکردی,1
مادرکه,1
زاییدم,1
اوستادزایند,1
نر,1
مادۀ,1
نزاییدهام,1
مادرعشقگل,1
زاییدهام,1
امیم,1
نانویسنده,1
ناخواننده,1
بنویسد,1
وگذشته,1
نابودو,1
ناآمده,1
جانورست,1
نابوده,1
دگرست,1
پدری,1
خط,1
آموزند,1
شقاوت,1
حوران,1
شرحکردی,1
حکایتکردی,1
منقرض,1
آخرابد,1
درسگفتی,1
ازکه,1
معلم,1
تعلیمکردکه,1
بایستی,1
آموختن,1
نتوانستمی,1
حاصلکردن,1
بیاموختمی,1
آموخته,1
تقلیدی,1
مقالید,1
همهکس,1
عقلش,1
بینائیش,1
دستش,1
عطایش,1
سینهاش,1
منورش,1
شمشیریش,1
شمشیرگذاریش,1
محرابی,1
قندیلکنند,1
روشنائیی,1
درختکنند,1
بیفشانی,1
فرونیاید,1
بیفایده,1
اگرکسی,1
جمعیت,1
دیوارهای,1
بیندو,1
تجمل,1
مغنیان,1
رقاصان,1
آنجاکه,1
فهمکندکه,1
شهرهاست,1
زیباست,1
دارندکه,1
کرده‌اند,1
افتدکه,1
چیزها,1
درگور,1
برآرد,1
حذرکنید,1
خیزید,1
سفرکنید,1
جانکمال,1
مختصرکنید,1
سفه,1
دلتان,1
سم,1
خرکنید,1
روحهای,1
تودههای,1
تاکی,1
مستقرکنید,1
دمامهٔ,1
برکنید,1
نادیده,1
حقیقتها,1
دروغیگویند,1
آنگویندکه,1
شنونده,1
قبولکندکه,1
بداند,1
خرجکردندکه,1
نقرۀ,1
وقتیگیردکه,1
خیالی,1
صورتها,1
خیالهاکه,1
میشوند,1
چندهزارکس,1
رازهاگفتی,1
بروبرگورستان,1
سنگهای,1
لحدبرگیر,1
کلوخهاشان,1
میبین,1
دانکه,1
نقشهای,1
کجایند,1
آنکساند,1
توستکه,1
بدم,1
تربیتهای,1
تاکوتاهکنیم,1
رویمکه,1
غوطه,1
میخوریم,1
میگوییم,1
انداختی,1
چراکردی,1
رحمتهای,1
رحیمان,1
کنتکنزا,1
ببینندکه,1
حیاتم,1
کیمیای,1
سعاداتم,1
ماکه,1
دریاییم,1
اکسیرپذیر,1
نهایتیم,1
عرضهکردیم,1
نشنیدند,1
وندیدند,1
ندانستند,1
اینگنج,1
غربت,1
باکه,1
چفسیده,1
بدانگرمی,1
جانسپاری,1
ناله,1
خونابه,1
نباشدکه,1
ماهییکه,1
مدتهای,1
خاکگرم,1
سوزان,1
میطپدکه,1
ولایحیی,1
میگذاردکه,1
یابدکسیکه,1
زیستن,1
مردن,1
زعفران,1
اومید,1
مینکند,1
ورنی,1
رایگان,1
ولاتقتلوا,1
انفسکم,1
اللهکان,1
رحیما,1
حکمتی,1
همتی,1
پروردگی,1
همتشان,1
احسب,1
یترکوا,1
یقولوا,1
آمنا,1
لایفتنون,1
ماهیی,1
پاکان,1
دوربینی,1
ندانیکه,1
مسئلهای,1
کهگرگ,1
بچهای,1
آهوگیریم,1
علماست,1
قولها,1
مدرسه,1
بحثکردن,1
بندگیاه,1
مشتی,1
بهگیاه,1
آبیکه,1
اندرکند,1
پلید,1
زیراگرگ,1
صحرایی,1
خاککدام,1
دنیاکه,1
داده_است,1
خواهی_عاقبت,1
بنگرکه,1
دانستیکه,1
نهای,1
غذایی,1
بجو,1
امیری,1
خواجگیکه,1
همینکه,1
ازگرسنگی,1
بوده_است,1
محترم,1
منصب,1
فراوان,1
اژدهایی,1
مخالفان,1
بدند,1
مارگشته,1
زمانشان,1
اژدها,1
ار,1
ماهیاند,1
راستشان,1
می‌کشد,1
میخواهیم,1
طرفه,1
معجونی,1
دونی,1
مجاهدهکرد,1
راستکه,1
فأقبل,1
فأدبر,1
خطابکرد,1
بدوگفت,1
بگردان,1
بردارم,1
روآوردن,1
نبینیکه,1
آدمکنید,1
سالها,1
نمییافتند,1
همکاسه,1
حقگردانیدن,1
روکردن,1
بظاهر,1
الاچون,1
امرکرد,1
درنگریست,1
مؤمنکه,1
مارست,1
ایاک,1
نعبد,1
وایاک,1
نستعین,1
ماکردهای,1
ازکافران,1
خراج,1
ستانند,1
صفتکه,1
سببکه,1
تعلق,1
مشوکه,1
مغرورکرد,1
بازداشت,1
چوبین,1
کوشدکه,1
بندگوهرین,1
اوگوهر,1
قطرهکه,1
ذاهب,1
توکلی,1
حسبی,1
الله,1.0
دل,0.6
<PIL.Image.Image image mode=RGB size=1600x800 at 0x7F517BA16C50>
